company	title	job	detail_text	detail_img	detail	etc_info	company_info	url
엑센솔루션	제조/공공 부문 AX 솔루션 - 풀스택 / 백엔드 개발자	['소프트웨어', '개발']	"




엑센솔루션


제조/공공 부문 AX 솔루션 - 풀스택 / 백엔드 개발자




1. 기업 개요 (Company Overview)주식회사 엑센솔루션은 2000년 1월에 설립되어, 제조 현장의 디지털 전환(DX)부터 지능형 공장(AX) 실현까지 고객의 가치를 높이는 최적의 IT 솔루션을 제공하는 혁신 선도 기업입니다. 인공지능 기반 제조 혁신을 이끄는 `AI 팩토리 전문기업`이자 기술혁신형 중소기업(INNO-BIZ)으로서, 38건의 지적재산권과 300건 이상의 스마트 팩토리 구축, 20건 이상의 제조 AX 솔루션 구축 실적을 보유하고 있습니다.2. 기업 비전 (Vision)""제조 및 공공 부문의 성공적인 디지털 전환(DX)을 넘어, 완벽한 인공지능 전환(AX)을 실현하는 글로벌 혁신 파트너""엑센솔루션은 제조 현장의 디지털 전환(DX)부터 지능형 공장(AX) 실현까지 고객의 가치를 높이는 최적의 IT 솔루션을 제공합니다. 축적된 스마트 팩토리 및 스마트 빌딩 구축 역량을 바탕으로, 단순한 데이터 수집과 자동화(DX)를 넘어 실시간 판단과 제어가 가능한 통합 신경망 플랫폼 기반의 지능화(AX)를 완성합니다.특히, 제조 및 공공 분야의 R&D 국책 사업 기획과 수행 경험을 토대로, 공공 인프라의 스마트화와 다품종 제조 현장의 품질 및 안전망(XN4LAB Safety)을 동시에 혁신합니다. 온디바이스 AI 및 에지 컴퓨팅 기반의 현장 최적화 기술과 글로벌 표준(AAS)에 입각한 디지털 트윈 상호운용성을 통해, 국가 핵심 산업의 경쟁력을 제고하고 지속 가능한 미래 융합 생태계를 이끄는 선도 기업으로 도약하겠습니다.3. 핵심 사업 영역 (Core Business Areas)Smart Factory & AX (제조 공정 지능화):뿌리산업인 PCB를 비롯해 프레스 가공, 사출·주조, SMT 등 다양한 제조업에 특화된 맞춤형 스마트 팩토리 솔루션(MES, QMS, CMMS)을 공급합니다.통합 제조 솔루션 개발 프레임워크인 `XN e-Works Platform`을 기반으로 시스템을 구축하며 생산성 향상과 품질 혁신을 지원합니다.통합 제조AX 플랫폼인 XN4LAB을 통해 DataOps 및 MLOps 기반의 데이터 파이프라인 자동화와 AI 모델 운영을 지원합니다.디지털 트윈(Digital Twin)을 통한 실시간 동기화 및 AX Edge를 활용한 이기종 설비 인터페이스 통합으로 엣지 컴퓨팅 기반의 강력한 제조 AI 환경을 제공합니다.공정 내 설비 이상 및 품질 예측을 넘어, 독자적인 산업 안전 및 품질 제어 브랜드인 XN4LAB Safety를 통해 고도화된 현장 안전 관리를 구현합니다.Smart Building (스마트 빌딩 및 인프라):빌딩의 설비 자산 및 에너지 효율 극대화를 위한 통합 관리 시스템(CMMS, BEMS, 통합 SI)을 구축합니다.시설물 예방정비를 위한 visual FACILITY, 에너지 분석 및 제어를 위한 visual ENERGY, 방문자 및 공간 관리를 지원하는 솔루션 라인업을 보유하고 있습니다.하부 자동제어 시스템(기계설비, 전력, 조명, 출입통제 등)을 통합하는 visual iCON(통합관제 솔루션)을 통해 하나금융그룹 데이터센터, 고양 삼송 데이터센터, 여수엑스포 등 대규모 랜드마크의 인프라를 성공적으로 구축해왔습니다.R&D 및 기술 표준화 선도:산업통상자원부, 과학기술정보통신부 등 정부 부처 산하 기관과 협력하여 제조 및 공공 분야의 R&D 국책 사업을 활발히 기획하고 수행합니다.뿌리산업 제조현장 고령화 문제 해결을 위한 비대면 지식전수 서비스 기술 개발, 5G 기반 인프라 실증 등 선도적인 연구개발을 지속하고 있습니다.







포지션 및 자격요건







- 풀스택  / 백엔드 개발자( ○명 ) 







담당업무
- XN4LAB(제조 AX) 인프라 솔루션 제품군 개발- 정부지원 R&D 사업 POC 진행 ( 온디바이스 AI 비전  검사 등)- React(F/E), Java Spring/Python(B/E) 기반 AI 서비스 플랫폼 개발- RESTful API 및 다양한 외부 인터페이스 개발

스킬
- 제조/공공 AX 솔루션 이해, 데이터 인프라 이해, 정부지원 사업 프로세스 이해

핵심역량
- 계획성,
성실성, 꼼꼼함, 윤리의식, 창의성
                                                            

자격요건
- 학력 : 대졸이상
- React, Java Spring, Python 웹 어플리케이션 개발 경력 7년 이상- REST API 설계 및 개발 경험자[우대 사항]- AI 프로젝트 연계(Web 기반 플랫폼) 솔루션 개발 경험자- SaaS 및 온프레미스 환경 인프라 개발 경험자
우대사항
- 전공 : 컴퓨터공학과, 산업공학



















전형절차
ㆍ서류전형 > 1차면접 > 임원면접 > 최종합격
ㆍ면접일정은 추후 통보됩니다.













유의사항
ㆍ허위사실이 발견될 경우 채용이 취소될 수 있습니다.









"	[]	모집분야   소프트웨어 개발   모집인원   ○명   고용형태   정규직   (수습 3개월)   직급/직책   급여   회사 내규에 따름 (면접 후 결정)   근무시간   근무지주소   서울 금천구 가산디지털2로 169-16 (가산동) 하우스디가산퍼스타 1207~1214호   인근지하철   주5일(월~금)   09:00 ~ 18:00   탄력근무제	경력7년↑, 대졸↑, 서울 금천구, 정규직, 과장~차장급 외	{'basic_info': {'산업': '응용 소프트웨어 개발 및 공급업', '사원수': '45명 | (2022.04.06)', '기업구분': '중소기업', '설립일': '2000.01.11 | (27년차)', '자본금': '1억 5,000만원 | (2025.12.31)', '매출액': '66억 7천만원 | (2025.12.31)', '대표자': '오세곡', '주요사업': '소프트웨어 개발 및 시스템 통합,기타 주변 기기 제조업,정보통신 공사업,컴퓨터주변기기,기타 산업용 기계 및 장비 임대업,컴퓨터 통신기기 및 산업용 소프트웨', '4대보험': '국민연금, 건강보험, 고용보험, 산재보험', '홈페이지': 'http://www.xnsolution.co.kr', '주소': '서울 금천구 가산디지털2로 169-16 (가산동) 하우스디가산퍼스타 1207~1214호'}, 'financial': {'매출액': {'current_value': '66억 7천만원'}, '영업이익': {'current_value': '2억 4,247만원'}, '당기순이익': {'current_value': '2억 9,478만원'}, '산업 내 위치': {'current_value': None}, '기업등급': {'current_value': None}, '총자산 증가율': {'current_value': '43억 7천만원'}}, 'history': [{'year': '2010', 'month': '09', 'events': ['벤처기업확인(기술보증기금)']}, {'year': '2010', 'month': '08', 'events': ['기술혁신형 중소기업 (INNO-BIZ)확인 (중소기업청)']}, {'year': '2009', 'month': '05', 'events': ['에너지관리 시스템 패키지 Visual Energy 출시']}, {'year': '2009', 'month': '03', 'events': ['기업부설 기술 연구소 설립 (한국산업기술진흥협회)']}, {'year': '2008', 'month': '05', 'events': ['경영혁신형 중소기업 인증']}, {'year': '2004', 'month': '03', 'events': ['제조업 통합 공정관리/설비관리 솔루션 패키지 Visual Factory 출시']}, {'year': '2002', 'month': '03', 'events': ['(주)엑센솔루션으로 법인상호 변경']}, {'year': '2002', 'month': '02', 'events': ['eMES 출시']}, {'year': '2001', 'month': '12', 'events': ['2만 중소 IT화 사업 IT POOL등록']}, {'year': '2001', 'month': '09', 'events': ['Mold-Mes 1.0 출시']}, {'year': '2001', 'month': '03', 'events': ['9M(제조 생산현장관리) + AsPROVA 2.0 출시']}, {'year': '2001', 'month': '02', 'events': ['Web Based 보전관리시스템 Package KM 2000출시']}, {'year': '2000', 'month': '08', 'events': ['Window based 보전관리시스템 Package KM 1.0 출시']}, {'year': '2000', 'month': '01', 'events': ['S/W 개발 및 시스템통합(SI)전문 (주)대부인포테크 설립']}], 'employment': {'recruitments': []}, 'benefits': {'연금·보험': ['국민연금', '고용보험', '산재보험', '건강보험'], '휴무·휴가·행사': ['주5일제', '연차제도', '정기휴가', '경조휴가', '반차제도', '출산휴가', '남성출산휴가', '노동절 휴무', '야유회', '공휴일 휴무', '생일 이벤트', '자유로운 휴가문화'], '보상·수당·지원': ['퇴직금', '경조금', '인센티브', '자기개발 지원', '명절선물/명절상여', '각종 기념일 선물', '성과급', '창립일 선물', '회사 차량 지원'], '사내제도·성장': ['신입 사원 교육', '교육/세미나/스터디'], '사내시설': ['주차장', '탕비실'], '편의·여가·건강': ['휴양시설', '식사 지원', '음료/간식 제공']}, 'location': {'address': '서울 금천구 가산디지털2로 169-16 (가산동) 하우스디가산퍼스타 1207~1214호', 'map_url': 'https://maps.naver.com/?mapMode=0&dlevel=12&pinTitle=%ec%97%91%ec%84%bc%ec%86%94%eb%a3%a8%ec%85%98&lat=37.4830490923691&lng=126.876530728759'}}	https://www.jobkorea.co.kr/Recruit/GI_Read_Comt_Ifrm?Gno=49351411
㈜조인아이티	생보.구매운영/고급/종로/6월중순-12월(년단위)/필수(java,emro)등 상세참	['생명보험사', '구매시스템', '운영']	"




㈜조인아이티


생보.구매운영/고급/종로/6월중순-12월(년단위)/필수(java,emro)등 상세참












포지션 및 자격요건







생명보험사 구매시스템 운영 ( ○명 ) 




생보.구매시스템 운영-. 고급, 종로, 6월중순-12월(년단위)ㅇ요구기술 : Java(필수), 엠로 framework 유경험자(필수),                        시스템 운영 업무 경력자ㅇ 우대사항 : 구매시스템 운영 경력자

 ☞지원_성명_공고명_일반 워드이력서,SKILL INVENTORY,,,경력년수,경력증빙년수,운영단가,투입가능일,사업자여부, 부탁드립니다---.  bearhcw@naver.com  



















전형절차
ㆍ서류전형 > 1차면접 > 2차면접 > 임원면접 > 최종합격
ㆍ면접일정은 추후 통보됩니다.













유의사항
ㆍ허위사실이 발견될 경우 채용이 취소될 수 있습니다.









"	[]	모집분야   생명보험사 구매시스템 운영   모집인원   ○명   고용형태   프리랜서      급여   회사 내규에 따름   근무시간   근무지주소   서울 종로구 종로 129 (종로3가, 1호선종로3가역)    인근지하철   주5일(월~금)   09:00 ~ 18:00	경력9년↑, 학력무관, 서울 종로구, 프리랜서	{'basic_info': {'산업': '응용 소프트웨어 개발 및 공급업', '사원수': '18명 | (2023.03.16)', '기업구분': '중소기업', '설립일': '2007.04.17 | (20년차)', '자본금': '5,000만원 | (2023.12.31)', '매출액': '18억 8천만원 | (2023.12.31)', '대표자': '전준수', '주요사업': '소프트웨어개발,시스템운영및보수', '4대보험': '국민연금, 건강보험, 고용보험, 산재보험', '홈페이지': 'http://-', '주소': '경기 안양시 동안구 관양동 1505-29 신한데뷰오피스텔'}, 'financial': {'매출액': {'current_value': '18억 8천만원'}, '영업이익': {'current_value': '190만원'}, '당기순이익': {'current_value': '496만원'}, '기업등급': {'current_value': None}}, 'history': [{'year': '2012', 'month': '04', 'events': ['회사 이전: 안양 관양동']}, {'year': '2009', 'month': '04', 'events': ['회사 이전: 서울 서초동']}, {'year': '2007', 'month': '12', 'events': ['정보관리실 데이터 운영관리']}, {'year': '2007', 'month': '10', 'events': ['KT BMS 시스템 용역(포스데이타)']}, {'year': '2007', 'month': '09', 'events': ['엔투지 물류시스템 개선(포스데이타)']}, {'year': '2007', 'month': '08', 'events': ['현대제철 일관제철 정보화 기본계획 수립(오토에버시스템즈)']}, {'year': '2007', 'month': '07', 'events': ['하나로텔레콤 코러스 성능개발 용역(포스데이타)']}, {'year': '2007', 'month': '05', 'events': ['현대하이스코 ADM운영 용역(오토에버시스템즈: 아토스 경유)', '한국자산관리공사 SM기술용역 계약(동양시스템즈)', '하나로텔레콤 OSS운영 용역 계약(포스데이타: 아토스 경유)', '엔투지 정보시스템 운영 용역(포스데이타: 아토스 경유)']}, {'year': '2007', 'month': '04', 'events': ['(주)조인아이티 설립']}], 'employment': {'recruitments': []}, 'benefits': {}, 'location': {'address': '경기 안양시 동안구 관양동 1505-29 신한데뷰오피스텔', 'map_url': 'https://maps.naver.com/?mapMode=0&dlevel=12&pinTitle=%e3%88%9c%ec%a1%b0%ec%9d%b8%ec%95%84%ec%9d%b4%ed%8b%b0&lat=37.4062176079408&lng=126.961411510314'}}	https://www.jobkorea.co.kr/Recruit/GI_Read_Comt_Ifrm?Gno=49351363
㈜시스포유	[우수중소기업] 자바 웹프로그래머 채용	['우수중소기업', '자바', '웹프로그래머', '채용']	"




㈜시스포유


[우수중소기업] 웹프로그래머 채용




㈜시스포유는 2006년에 설립된 회사로 자본금 1억원 사원수 20명 규모의 중소기업입니다. 서울시 성동구 성수일로 77, 1408호(성수동1가, 서울숲 IT 밸리)에 위치하고 있으며, 홈페이지 / 소프트웨어·솔루션·ASP사업을 하고 있습니다. 국내 (킨텍스,코엑스,벡스코 등) 전시장/전시 관련 참가사, 참관객 관리 서비스 홈페이지 제작 업체 입니다. 







모집분야 및 자격요건







웹프로그래머 ( 2명 ) 







담당업무
ㆍjava 기반의 자사 서비스 개발ㆍjava spring  mvcㆍRDBMSㆍasp 지원업무

자격요건
ㆍRESTful API 사용자ㆍ프레임워크의 구조 및 MVC에 대한 이해가 있으신 분ㆍRDBMS PROCEDURE 가능자ㆍGit에 대한 이해도가 있으신 분 ㆍjavascript / jquery에 대한 이해와 사용경험이 있으신 분 

우대사항
ㆍPHP or ASP 백엔드 개발관련 지식보유자ㆍLinux 서버 인프라 관리 경험이 있으신분ㆍ컴퓨터공학계열 전공 졸업자 및 졸업예정자 ㆍ적극적이고 자기개발에 대한 의지가 강한 분ㆍ유연하고 긍정적인 사고로 타 팀과 협업하여 소통 할 수 있는 분



















전형절차
ㆍ서류전형 > 1차면접 > 임원면접 > 최종합격
ㆍ면접일정은 추후 통보됩니다.













유의사항ㆍ면접 장소는 서울 성동구 성수일로 77, 1408호(성수동1가, 서울숲 IT 밸리)  입니다. 
ㆍ허위사실이 발견될 경우 채용이 취소될 수 있습니다.









"	[]	모집분야   우수중소기업 자바 웹프로그래머 채용   모집인원   1명   고용형태   정규직   (수습 3개월)   직급/직책      급여   연봉 3,000~5,000만원 (면접 후 결정)   근무시간   근무지주소   서울 강남구 삼성로100길 8 (삼성동, 우경빌딩) 301호   인근지하철   주5일(월~금)   09:30 ~ 18:30	경력3년↑, 학력무관, 서울 강남구, 정규직, 3,000~5,000만원	{'basic_info': {'산업': '솔루션·SI·CRM·ERP', '사원수': '22명 | ', '기업구분': '중소기업', '설립일': '2006.05.11 | (21년차)', '자본금': '1억원 | ', '매출액': '- | ', '대표자': '장상훈', '대졸초임': '3,250만원', '주요사업': '소프트웨어·솔루션·ASP', '4대보험': '국민연금, 건강보험, 고용보험, 산재보험', '홈페이지': 'http://sysforu.co.kr', '주소': '서울 성동구 성수일로 77 (성수동1가, 서울숲IT밸리) 1408호'}, 'financial': {}, 'history': [], 'employment': {'recruitments': []}, 'benefits': {'연금·보험': ['국민연금', '고용보험', '산재보험', '건강보험'], '휴무·휴가·행사': ['주5일제', '연차제도', '정기휴가', '경조휴가']}, 'location': {'address': '서울 성동구 성수일로 77 (성수동1가, 서울숲IT밸리) 1408호', 'map_url': 'https://maps.naver.com/?mapMode=0&dlevel=12&pinTitle=%e3%88%9c%ec%8b%9c%ec%8a%a4%ed%8f%ac%ec%9c%a0&lat=37.5474406684958&lng=127.050351115409'}}	https://www.jobkorea.co.kr/Recruit/GI_Read_Comt_Ifrm?Gno=49351300
위키	건설ERP (자바기반 웹어플리케이션) 추가 개발	['건설ERP', '추가', '개발']	"




위키

   



위키는 2011년에 설립된 회사로 사원수 20명 규모의 기업입니다. 본사는 경기 성남시 분당구 위치하고 있으며 서울 사무소는 강남구 도곡동에 있습니다.기업 ERP, BI, 스마트홈 시스템 구축 및 운영  등의 사업을 하고 있습니다.







포지션 및 자격요건







기업 BI 시스템 구축







담당업무
ㆍ건설ERP (자바기반웹어플리케이션) 추가 개발

스킬
ㆍ자바, 오라클 PL-SQL, 자바스크립트

자격요건
ㆍ학력 : 학력무관
ㆍ경력 : 경력2년 ~ 6년

우대사항
ㆍ건설ERP 구축 유경험자




























전형절차
ㆍ서류전형 > 면접  > 최종합격
ㆍ면접일정은 추후 통보됩니다.













유의사항
ㆍ허위사실이 발견될 경우 채용이 취소될 수 있습니다.









"	[]	모집분야   건설ERP 추가 개발   모집인원   ○명   고용형태   계약직   (근무기간 6개월)   ,    프리랜서   (근무기간 6개월)   직급/직책   급여   회사 내규에 따름 (면접 후 결정)   근무시간   근무지주소   서울 강남구 남부순환로 2718 (도곡동) 201호   인근지하철   주5일(월~금)   08:30 ~ 17:30	경력2년↑, 학력무관, 서울 강남구, 계약직 외, 주임~대리급 외	{'basic_info': {'산업': '솔루션·SI·CRM·ERP', '사원수': '20명 | ', '기업구분': '중소기업', '설립일': '2011.02.15 | (16년차)', '자본금': '1억원 | ', '매출액': '20억 | ', '대표자': '전용백', '주요사업': '기업 ERP 등 시스템 구축 및 운영, 스마트홈 등 기업 앱 구축', '4대보험': '국민연금, 건강보험, 고용보험, 산재보험', '홈페이지': 'http://www.wikey.co.kr', '주소': '경기 성남시 분당구 탄천상로 164 (구미동, 시그마2오피스텔) A동 404호'}, 'financial': {}, 'history': [], 'employment': {'recruitments': []}, 'benefits': {}, 'location': {'address': '경기 성남시 분당구 탄천상로 164 (구미동, 시그마2오피스텔) A동 404호', 'map_url': 'https://maps.naver.com/?mapMode=0&dlevel=12&pinTitle=%ec%9c%84%ed%82%a4&lat=37.3444455485737&lng=127.1054170882'}}	https://www.jobkorea.co.kr/Recruit/GI_Read_Comt_Ifrm?Gno=49351128
㈜신세계까사	신세계까사 온라인UX운영팀(웹개발자) 경력 모집	['신세계까사', '온라인UX운영팀', '웹개발자', '경력', '모집']	"





㈜신세계까사


신세계까사 온라인UX운영팀(웹개발자) 모집




까사미아는 1982년 생활용품전문점으로 출발하여 현재는 가구, 침장, 소품 등 생활공간에 필요한 모든 아이템을
 취급하는 토탈 인테리어 매장을 운영하고 있습니다. 국내에서 최초로 Life Style Store를 전개하며, 지난 32년간
 고객의 Life Cycle에 맞는 공간별 인테리어와 생활의 아이디어를 제안해 오고있습니다. 

토탈인테리어 매장으로써 가구와 침장, 소품 등을 한번에 구입할 수 있는 one stop shopping이 가능하며 아울러 
인테리어를 전혀 모르는 사람들도 매장을 한번만 둘러보는 것만으로도 토탈 인테리어에 대한 감각을 제안받을 수
 있습니다. 전국에 25개의 직영점과 50여개의 대리점등 전국적인 유통망을 구축하고 있으며, 온라인쇼핑몰, 
홈쇼핑등  다양한 비지니스채널을 통하여 까사미아는 항상 신선한 매장과 고객 서비스로 즐거운 생활공간을 
선사하고자 합니다.






유의사항
ㆍ허위사실이 발견될 경우 채용이 취소될 수 있습니다.









"	['//file2.jobkorea.co.kr/Net/Mng/DownImage/CorpEditor?file_No=1752504']	모집분야   신세계까사 온라인UX운영팀 웹개발자 경력 모집   모집인원   1명   고용형태   정규직      급여   회사 내규에 따름 (면접 후 결정)   근무시간   근무지주소   서울 중구 남대문시장10길 2 (회현동1가, MESA) 6층   인근지하철   주5일(월~금)   09:00 ~ 18:00	경력6년↑, 대졸↑, 서울 중구, 정규직	{'basic_info': {'산업': '생활용 가구 도매업', '사원수': '314명 | (2025.12.31)', '기업구분': '대기업', '설립일': '1982.12.05 | (45년차)', '자본금': '47억원 | ', '매출액': '1,710억 | ', '대표자': '김홍극', '주요사업': '일반 가구, 침구 제조 및 도소매 · 실내건축, 인테리어 디자인, 가전제품 등', '4대보험': '국민연금, 건강보험, 고용보험, 산재보험', '홈페이지': 'http://www.guud.com', '주소': '서울 중구 남대문시장10길 2 (회현동1가, MESA) 5층', '계열사': '신세계그룹 (주)신세계푸드 (주)신세계인터내셔날 (주)광주신세계 신세계의정부역사(주) 신세계건설(주) (주)신세계야구단 (주)지마켓 세린식품(주) (주)신세계톰보이 (주)신세계사이먼 (주)신세계아이앤씨 (주)신세계 (주)조선호텔앤리조트 (주)신세계센트럴 서울고속버스터미널(주) (주)에스씨케이컴퍼니 (주)더블유컨셉코리아 (주)신세계엘앤비 (주)인천신세계 (주)이마트24 (주)스타필드하남 (주)이마트 (주)신세계디에프 스무디킹코리아(주) (주)대전신세계 (주)스튜디오329 (주)신세계동대구복합환승센터 (주)스타필드청라 (주)스타필드고양 (주)에스피청주전문투자형사모부동산투자회사 (주)어뮤즈코리아 (주)스타필드안성 (주)스타필드수원 (주)에스에스지닷컴 (주)신세계동서울피에프브이 (주)스타필드창원 (주)신세계라이브쇼핑 (주)신세계프라퍼티 (주)마인드마크 (주)시그나이트 (주)신세계화성 (주)플그림 포항프라이머스프로젝트투자금융(주) 에스피남양주별내피에프브이(주) (주)퍼셀 아폴로코리아(주) (주)에스엠피엠씨 매직플로우(주) 알리익스프레스코리아(유) (주)신세계프라퍼티투자운용 (주)스타필드광주 (주)신세계청담피에프브이 에스이엔씨피닉스제이차(주) 에스이엔씨피닉스제삼차(주) 에스이엔씨피닉스제일차(주) 에스이엔씨피닉스제사차(주) 알리익스프레스코리아홀딩(주) 에이지글로벌홀딩스(주) 코람코제165호일반사모부동산투자회사 (주)에스에스지페이먼츠 (주)에스밸류기업구조조정부동산투자회사 (주)스마일페이먼츠 (주)신세계프라퍼티부동산중개 (주)에스피글로벌디벨롭먼트'}, 'financial': {'매출액': {'current_value': '2,470억 3천만원'}, '영업이익': {'current_value': '-49억 7천만원'}, '당기순이익': {'current_value': '-43억 7천만원'}, '산업 내 위치': {'current_value': None}, '기업등급': {'current_value': None}, '총자산 증가율': {'current_value': '2,354억 5천만원'}, '동종업계 순위': {'current_value': None}}, 'history': [], 'employment': {'recruitments': []}, 'benefits': {}, 'location': {'address': '서울 중구 남대문시장10길 2 (회현동1가, MESA) 5층', 'map_url': 'https://maps.naver.com/?mapMode=0&dlevel=12&pinTitle=%e3%88%9c%ec%8b%a0%ec%84%b8%ea%b3%84%ea%b9%8c%ec%82%ac&lat=37.5603751424997&lng=126.979603646315'}}	https://www.jobkorea.co.kr/Recruit/GI_Read_Comt_Ifrm?Gno=49351029
㈜와이비엠넷	Web 프로그래머 채용 (PHP/Vue.js)	['Web', '프로그래머', '채용', 'PHP/Vue.js']	"




㈜와이비엠넷


Web 프로그래머 채용 (PHP/Vue.js)




㈜와이비엠넷은 2000년에 설립된 회사로 자본금 81억 5,634만원, 매출액 518억 3,436만원, 사원수 345명 규모의 중견기업입니다. 서울 종로구 종로 98 (종로2가, 와이,비,엠종로빌딩)에 위치하고 있으며, 소프트웨어개발 공급, 도서출판사업을 하고 있습니다.







포지션 및 자격요건







Web 프로그래머 채용 PHP/Vue.js ( ○명 ) 



담당업무ㆍ웹사이트 개발 및 유지보수(PHP)스킬ㆍGit, Javascript, PHP, Vue.js, AWS, MSSQL핵심역량ㆍ 성실성, 꼼꼼함, 협동심, 계획성, 성취지향성, 창의성ㆍ 웹프로그래밍 가능한 자(PHP, Vue js)ㆍ 네트워크 및 데이타베이스 관련 기술 경험자ㆍ 기획 및 다른 개발자와 원만한 커뮤니케이션 가능한 자자격요건ㆍ학력 : 대졸이상 (졸업예정자 가능)ㆍ경력 : 신입·경력우대사항ㆍ장애인 및 국가 유공자 자녀 우대ㆍ컴퓨터 프로그래밍 관련학과 전공자ㆍ프로그램 전문교육기관 수료자ㆍ정보처리기사 자격증 보유자

















전형절차
ㆍ서류전형 > 1차면접 > 임원면접 > 최종합격
ㆍ면접일정은 추후 통보됩니다.













유의사항
ㆍ허위사실이 발견될 경우 채용이 취소될 수 있습니다.









"	[]	모집분야   Web 프로그래머 채용 PHP/Vue.js   모집인원   ○명   고용형태   정규직   (수습 3개월)   직급/직책   급여   회사 내규에 따름 (면접 후 결정)   근무시간   근무지주소   서울 종로구 종로 98 (종로2가, 와이,비,엠종로빌딩)    인근지하철   주5일(월~금)   09:00 ~ 18:00   탄력근무제	신입·경력, 대졸↑, 서울 종로구, 정규직, 사원급 외	"{'basic_info': {'산업': '기타 교육지원 서비스업', '사원수': '345명 | (2025.12.31)', '기업구분': '중견기업', '설립일': '2000.06.07 | (27년차)', '자본금': '81억 5천만원 | (2025.12.31)', '매출액': '518억 3천만원 | (2025.12.31)', '대표자': '김종익', '대졸초임': '3,000만원', '주요사업': '온라인교육(어학,IT,취업,한국어,직무역량개발) 사업,영어 프랜차이즈 학원 사업(ECC,잉글루),오프라인 출강 교육사업,디지털 콘텐츠 공급,온라인시험접수대행,A', '4대보험': '국민연금, 건강보험, 고용보험, 산재보험', '홈페이지': 'http://www.ybmsisa.com', '주소': '서울 종로구 종로 98 (종로2가, 와이,비,엠종로빌딩) 4,5,9,7,8,9층', '계열사': '와이비엠홀딩스그룹 (주)와이비엠에듀 (주)와이비엠 (주)퍼블위즈 (주)와이비엠개발 (주)에스케이산업 (주)와이비엠제이아이에스 (주)와이비엠비앤씨 (주)와이비엠홀딩스'}, 'financial': {'사업분석': {'current_value': None}, '매출액': {'current_value': '518억 3천만원'}, '영업이익': {'current_value': '11억 1백만원'}, '당기순이익': {'current_value': '17억 3천만원'}, '산업 내 위치': {'current_value': None}, '기업등급': {'current_value': None}, '동종업계 순위': {'current_value': None}}, 'history': [{'year': '2026', 'month': '03', 'events': ['사업장 이전(서울특별시 종로구 종로 98 4~9층->서울특별시 종로구 종로 98 2,4~9층)']}, {'year': '2022', 'month': '07', 'events': ['대표이사 변경: 오재환 -> 김종익']}, {'year': '2021', 'month': '12', 'events': ['사업장 이전(경기도 성남시 분당구 대왕판교로 670 유스페이스2 A동 8,9층->서울특별시 종로구 종로 98 4~9층)']}, {'year': '2021', 'month': '08', 'events': ['YBM PNT INC.를 신규 종속회사로 편입']}, {'year': '2020', 'month': '12', 'events': ['(주)무나투나 청산', '(주)와이비엠인재교육원 청산']}, {'year': '2020', 'month': '09', 'events': ['시사교육자문(청도)유한공사 지분 전량 매각']}, {'year': '2018', 'month': '04', 'events': ['이동현 대표이사에서 오재환 대표이사로 변경']}, {'year': '2016', 'month': '03', 'events': ['상호변경: (주)와이비엠시사닷컴 -> (주)와이비엠넷', '(주)무나투나를 신규 종속회사로 편입']}, {'year': '2014', 'month': '12', 'events': ['정보보호관리체계(ISMS) 인증 획득']}, {'year': '2014', 'month': '10', 'events': ['오재환 대표이사에서 이동현 대표이사로 변경']}, {'year': '2014', 'month': '02', 'events': ['e4u.com, 제7회2014 대한민국 교육기업대상 성인온라인교육부문 대상 수상']}, {'year': '2013', 'month': '09', 'events': [""어린이 영어도서관 '스토리브룩'광교점 오픈""]}, {'year': '2013', 'month': '08', 'events': ['오재환,정영재 각자대표이사에서 오재환 단독대표이사로 변경', ""일본 미츠이부동산과 '일본 오사카 영어마을'운영 관련 업무 협약 체결""]}, {'year': '2013', 'month': '01', 'events': [""보건복지부위탁 중앙 가정위탁지원센터 협약 MOU 체결. '배움 나눔 프로젝트 실시'""]}, {'year': '2012', 'month': '12', 'events': ['본점 이전(서울특별시 종로구 인의동 28-2 종로플레이스 ->경기도 성남시 분당구 대왕판교로 670 유스페이스2 A동 8,9층)']}, {'year': '2012', 'month': '03', 'events': ['강진 외국어타운 위탁운영 실시']}, {'year': '2011', 'month': '09', 'events': ['대표이사 변경 : 정영재, 오재환(각자대표)']}, {'year': '2011', 'month': '02', 'events': ['본사 이전 : 서울시 종로구 인의동 28-2 종로플레이스']}, {'year': '2010', 'month': '08', 'events': [""학점은행제 원격교육훈련기관 'YBM원격평생교육원'인가""]}, {'year': '2010', 'month': '06', 'events': ['개발 TOEIC Speaking & Writing 솔루션, 프랑스를 시작으로 유럽 첫 진출']}, {'year': '2010', 'month': '03', 'events': ['대표이사 변경 : 정영재, 이동현(각자대표)']}, {'year': '2010', 'month': '01', 'events': ['흡수 합병 : (주)시사이씨씨']}, {'year': '2009', 'month': '12', 'events': ['흡수 합병 주주총회 승인']}, {'year': '2009', 'month': '10', 'events': ['흡수 합병 결정 : (주)와이비엠시사닷컴(존속법인), (주)시사이씨씨(소멸법인)']}, {'year': '2008', 'month': '12', 'events': ['대표이사 변경 : 정영재']}, {'year': '2008', 'month': '02', 'events': ['본사 이전 : 서울 강남구 삼성1동 157-16']}, {'year': '2007', 'month': '07', 'events': ['검정시행권 확보 : 기존 MOS 시험의 2007년 버전인', '검정시행권 확보 : IC3 국내도입', '검정시행권 확보 : 미국 Certiport 와 Adobe 인증시험']}, {'year': '2006', 'month': '07', 'events': ['노동부와 한국산업인력공단이 주관하는 ""중소기업 핵심직무능력 향상 교육과정"" 운영 기관으로 선정']}, {'year': '2005', 'month': '01', 'events': ['지상파 이동멀티미디어 방송사업자 컨소시엄 참여']}, {'year': '2004', 'month': '09', 'events': ['Playstation2용 게임""사쿠라대전V 에피소드(황야의 사무라이)""출시']}, {'year': '2004', 'month': '08', 'events': ['PC용 게임 ""DOOM3"" 출시']}, {'year': '2004', 'month': '07', 'events': ['Playstation2용 게임 ""아머드코어 넥서스 싱글에디션""출시', 'Playstation2용 게임 ""아머드코어 넥서스 한정판""출시', 'Playstation2용 게임 ""우주소년 아톰"" 출시']}, {'year': '2004', 'month': '06', 'events': ['코스닥증권시장 거래 개시', 'Playstation2용 게임 ""사쿠라대전"" 출시', 'Playstation2용 게임 ""구원"" 출시', 'Playstation2용 게임 ""버추어파이터4 에볼루션 빅히트"" 출시']}, {'year': '2004', 'month': '05', 'events': ['X-Box 용 게임 ""길티기어 이그젝스 사프리로드"" 출시']}, {'year': '2004', 'month': '04', 'events': [""Playstation2용 게임 '7인의 사무라이','스파이픽션'출시"", '예비사업설명서 제출(금융감독원:4월24일)', '협회등록 공모를 위한 유가증권신고서 제출(금융감독원:4월23일)']}, {'year': '2004', 'month': '02', 'events': [""X-Box용 게임'오토기 백귀토벌회권'출시"", ""Playstation2용 게임 '쿠노이치'출시"", ""Playstation2용 게임 '디지털홈즈'출시"", ""Playstation2용 게임 '오토기 백귀토벌회권'출시""]}, {'year': '2004', 'month': '01', 'events': [""Playstation2용 게임 '반숙영웅vs3D'출시""]}, {'year': '2003', 'month': '11', 'events': ['본사 이전 : 서울시 강남구 역삼동 642-19 -> 강남구 역삼동 649-1']}, {'year': '2003', 'month': '09', 'events': ['코스닥 등록 예비심사청구서 제출']}, {'year': '2003', 'month': '08', 'events': [""PlayStation2 용 rpdka xkdlxmf 'Virtua Fighter 4 Evolution' 국내 출시"", 'GALA 회원가입']}, {'year': '2003', 'month': '07', 'events': [""X-Box용 게임 타이틀'오토기'국내 출시"", ""Play Station2 용 게임 타이틀 'Guilty Gear XX #Reload' 국내 출시"", '한국능률협회컨설팅 한국 산업의 인터넷 파워 온라인 외국어 교육 부문 전문가 및 네티즌 동시 1위 인증(4년연속인증)']}, {'year': '2003', 'month': '06', 'events': ['X-BOX용 게임 타이틀 무라쿠모 국내 출시']}, {'year': '2003', 'month': '05', 'events': [""PlayStation2 용 게임 타이틀 'Armored Core 3 Silent line' 출시"", ""SK텔레콤의 모바일 동영상 서비스, June에 '김대균 June 토익' 오픈""]}, {'year': '2003', 'month': '04', 'events': ['(주)다음커뮤니케이션 어학당 내 YBM시사닷컴 강좌 서비스 오픈']}, {'year': '2003', 'month': '03', 'events': ['대표이사 변경 : 정영삼']}, {'year': '2002', 'month': '11', 'events': ['문화관광부 선정 이달의 최우수전자책으로 선정(11일만에 확실하게 일본어 끝내기)']}, {'year': '2002', 'month': '09', 'events': ['음반제작업자 등록 (사단법인 한국음반산업협회/음제 1862호)']}, {'year': '2002', 'month': '08', 'events': [""PlayStation2 용 게임 타이틀 'Armored Core 3' 출시"", '소프트웨어사업자 등록 (한국소프트웨어산업협회/2002-A01-00617)', '게임배급업 진출 기자간담회 개최']}, {'year': '2002', 'month': '06', 'events': ['게임물 배급업자 등록(사단법인 한국게임제작협회)', '출판사 등록(강남구청/등록번호 제 16-2736호)']}, {'year': '2002', 'month': '03', 'events': [""한국게임산업개발원 '현지어버전 제작지원 번역업체' 심사 1위""]}, {'year': '2002', 'month': '01', 'events': ['100 hot 선정 2001년 카테고리별 최우수 사이트(외국어 부문)', '기업부설연구소 인증(한국산업기술진흥협회)', '문화관광부 선정 우수 콘텐츠 시상']}, {'year': '2001', 'month': '12', 'events': ['경제정의실천연합 선정 개인정보보호 우수사이트']}, {'year': '2001', 'month': '10', 'events': [""인터넷 취업전문사이트 '아이파인드잡(www.ifindjob.co.kr)' 오픈""]}, {'year': '2001', 'month': '05', 'events': [""한국능률협회매니지먼트 선정 '대한민국 1위 웹사이트' 사이버교육부문 네티즌 1위 인증""]}, {'year': '2001', 'month': '01', 'events': ['100 hot 선정 2000년 네티즌이 선택한 최우수 히트 웹사이트(교육포탈)']}, {'year': '2000', 'month': '12', 'events': ['원격형태 평생교육시설 지정(교육청)']}, {'year': '2000', 'month': '10', 'events': ['현대자동차(주) 사이버어학원 개설', '소비자 만족도 조사-교육 부문 1위 웹사이트 선정(한국능률협회)']}, {'year': '2000', 'month': '08', 'events': ['상호 변경 : (주)와이비엠시사닷컴']}, {'year': '2000', 'month': '06', 'events': ['(주)와이비엠닷컴 설립(대표이사:민선식)']}], 'employment': {'recruitments': []}, 'benefits': {}, 'location': {'address': '서울 종로구 종로 98 (종로2가, 와이,비,엠종로빌딩) 4,5,9,7,8,9층', 'map_url': 'https://maps.naver.com/?mapMode=0&dlevel=12&pinTitle=%ec%a3%bc%ec%8b%9d%ed%9a%8c%ec%82%ac+%ec%99%80%ec%9d%b4%eb%b9%84%ec%97%a0%eb%84%b7&lat=37.5698669765348&lng=126.988428359154'}}"	https://www.jobkorea.co.kr/Recruit/GI_Read_Comt_Ifrm?Gno=49350972
대성전산㈜	[대성전산] 사내 시스템 개발팀장 ( C#, JAVA 필수 )	['C#', '및', '.NET', '기반', '개발자']	"          






포지션  및 자격요건




채용분야 정보






포지션
구분
상세내용




모집부문
사내 시스템개발 팀장C#/.NET 기반 시스템 개발 및 팀 리딩 담당대성전산㈜은 사내 주요 업무 시스템의 안정적인 운영과 고도화를 함께 이끌어갈 사내 시스템 개발팀장을 채용합니다.현재 C#기반 C/S환경을 주축으로 운영 중이며, 기존 시스템분석과 팀 안정화를 선행하고 중장기적으로는 웹 전환을 주도할 수 있는 분을 찾습니다. 개발 경력 10년이상의 JAVA, C# 경험자를 우선 고려합니다. <담당업무>ㆍ운영 중인 프로그램 및 사내 시스템 유지보수, 고도화

ㆍ모의고사 성적처리, 생산공정관리 시스템, 대규모 데이터 핸들링 프로그램 등 운영 관리ㆍJAVA/Spring 기반 소규모 서비스 운영 및 관리
ㆍ팀원 업무분장 및 개발 일정 관리, 팀 안정화 주도
ㆍ프로젝트 산출물 품질관리 및 개발 프로세스 개선
ㆍC# 기반 서비스의 웹 전환 계획 수립 및 개발 주도
ㆍ현업 부서와의 커뮤니케이션을 통한 요구사항 분석 및 시스템 개선<자격요건>ㆍJava / Spring 기반 웹 개발 경험 필수 ㆍC# 개발 경험 보유자 ( 팀원 코드리뷰 및 시스템분석 가능 수준 ) 
ㆍ팀장, PL, PM 등 프로젝트 리딩 및 팀 관리 경험 보유자
ㆍ사내 시스템 운영 및 유지보수 경험 있는 분
ㆍ임파워먼트 리더십 및 피드백커로써의 역량을 갖추신 분
ㆍ업무 이해를 바탕으로 안정적인 시스템 운영과 개선을 주도할 수 있는 분<우대조건>ㆍ기존 C# 기반 시스템의 웹 전환 또는 고도화 경험 보유자
ㆍ대규모 데이터 처리 및 비즈니스 로직 개발 경험 보유자
ㆍServer-Client, Socket 방식 개발 경험 보유자
ㆍNCP, AWS 등 클라우드 환경 개발 경험 보유자
ㆍ제조, 인쇄, 교육, 시험/성적처리 관련 시스템 개발 경험 보유자










복리후생










전형절차


 


서류전형


1차면접


임원면접


최종합격



 * 서류전형 합격자에 한해 면접일정은 추후 통보됩니다.







접수기간 및 방법



접수기간 : 채용시 마감
이력서 : 잡코리아 이력서

접수방법 : 잡코리아 온라인 지원








제출서류



이력서, 자기소개서 제출








유의사항



허위사실이 발견될 경우 채용이 취소될 수 있습니다.








"	['http://file1.jobkorea.co.kr/Mng/2026/3/daesung0044_260316-2.png', 'https://file1.jobkorea.co.kr/Mng/2023/7/42309493.png']	모집분야   C# 및 .NET 기반 개발자   모집인원   ○명   고용형태   정규직   (수습 3개월)   직급/직책   급여   회사 내규에 따름 (면접 후 결정)   근무시간   근무지주소   서울 서초구 방배4동 852-22, 단우빌딩   인근지하철   주5일(월~금)   09:00 ~ 18:00    사무직 자율 시차출퇴근제도 :  07~09시	경력10년↑, 초대졸↑, 서울 서초구, 정규직, 과장~차장급 외	{'basic_info': {'산업': '정보보안', '사원수': '92명 | ', '기업구분': '중소기업', '설립일': '1986.05.01 | (41년차)', '자본금': '5억원 | ', '매출액': '210억 | ', '대표자': '김형석', '대졸초임': '3,338만원', '주요사업': 'DM서비스(개발,제작,출력 및 발송서비스), POD서비스, 성적처리 및 학원컨텐츠 개발', '4대보험': '국민연금, 건강보험, 고용보험, 산재보험', '홈페이지': 'https://www.dsjs.co.kr', '주소': '서울 서초구 방배4동 852-22, 단우빌딩'}, 'financial': {}, 'history': [], 'employment': {'recruitments': []}, 'benefits': {'연금·보험': ['국민연금', '고용보험', '산재보험', '건강보험', '퇴직연금', '상해보험'], '휴무·휴가·행사': ['주5일제', '연차제도', '경조휴가', '반차제도', '포상휴가', '육아휴직', '창립일 휴무', '노동절 휴무', '워크샵/MT'], '보상·수당·지원': ['퇴직금', '경조금', '장기근속 포상', '우수사원 포상제도', '임직원 교육비', '야간근로수당', '휴일근로수당', '야간교통비 지급', '도서 구입비 지원'], '사내제도·성장': ['신입 사원 교육', '직무능력향상교육', '리더쉽강화교육', '자율복장'], '사내시설': ['구내식당', '휴식공간', '카페테리아', '샤워실', '흡연공간'], '편의·여가·건강': ['사내 동호회', '건강검진', '점심 식사 지원', '저녁 식사 지원', '근무복 지원', '휴양시설', '식사 지원', '음료/간식 제공']}, 'location': {'address': '서울 서초구 방배4동 852-22, 단우빌딩', 'map_url': 'https://maps.naver.com/?mapMode=0&dlevel=12&pinTitle=%eb%8c%80%ec%84%b1%ec%a0%84%ec%82%b0%e3%88%9c&lat=37.4890686229834&lng=126.992481628998'}}	https://www.jobkorea.co.kr/Recruit/GI_Read_Comt_Ifrm?Gno=49350829
㈜그라비티	[그라비티] 플랫폼 서비스 기획자 경력 채용	['플랫폼', '서비스', '기획']	"





                   플랫폼 서비스 기획자경력 채용




                        업무내용


                            - 게임과 연동된 통합 웹 플랫폼의 화면 기획 및 설계

                            - 운영 툴, 관리자 페이지, 고객 지원 시스템 등 플랫폼 서비스의 기능 정의 및 정책 수립

                            - 인증, 결제, 알림, 고객센터 등 주요 시스템의 업무 플로우 설계 

                            - 개발 부서와 협업하여 요구사항 정리, 화면 설계서, 기능 명세서 작성 

                            - 서비스 개발 일정 관리 및 이슈 조율 등 PM 역할 수행 

                            - 운영 부서 및 유관 부서와의 커뮤니케이션을 통한 개선사항 도출 



                        자격요건


                            - 6년 이상 경력 

                            - 플랫폼 서비스 또는 웹 서비스 기획 경험이 있으신 분 

                            - 화면 설계, 기능 정의, 정책 정리, 업무 플로우 설계 경험이 있으신 분 

                            - 개발, 디자인, 운영 부서와 원활하게 커뮤니케이션할 수 있으신 분 

                            - 요구사항을 정리하고 문서화하는 능력을 갖추신 분 

                            - 서비스 구조와 사용자 흐름을 이해하고 개선 방향을 제안할 수 있으신 분 



                        우대사항


                            - 게임 플랫폼, 운영툴, 관리자 페이지 기획 경험 

                            - 인증, 결제, 알림, 고객센터 등 플랫폼 기능에 대한 이해 

                            - 개발 프로세스 및 API 기반 서비스 구조에 대한 이해 

                            - 프로젝트 일정 관리, 이슈 관리, 우선순위 조율 등 PM 업무 경험 

                            - 다양한 부서의 요구사항을 조율하여 서비스 정책과 기능으로 구체화한 경험 


 "	['https://imgc.gnjoy.com/event/recruit/230926_RecruitmentNotice_CMSIEWRJI123/images/imgStar.png', 'https://imgc.gnjoy.com/event/recruit/230926_RecruitmentNotice_CMSIEWRJI123/images/gravity-Recruitment-head.jpg', 'https://imgc.gnjoy.com/event/recruit/230926_RecruitmentNotice_CMSIEWRJI123/images/gravity-Recruitment-content.jpg']	모집분야   플랫폼 서비스 기획   모집인원   ○○명   고용형태   정규직   (수습 3개월)   직급/직책   급여   회사 내규에 따름 (면접 후 결정)   근무시간   근무지주소   서울 마포구 상암동 누리꿈스퀘어 연구개발타워 15층   인근지하철   주5일(월~금)   유연근무제도 실시 (08:00 / 09:00 / 10:00 선택출근) 	경력6년↑, 학력무관, 서울 마포구, 정규직, 과장~차장급 외	{'basic_info': {'산업': '게임·애니메이션', '사원수': '414명 | ', '기업구분': '중견기업', '설립일': '2000.04.04 | (27년차)', '자본금': '34억 7천만원 | ', '매출액': '5,010억 | ', '대표자': '박현철', '주요사업': '글로벌 게임 제작 및 퍼블리싱, 브랜드사업', '4대보험': '국민연금, 건강보험, 고용보험, 산재보험', '홈페이지': 'http://www.gravity.co.kr', '주소': '서울 마포구 상암동 1605 번지 누리꿈스퀘어 비즈니스타워 15층', '계열사': '그라비티그룹 (주)그라비티네오싸이언'}, 'financial': {'매출액': {'current_value': '1,861억 2천만원'}, '영업이익': {'current_value': '430억 2천만원'}, '당기순이익': {'current_value': '828억 2천만원'}, '산업 내 위치': {'current_value': None}, '기업등급': {'current_value': None}, '총자산 증가율': {'current_value': '5,396억 3천만원'}, '동종업계 순위': {'current_value': None}}, 'history': [], 'employment': {'recruitments': []}, 'benefits': {'연금·보험': ['국민연금', '고용보험', '산재보험', '건강보험', '퇴직연금', '상해보험'], '휴무·휴가·행사': ['주5일제', '연차제도', '경조휴가'], '보상·수당·지원': ['경조금', '인센티브', '사내대출', '가족 의료비 지원', '임직원 교육비', '자기개발 지원', '야간근로수당', '휴일근로수당', '직책수당', '야간교통비 지급', '도서 구입비 지원', '휴가비'], '편의·여가·건강': ['출퇴근 셔틀버스', '건강검진']}, 'location': {'address': '서울 마포구 상암동 1605 번지 누리꿈스퀘어 비즈니스타워 15층', 'map_url': 'https://maps.naver.com/?mapMode=0&dlevel=12&pinTitle=%e3%88%9c%ea%b7%b8%eb%9d%bc%eb%b9%84%ed%8b%b0&lat=37.578325162958&lng=126.894686491045'}}	https://www.jobkorea.co.kr/Recruit/GI_Read_Comt_Ifrm?Gno=49350692
어다인㈜	[어다인] 신입, 경력직 개발인력 채용 공고	['개발인력', '신입,', '개발인력', '경력']	"




어다인㈜


[어다인] 신입, 경력(2~3년차)직 개발인력 채용 공고




  어다인㈜는 2011년에 설립된 회사로 자본금 1억원, 매출액 66억 3천만, 사원수 43명 규모의 중소기업입니다. 서울 성동구 뚝섬로1길 31 (성수동1가, 서울숲M타워)에 위치하고 있으며, 금융사 모바일 메시징 분배 솔루션 공급, 금융사 UMS 웹 개발, 푸시 서비스 구축사업을 하고 있습니다.







포지션 및 자격요건







신입지원자격 


* 지원자격 - Java: Pure Java 또는 Spring 가능자- Database: 오라클, Mysql 등 기본 SQL 가능자- Web: HTML, jquery, Ajax 가능자* 우대조건 - 정보처리기사 자격증 보유자- 금융분야 또는 메시징 관련 경험자- 리눅스 경험자- UMS / 비즈메시지 경험자- Vue.js 등 웹 프레임워크를 사용한 개발 유경험자- 인프라에 관한 지식이 있는 분- 업무의 연속성을 유지하며 안정적으로 조직에 기여해 주실 분









경력(2~3년차)지원자격







* 지원자격 
- Java: Pure Java 또는 Spring 가능자- Database: 오라클, Mysql 등 기본 SQL 가능자- Web: HTML, jquery, Ajax 가능자- 정보처리기사 자격증 보유자- 리눅스 경험자- 인프라에 관한 지식이 있는 분- 고객사 및 협력사와 원활하게 소통이 가능하며 팀원들과 두터운 신뢰를 바탕으로 오랫동안 협업할 수 있는 분- 높은 책임감으로 프로젝트나 담당 업무를 끝까지 완수해 본 경험이 있으신 분

* 우대조건
- 금융분야 또는 메시징 관련 경험자- UMS / 비즈메시지 경험자- Vue.js 등 웹 프레임워크를 사용한 개발 유경험자- 업무의 연속성을 유지하며 안정적으로 조직에 기여해 주실 분




















전형절차
ㆍ서류전형 -> 코딩테스트 -> 1차 면접 -> 2차 면접(필요시) ->최종합격    (각 단계별 합격자에 한해 다음 단계 진행)
ㆍ면접일정은 추후 통보됩니다.













유의사항
ㆍ허위사실이 발견될 경우 채용이 취소될 수 있습니다.









"	[]	모집분야   개발인력 신입, 개발인력 경력   모집인원   ○명   고용형태   정규직   (수습 3개월)   ,    계약직      급여   회사 내규에 따름 (면접 후 결정)   근무시간   근무지주소   서울 성동구 뚝섬로1길 31 (성수동1가, 서울숲M타워) 1207호   인근지하철   주5일(월~금)   09:00 ~ 18:00	신입·경력2년↑, 학력무관, 서울 성동구, 정규직 외	{'basic_info': {'산업': '솔루션·SI·CRM·ERP', '사원수': '44명 | ', '기업구분': '중소기업', '설립일': '2011.11.16 | (16년차)', '자본금': '- | ', '매출액': '66억 | ', '대표자': '양준호', '주요사업': '금융사 모바일 메시징 분배 솔루션 공급, 금융사 UMS 웹 개발, 푸시 서비스 구축', '4대보험': '국민연금, 건강보험, 고용보험, 산재보험', '홈페이지': 'http://www.odinue.net', '주소': '서울 성동구 뚝섬로1길 31 (성수동1가, 서울숲M타워) 1207호'}, 'financial': {}, 'history': [], 'employment': {'recruitments': []}, 'benefits': {'연금·보험': ['국민연금', '고용보험', '산재보험', '건강보험', '퇴직연금', '상해보험'], '휴무·휴가·행사': ['주5일제', '연차제도', '경조휴가', '반차제도', '포상휴가', '출산휴가', '남성출산휴가', '노동절 휴무', '워크샵/MT'], '보상·수당·지원': ['퇴직금', '경조금', '장기근속 포상', '우수사원 포상제도', '가족 의료비 지원', '임직원 교육비', '자기개발 지원', '명절선물/명절상여', '야간교통비 지급', '도서 구입비 지원', '헬스비', '휴가비', '성과급', '복리후생 지원', '문화생활 지원'], '사내시설': ['카페테리아'], '편의·여가·건강': ['아침 식사 지원']}, 'location': {'address': '서울 성동구 뚝섬로1길 31 (성수동1가, 서울숲M타워) 1207호', 'map_url': 'https://maps.naver.com/?mapMode=0&dlevel=12&pinTitle=%ec%96%b4%eb%8b%a4%ec%9d%b8%e3%88%9c&lat=37.5439419852337&lng=127.046672458166'}}	https://www.jobkorea.co.kr/Recruit/GI_Read_Comt_Ifrm?Gno=49350276
하이스트레인저	백엔드 개발자 채용	['백엔드', '개발자', '채용']	"




하이스트레인저


백엔드 개발자 채용




하이스트레인저는 2022년에 설립된 회사로 자본금 1,078만원, 매출액 3억 5,056만원, 사원수 9명 규모의 중소기업입니다. 서울 중구 청계천로 40 (다동, 한국관광공사서울센터)에 위치하고 있으며, 영화 투자/배급, 콘텐츠 플랫폼, 콘텐츠 데이터분석, 콘텐츠 굿즈 제작 등사업을 하고 있습니다.







포지션 및 자격요건







백엔드 개발자 채용 ( ○명 ) 







InsightFlow 고도화 및 Cinelab 운영ㆍ서비스 백엔드 API 설계/개발/운영ㆍ핵심 도메인 로직 구현 및 데이터 모델링ㆍ데이터베이스 설계/쿼리 최적화 및 성능 개선ㆍ서비스 안정성/확장성을 위한 아키텍처 개선(캐시, 비동기 처리, 트래픽 대응 등)ㆍ운영 이슈 대응 및 모니터링/로깅 기반 문제 해결(장애 분석, 재발 방지)ㆍ동료(연구/프론트/마케팅/디자인)의 협업을 통한 요구사항 구체화 및 일정 조율ㆍ테스트/리팩토링/코드리뷰 문화 내에서 품질 유지 및 개발 생산성 향상스킬ㆍAws, Linux, DockerㆍJava, PythonㆍSpringbootㆍPostgreSQL, MongoDB핵심역량ㆍ 성실성, 꼼꼼함, 협동심, 계획성, 성취지향성, 스트레스관리, 윤리의식, 자존감, 적응성, 창의성, 성장지향성자격요건ㆍ스타트업 환경에서의 적응 의지와 이해ㆍ콘텐츠 및 영화 산업에 대한 열정과 이해ㆍ하나 이상의 언어/프레임워크로 웹 서비스 개발 및 배포 경험ㆍ데이터 모델링 및 트랜잭션/인덱스에 대한 이해ㆍHTTP, 인증/인가, 서버-클라이언트 통신 등 웹 기본기에 대한 이해ㆍ운영 환경에서 발생하는 문제를 로그/지표로 분석하고 해결할 수 있는 역량ㆍ원활한 커뮤니케이션 및 문서화 습관(이슈/원인/대응 공유)우대사항ㆍ콘텐츠 도메인 관련 경험ㆍ대규모 트래픽 또는 실사용 서비스에서의 성능 튜닝/장애 대응 경험ㆍ캐시/메시지큐/비동기 처리 활용 경험ㆍ컨테이너 기반 배포 환경 경험



















전형절차
ㆍ서류전형 > 1차면접 > 2차면접 > 임원면접 > 최종합격
ㆍ면접일정은 추후 통보됩니다.













유의사항
ㆍ허위사실이 발견될 경우 채용이 취소될 수 있습니다.









"	[]	모집분야   백엔드 개발자 채용   모집인원   ○명   고용형태   정규직   (수습 3개월)   ,    계약직   (근무기간 3개월, 정규직 전환 가능)   직급/직책      급여   회사 내규에 따름 (면접 후 결정)   근무시간   근무지주소   서울 마포구 백범로31길 21 (공덕동, 서울창업허브) 505호   인근지하철   주5일(월~금)   09:00 ~ 18:00   탄력근무제	경력무관, 학력무관, 서울 마포구, 정규직 외	{'basic_info': {'산업': '포털 및 기타 인터넷 정보매개 서비스업', '사원수': '9명 | ', '기업구분': '중소기업', '설립일': '2022.07.01 | (5년차)', '자본금': '1,078만원 | (2024.12.31)', '매출액': '3억 5,056만원 | (2024.12.31)', '대표자': '김동국', '주요사업': '포털 및 기타 인터넷 정보 매개 서비스업,일반 서적 출판업,잡지 및 정기 간행물 발행업,전자상거래 소매업,데이터베이스 및 온라인 정보 제공업,광고 대행업,광', '4대보험': '국민연금, 건강보험, 고용보험, 산재보험', '홈페이지': 'http://www.hi-str.com', '주소': '서울 중구 청계천로 40 (다동, 한국관광공사서울센터) 1401호'}, 'financial': {'매출액': {'current_value': '3억 5,056만원'}, '영업이익': {'current_value': '-3,945만원'}, '당기순이익': {'current_value': '-2,682만원'}, '산업 내 위치': {'current_value': None}, '동종업계 순위': {'current_value': None}}, 'history': [], 'employment': {'recruitments': []}, 'benefits': {}, 'location': {'address': '서울 중구 청계천로 40 (다동, 한국관광공사서울센터) 1401호', 'map_url': 'https://maps.naver.com/?mapMode=0&dlevel=12&pinTitle=%ed%95%98%ec%9d%b4%ec%8a%a4%ed%8a%b8%eb%a0%88%ec%9d%b8%ec%a0%80&lat=37.5685382687504&lng=126.981654392431'}}	https://www.jobkorea.co.kr/Recruit/GI_Read_Comt_Ifrm?Gno=49350118
위쉬정보기술㈜	탕정 삼성전자 개인정보 암호화 개발 java	['탕정', '삼성전자', '개인정보', '암호화', '개발', 'java']	"

탕정 삼성전자 개인정보 암호화 개발 java

 

         모집분야 및 자격요건 모집부분담당업무자격요건모집인원삼성전자개인정보 암호화- 위치 : 탕정- 기간 : 4개월- 기술 :  java, API, query- 등급 : 5년이상 0명  



 





서류전형






실무자면접






임원면접






최종합격







 

- 이력서양식 : 잡코리아온라인 이력서, 지원자자유 이력서- 접수방법 : 잡코리아 온라인 채용시스템


 

- 이력서, 자기소개서 제출 - 최종합격 후 졸업증명서, 최종학교 전 학년 성적 증명서, 공인시험 및 기타 자격증 사본(소지자에 한함), 취업보호대상증명서(대상자에 한함) 제출



 

- 허위사실이 발견될 경우 채용이 취소될 수 있습니다.



 "	['http://i.jobkorea.kr/content/images/yocruit/yctr/gen/skin/blue/step_shape_7_light.gif?v4', 'http://i.jobkorea.kr/content/images/yocruit/yctr/gen/skin/blue/icn_shape_7.gif', 'http://i.jobkorea.kr/content/images/yocruit/yctr/gen/hd_doc.png', 'http://i.jobkorea.kr/content/images/yocruit/yctr/gen/icn_arr_step.png', 'http://i.jobkorea.kr/content/images/yocruit/yctr/gen/hd_step.png', 'http://i.jobkorea.kr/content/images/yocruit/yctr/gen/hd_req.png', 'http://i.jobkorea.kr/content/images/yocruit/yctr/gen/skin/blue/step_shape_7.gif?v4', 'http://i.jobkorea.kr/content/images/yocruit/yctr/gen/hd_how.png', 'http://i.jobkorea.kr/content/images/yocruit/yctr/gen/hd_guid.png']	모집분야   탕정 삼성전자 개인정보 암호화 개발 java   모집인원   ○○명   고용형태   정규직      ,    계약직   (협의)   ,    프리랜서   (협의)   급여   회사 내규에 따름 (면접 후 결정)   근무시간   근무지주소   서울 구로구 구로동 222-7 코오롱디지털타워 A동311호   인근지하철   주5일(월~금)	경력무관, 학력무관, 서울 구로구, 정규직 외	{'basic_info': {'산업': '응용 소프트웨어 개발 및 공급업', '사원수': '81명 | (200712)', '기업구분': '중소기업', '설립일': '2000.02.01 | (27년차)', '자본금': '5억원 | ', '매출액': '80억 | ', '대표자': '이종수', '주요사업': '소프트웨어 자문,개발,공급', '4대보험': '국민연금, 건강보험, 고용보험, 산재보험', '홈페이지': 'http://www.wishit.co.kr', '주소': '서울 구로구 구로동 222-7 코오롱디지털타워빌란트 1차 311호'}, 'financial': {'기업등급': {'current_value': None}}, 'history': [{'year': '2002', 'month': '01', 'events': ['국내 60여개 기업 ERP 구축사업']}, {'year': '2001', 'month': '04', 'events': ['중소기업청 중소기업 IT지원업체선정']}, {'year': '2000', 'month': '02', 'events': ['Wish-ERP Package 출시', '위쉬정보기술(주) 법인등록']}], 'employment': {'recruitments': []}, 'benefits': {'연금·보험': ['국민연금', '고용보험', '산재보험', '건강보험', '퇴직연금'], '보상·수당·지원': ['임직원 교육비', '자기개발 지원', '도서 구입비 지원'], '편의·여가·건강': ['건강검진']}, 'location': {'address': '서울 구로구 구로동 222-7 코오롱디지털타워빌란트 1차 311호', 'map_url': 'https://maps.naver.com/?mapMode=0&dlevel=12&pinTitle=%ec%9c%84%ec%89%ac%ec%a0%95%eb%b3%b4%ea%b8%b0%ec%88%a0%e3%88%9c&lat=37.483507960708&lng=126.896537167252'}}	https://www.jobkorea.co.kr/Recruit/GI_Read_Comt_Ifrm?Gno=49349973
오토앤㈜	AI 서비스 개발 및 AX 추진 담당자 채용	['AI서비스개발']		['//file2.jobkorea.co.kr/Net/Mng/DownImage/CorpEditor?file_No=1752220']	모집분야   AI서비스개발   모집인원   1명   고용형태   정규직      급여   회사 내규에 따름   근무시간   근무지주소   경기 안양시 만안구 전파로24번길 63 (안양동) 오토앤(주)   인근지하철   주5일(월~금)   09:00 ~ 18:00	경력7년↑, 대졸↑, 서울 전지역 외, 정규직	{'basic_info': {'산업': '쇼핑몰·오픈마켓·소셜커머스', '사원수': '213명 | ', '기업구분': '중소기업', '설립일': '2012.01.31 | (15년차)', '자본금': '8억 4,492만원 | ', '매출액': '692억 | ', '대표자': '최찬욱', '대졸초임': '2,700만원', '주요사업': '자동차 용품 개발 및 유통', '4대보험': '국민연금, 건강보험, 고용보험, 산재보험', '홈페이지': 'https://auton.career.greetinghr.com/intro', '주소': '경기 안양시 만안구 전파로24번길 63 (안양동) 오토앤 주식회사'}, 'financial': {}, 'history': [], 'employment': {'recruitments': []}, 'benefits': {'연금·보험': ['국민연금', '고용보험', '산재보험', '건강보험', '퇴직연금', '상해보험'], '휴무·휴가·행사': ['주5일제', '연차제도', '월차제도', '경조휴가', '반차제도', '출산휴가', '육아휴직', '남성출산휴가', '노동절 휴무', '워크샵/MT'], '보상·수당·지원': ['퇴직금', '경조금', '인센티브', '우수사원 포상제도', '휴일근로수당', '직책수당', '도서 구입비 지원', '임직원 할인'], '사내제도·성장': ['신입 사원 교육', '직무능력향상교육'], '사내시설': ['휴식공간', '헬스시설', '카페테리아', '사내도서관'], '편의·여가·건강': ['사내 동호회', '건강검진', '점심 식사 지원', '저녁 식사 지원', '식사 지원']}, 'location': {'address': '경기 안양시 만안구 전파로24번길 63 (안양동) 오토앤 주식회사', 'map_url': 'https://maps.naver.com/?mapMode=0&dlevel=12&pinTitle=%ec%98%a4%ed%86%a0%ec%95%a4%e3%88%9c&lat=37.3879630546046&lng=126.936187173404'}}	https://www.jobkorea.co.kr/Recruit/GI_Read_Comt_Ifrm?Gno=49349886
아이비티에스㈜	금융,공공,일반기업 운영개발[SM,SI]	['JAVA', '개발-금융,공공,일반기업']	"




아이비티에스㈜

JAVA 개발-금융,공공,일반기업              운영개발[SM,SI]아이비티에스㈜는 2007년에 설립된 회사로 사원수 16명 규모의 중소기업입니다. 서울 금천구 디지털로9길 68 (가산동, 대륭포스트타워 5차)에 위치하고 있으며, 소프트웨어자문, 개발및판매 / 컴퓨터및주변기기판매 / 시스템통합운용사업을 하고 있습니다.






포지션 및 자격요건







포지션 ( 1명 ) 


1. 사이트 : 비공개2. 업무명 : 기프트카드 시스템3. 스킬 : proframe. C, 카드업무 경험자4. 기간 : 즉시 ~ 3개월5. 장소 : 인덕원6. 등급 : 고급, 중급1. 사이트 : 비공개2. 업무명 : 차세대 물류 포워딩 프로젝트3. 스킬 :  1) 분석/설계 가능하고 컨설팅 역량 있는 분 2)포워딩 업무 이해하고 Visibility 구축 경험자 3)옵션)영어 가능자4. 기간 : 즉시 ~ 10개월5. 장소 : 서울숲6. 등급 : 고급 이상1. 사이트 : 비공개2. 업무명 : CMS 운영3. 스킬 : Next.js/Node.js/TypeScript/SWR/Webpack4. 기간 : 7월 ~ 27년 2월 말5. 장소 : 누리꿈스퀘어6. 등급 : 중급1. 사이트 : 비공개2. 업무명 : AM2팀3. 스킬 : Core Tech: HTML5, CSS3, JavaScript/TypeScriptFramework & Language: React , Vue.js 기반의 프로젝트 구조 이해 / UI 컴포넌트 구현Styling: Tailwind CSS, SCSS, styled-components 스타일링 라이브러리 활용 경험4. 기간 : 6월 말 ~ 12월 말5. 장소 : 서울역6. 등급 : 중급상1. 사이트 : 비공개2. 업무명 : MTS 운영3. 스킬 : Android 개발 경험- MTS 플랫폼(아이티젠) 화면개발 경험4. 기간 : 즉시 ~ 27년 6월 초5. 장소 : 영등포구6. 등급 : 중급1. 사이트 : XX보험2. 업무명 : 자동차보상 관련 운영3. 스킬 : 웹스퀘어 필수 (화면 개발경험 및 중상급 숙련도 필요)- Proframe 필수(서비스 개발경험 및 중상급 숙련도 필요)- SQL(DB2) 중/고급4. 기간 : 7월 ~ 운영5. 장소 : 강남6. 등급 : 중급 이상1. 사이트 : 비공개2. 업무명 : 자동차 플랫폼 개발 3. 스킬 : 엑셀, PPT 숙련자 必?이커머스 이해도 必 ?사무보조 업무 가능한 자?총무업무 가능한 자4. 기간 : 즉시 ~ 10개월5. 장소 : 문정역6. 등급 : 초급1. 사이트 : 비공개2. 업무명 : 현장 대리인 업무3. 스킬 : 신용카드 관련 업무 경력 5년 이상- 개발 경력 10년 이상4. 기간 : 즉시 ~ 3개월5. 장소 : 을지로6. 등급 : 고급1. 사이트 : 금융권2. 업무명 : 스마트 금융 개발 대응반3. 스킬 : Python base의 데이터 처리 및 개발에 능숙하신 분- Airflow를 이용한 DAG, 스케줄링, 파이프라인, 트러블슈팅 경험 있으신분- Restful API기반의 DataOps 경험이 있으신분- RAG와 청킹, 임베딩 등 DataOps 경험이 있으신분4. 기간 : 즉시 ~ 3개월5. 장소 : 여의도6. 등급 : 고급1. 사이트 : 금융권2. 업무명 : MTS 서버 개발3. 스킬 : Linux, C, C-isam, Kafca 통신4. 기간 : 즉시 ~ 운영5. 장소 : 공덕역6. 등급 : 중급 이상1. 사이트 : 금융권2. 업무명 : MTS 테스터3. 스킬 : 금융 및 증권분야 테스트 경력 (2년 이상)4. 기간 : 즉시 ~ 운영5. 장소 : 공덕역1. 사이트 : 금융권2. 업무명 : MTS 게시판 응대 및 원격지원3. 스킬 : 고객센터 MTS 응대 경험자, 모바일 앱 기본기능(OS별) 기능 숙지자4. 기간 : 즉시 ~ 운영5. 장소 : 공덕역6. 등급 : 중급 이상1. 사이트 : 금융권2. 업무명 : 화면 개발3. 스킬 : Javascript, Java, Android, Xcode4. 기간 : 즉시 ~ 운영5. 등급 : 중급 이상1. 사이트 : 금융권2. 업무명 : 클라이언트 맵화면 개발3. 스킬 : Html, css, Java, 대고객 MTS 화면개발 유경험자(필수)4. 기간 : 즉시 ~ 운영5. 장소 : 공덕역6. 등급 : 중급 이상1. 사이트 : XX보험2. 업무명 : ITO 운영3. 스킬 : Oracle, JAVA,보험 영업관리(수수료,마감)4. 기간 : 7월 ~ 11월 말(이후 연장 가능)5. 장소 : 서대문6. 등급 : 중급1. 사이트 :  비공개2. 업무명 : ERP 및 생산/운영 지원시스템 구축3. 스킬 : PS, PP 컨설턴트 각1명 (진행호선 프로세스 구축 및 마이그레이션 업무)8월말까지 국내(거제), 9월~11월(미국필라델피아) 출장가능자4. 기간 : 즉시 ~ 11월 말5. 장소 :  을지로6. 등급 : 고급1. 사이트 : 비공개2. 업무명 : BSP, PDC, TOP, HIPER 시스템 유지보수(운영/개발)3. 스킬 : Java, Spring, Oracle, Nexacro 14, EMRO4. 기간 : 즉시 ~ 7개월5. 장소 : 을지로6. 등급 : 고급1. 사이트 : 비공개2. 업무명 : 내부 운영 고도화3. 스킬 : java, vue.js 필수, 이커머스 및 물류 경험4. 기간 : 6월 중순 ~ 3개월5. 장소 : 종합운동장6. 등급 : 중급1. 사이트 : 비공개2. 업무명 : 인터넷 대형서점 운영3.  스킬 : 이커머스 기획 업무 경험자4.  기간 : 즉시 ~ 6개월5.  장소 : 논현6.  등급 : 중급1. 사이트 : 비공개2. 업무명 : 공공사업 데이터 중심 R&D 통합정보시스템 구축을 위한 DB 고도화 재설계3. 스킬 : DB 고도화 재설계 이행인력- 데이터모델 이해 가능자- 데이터 이행 유경험자- 쿼리 작성 능력 보유자4. 기간 : 6월 중순 ~ 9월, 1명                6월 중순 ~ 11월, 1명5. 장소 : 대전6. 등급 :  중급1. 사이트 : 비공개2. 업무명 : 공공사업 데이터 중심 R&D 통합정보시스템 구축을 위한 DB 고도화 사업 모델링3. 스킬 : 모델설계 가능자(개념,논리,물리설계 가능)- 데이터 이행 유경험자- 쿼리 작성 능력 보유자- 데이터표준화 가능자- 논리모델 리뷰 가능자(특급)4. 기간 :  특급 1명 (6월중순 ~ 12월)- 중 or 고급 1명 (7월 ~ 10월)5. 장소 : 대전1. 사이트 : 비공개 2. 업무명 : 기후에너지 데이터표준화 품질개선 및 분석 용역3. 스킬 : 데이터 분석 및 AI 모델링 가능한 분- 머신러닝 알고리즘 설계, 전처리, 검증 주도 가능자- 기후·에너지·환경 분야의 데이터 분석 과제를 발굴하고 AI 학습용 비정형 데이터 포맷을 정의- 데이터 전처리 및 탐색적 분석(EDA) 후, 머신러닝/통계 알고리즘 기반의 AI 모델을 구현- 혼동 행렬 등 객관적 지표로 모델 성능을 검증하고 정책 반영을 위한 유효성을 도출- GIS 기반 대시보드로 분석 결과를 시각화하고, 시스템 정례 운영 및 확산 가이드라인을 제작4. 기간 : 7월 ~ 11월 말5. 장소 : 세종6. 등급 : 고급1. 사이트 :  비공개2. 업무명 : GMO 과제 현황 및 필요 역량 프로젝트3. 기술환경 : 소나큐브, FossID, AWS인프라, Glue, Shell스크립트기반 쿼리작업, DevOps, 환경세팅수행 업무내용 :-고객사 대응 : 개발 및 AI 총괄 담당자와 소통할 수 있는 책임감 있는 PL급 인력 필요-환경 대응 : 삼성 보안 정책(ADP, 소나큐브, FossID 등) 및 행정 처리, 개발 프로세스 숙련도-데이터/인프라 : AWS 인프라 최적화 및 Glue, Shell 스크립트 기반 쿼리 작업 역량-DevOps : AI 코드 리뷰 파이프라인 및 DevOps 환경 세팅 역량-운영 안정성 : 데이터 정합성 해결을 위한 사전 검증 파이프라인 구축4. 기간 : 6월 말 ~ 12월 말5. 장소 : 기흥6. 등급 : 고급1. 사이트 : 비공개2. 업무명 : IT통합 프로젝트3. 스킬 : SAP ABAP4. 기간 : 8월 ~ 27년 10월 말5. 장소 : 마북 6. 등급 : 중급,  고급1. 사이트 : XX보험2. 업무명 : ITO 운영3. 스킬 : Oracle, Java, SQL, 영업지원업무 경험자우대(마케팅,FP활동,수수료)4. 기간 : 6월 말 ~ 12월 말( 이후 년단위 계약)5. 장소 : 여의도6. 등급 : 초, 중급1. 사이트 : XX보험2. 업무명 : ITO 운영3. 스킬 :  Java,Spring,XPlatform,JavaScript,Oracle,일반보험(갱신 업무 등), 개발성 운영업무4. 기간 : 즉시 ~ 28년 2월 10일5. 장소 : 여의도 6. 등급 : 중급1. 사이트 : 비공개2. 업무명 : CodeSpace(DX) 프로젝트3. 요구기술: Python(FastAPI), PostgreSQL/Oracle, Springboot필수사항1)AI코딩 도구 구독 및 경험자(Claude Code 혹은 Codex)2)Airflow경험, Docker 컨테이너 경험과 활용 능력, Git, CI/CD  (Jenkins 등)비고 : SI와 SM이 혼합된 형태의 데이터엔지니어링4. 기간 : 즉시 ~ 12월 말5. 장소 : 증미6.  등급 : 초급 ~ 중급1. 사이트 : 비공개2. 업무명 : 솔루션 개발자 3. 필요기술: Java, React, C#, MSSQL, 설계, 개발해외 출장 가능자우대사항 : 장치조립, 식품/제약/의료 분야 개발 경험자(MES 경험자)4. 기간 : 즉시 ~ 12월 말5. 장소 : 상암6. 등급 : 중급 ~ 고급1. 사이트 : 비공개2. 업무명 : 일본 자동차 플랫폼 운영3. 스킬 : 기획 (백오피스, 프론트)4. 기간 : 즉시 ~ 12월 말5. 장소 : 당선역6. 등급 : 중급 이상1. 사이트 : 비공개2. 업무명 : 개발 (SAP 모듈 솔루션 연계 개발)* SAP TR(자금관리 모듈) 연계 웹 시스템 구축 경험* SAP에서 파이프라인 빌더로 데이터 ETL 하여 솔루션 적용(SAP는 고객사 담당)3. 필요 기술 : React1) 자금관리 과제 경험(시제 관리, 자금 수지관리 및 시뮬레이션, 선물환 및 햇지)2) 환율관련 과제 경험(선물환 및 햇지 관리, 데시보드 및 시뮬레이션, 서로다른 통화로 매출 매입시 선물환 리스크 관리)4. 기간 : 즉시 ~ 27년 1월 말 5. 장소 : 상일동6. 등급 : 고급1. 사이트 : 비공개2. 업무명 : 개발 ~ 기존 MES시스템 고도화3. 스킬 : * 백엔드 : JAVA, Spring, PostgreSQL, MS-SQL* 프론트엔드 : React, 디자인 컴포넌트 활용 경험자), Grid 많이 다룬 경험자4. 기간 : 7월 ~ 10월 말5. 장소 : 오금역6. 등급 : 중급1. 사이트 : 비공개2. 업무명 : `콘텐츠/미디어서비스 모바일 개발 프로젝트- AI 도구를 활용한 코드 작성, 리팩토링, 테스트 코드 생성 경험 있으신 분- Android 인앱결제 및 구독(Billing) 구현 경험을 보유하신 분- Google Play Store 배포 실무 경험을 보유하신 분- JUnit, MockK, Espresso 등을 활용한 테스트 코드 작성 경험 있으신 분- Gradle 기반 라이브러리 및 멀티모듈 프로젝트 구성 경험 있으신 분3. 스킬 :  - Kotlin, Android SDK, Jetpack Compose- Coroutine/Flow 기반 비동기 및 반응형 프로그래밍- Clean Architecture 또는 유사한 아키텍처 패턴- MVVM 패턴, Git4. 기간 : 즉시 ~ 3개월5. 장소 :  성수역6. 등급 : 중급 이상1. 사이트 : 비공개2. 업무명 : 콘텐츠/미디어서비스 모바일 개발 프로젝트- AI 도구를 활용한 코드 작성, 리팩토링, 테스트 코드 생성 경험 있으신 분- iOS 인앱결제 및 인앱구독 구현 경험을 보유하신 분- AppStore 배포 실무 경험을 보유하신 분- Swift Testing 또는 XCTest를 활용한 단위 테스트 작성 경험 있으신 분- SPM, CocoaPods 활용하여 다양한 라이브러리 연동 경험 있으신 분3. 스킬 : - Swift, UIKit, SwiftUI, StoryBoard, AutoLayout- RxSwift/RxCocoa 활용한 반응형 프로그래밍- Clean Architecture 또는 유사한 아키텍처 패턴 경험- MVVM 패턴, Git4. 기간 : 즉시 ~ 3개월5. 장소 :  성수역6. 등급 : 중급 이상1. 사이트 : 비공개2. 업무명 : PDA → POS 컨버전 및 기능 고도화-기본 : PDA -> POS로 컨버전-추가 기능 개발 : Kotlin으로 개발3. 스킬 : Kotlin, POS, Java(JDK 17), JetPack Compose4. 기간 : 6월 ~ 27년 2월 말5. 장소 : 삼성역6. 등급 : 중급 이상1. 사이트 : 비공개2. 업무명 : 숏폼 플랫폼 백엔드 개발?영상 컨텐츠 관련 개발?앱 푸시 기능 개발?결제 관련 개선 개발?기타 백오피스 기능(이용권, 정산) 등3. 스킬 : ?7년 이상의 백엔드(Java/Kotlin) 개발 경력 보유?Spring Boot 기반 MSA 설계/개발/운영 경험 보유?MongoDB, MySQL/Aurora, RDS 등 다양한 DB 경험 보유?Kafka 또는 메시징 큐(RabbitMQ, SNS/SQS 등)를 활용한 비동기 구조 설계 경험 보유?AWS 서비스(EKS, S3, Lambda, CloudFront 등) 실무 경험 보유4. 기간 : 6월 ~ 3개월 5. 장소 : 성수역6. 등급 : 중급1. 사이트 : 비공개2. 업무명 : 웹시스템 기능개선3. 스킬 : Jsp, Java 능숙자, API 개발 경험4. 기간 : 6월 16일 ~ 11월 15일5. 장소 : 안국역6. 등급 : 중급이하1. 사이트 : 금융사 2. 업무명 : 금융사 해외법인 개발 구축 ? 테스트3. 스킬 : 테스트 수행 ? 단위 및 통합 테스트-테스트 시나리오 검증-테스트 이행(단위 / 통합)-테스트 이행계획 수립/협의-테스트 결과 결함관리(결함목록 작성, 개발자와 의사소통)테스트 이행(단위 / 통합) 담당-도구 : Playwright 사용 (필수)테스트 경력 5년 이상 경력자4. 기간 : 6월 ~ 12월 말5. 장소 : 여의도6. 등급 : 중급이상1. 사이트 : 비공개2. 업무명 : LPTMS 고도화 개발 프로젝트3. 스킬 :  java, javascript, oracle, Ozreport4. 기간 : 6월 ~ 12월 말5. 장소 : 여의도6. 등급 : 중급이상1. 사이트 : 비공개2. 업무명 : SAP CO 운영/개발3. 스킬 : [Experience]- 만 3년 이상의 CO 개발/유지보수 업무 수행- SAP 주요 모듈 경험 및 이해도가 높은 인력[Skill & Knowledge]- 내/외부 원활한 커뮤니케이션 역량- ABAP 개발/유지보수 역량4. 장소 : 상암동 OR 서울역5. 등급 : 중급1. 사이트 : 비공개 2. 업무명 : 전자영장 시스템 구축 프로젝트 품질관리3. 스킬 : 품질관리 ? 단계별 품질관리, 이행관리, 감리대응4. 기간 : 즉시 ~ 9월 말5. 장소 : 마곡6. 등급 :  고급1. 사이트 : 비공개2. 업무명 : 2026년 운영/유지보수 채널 이벤트 운영 업무3. 스킬 : Java, JSP, Oracle, MySQL, Spring4. 기간 : 즉시 ~ 12월 말5. 장소 : 문래역5. 등급 : 초급1. 사이트 : XX보험2. 업무명 : ITO 운영3. 스킬 : Oracle, Springboot, Java, exBuilder, 보험사 클레임(심사,보험금지급) 업무 경험자4. 기간 :  즉시 ~ 12월 말 , 7월 ~ 12월 말5. 장소 : 여의도6. 등급 : 고급1. 사이트 : 비공개2. 업무명 : OZ Report 서식개발3. 스킬 : OZ Report 서식개발경험자, Report Designer 경험자4. 기간 : 7월 ~ 27년 3월 말5. 장소 : 명동6. 등급 : 초급1. 사이트 : 비공개2. 업무명 : SAP SM3. 직무 : - SAP PP 모듈 운영(MRP, 생산오더, 공정관리 등)과 월 결산 및 고객 요청사항 개선 업무 지원- 제약 제조(GMP, 배치관리 등)에 대한 비즈니스 분석/설계- 생산 연계 QM업무 지원- 타 모듈과의 협업을 통한 현업 업무 개선 제안 및 생산 공정 최적화 지원- 사업장 운영 지원 시 출장 업무 수행4. 요구 경험 및 역량[Experience]- 만 3년 이상의 PP 개발 및 유지보수 업무 수행- SAP 주요 모듈(MM, QM등) 연계 경험 및 프로세스 이해도가 높은 인력[Skill & Knowledge]- 내/외부 원활한 커뮤니케이션 역량- ABAP 개발/유지보수 역량5. 기간 : 9월 ~  (연단위 계약)6. 장소 : 판교7. 등급 : 초급1. 사이트 : 비공개2. 업무명 : 파견직 근태관리시스템 구축3. 스킬 : 삼성SDS S-Lego Platform 개발 경험자4. 기간 : 7월 ~ 4개월5. 장소 : 기흥6. 등급 : 중급이상1. 사이트 : 비공개2. 업무명 : HR DW PI 및 구축3. 스킬 : DW PI,설계/분석/구축 4. 기간 : 6월 ~ 5. 장소 : 마곡 OR 서울역6. 등급 : 고급1. 사이트 :  비공개2. 업무명 : 차세대 시스템 구축-구매파트3. 업무 : 수출입시스템 구축PL - 1명, 분석/설계 - 3명비고: 엠로시스템 경험자 필요4. 기간 : 즉시 ~ 27년 8월 말5. 장소 : 울산6. 등급 : 고급1. 사이트 :  비공개2. 업무명 : 전송형 전자영장 집행시스템 구축3. 스킬 : Java, Websquare 또는 KICS(형사사법정보시스템) 경험자4. 기간 : 즉시 ~ 11월 말5. 장소 : 서초동, 사당동6. 등급 : 중급 3명, 초급 3명1. 사이트 :  XX보험2. 업무명 : 재보험 및 정청산 시스템 프로세스 고도화 3. 스킬 : Java, xPlatform, Oracle업무: 손보사 재보험 및 정청산 업무 or 손보사 일반보험 업무 경험자(재보험 출재 및 마감프로세스 업무, 공동인수 및 정산관리 업무, 임의수재보험 업무)4. 기간 : 6월 ~ 27년 2월 중순5. 장소 : 서대문6. 등급 : 중급1. 사이트 : 금융권2. 업무명 : 비대면 모바일 대출 서비스 개발3. 스킬 : 서비스개발: Full Stack언어: JAVA프레임워크 : Spring boot, vue.js3.0실행환경: Node.jsDB: Oracle인터페이스 : Rest API ,Soap API버전관리: Gitlab개발툴: STS(spring Tool Suite) ,vs code4. 기간 : 6월 ~ 7개월5. 장소 :  여의도6. 등급 : 중급 2명, 초급 1명1. 사이트 : 비공개2. 업무명 : 2026년 DevOps 프로젝트3. 스킬 : KPI 등 핵심 지표를 설계/분석ㅇ서비스 내 해동 데이터를 구조적으로 이해하고 모델링ㅇ마케팅/프로모션 ? 스키마 설계/운영ㅇ캠페인 성과 분석/VOC 분석을 통해 인사이트를 도출ㅇ데이터를 기반으로 명확한 개선 제안ㅇ협업과 커뮤니케이션이 원활한 분ㅇAmplitude/Braze/Airbridge 등 마케팅 툴 실무 경험ㅇSQL 및 데이터 분석 능력ㅇFunnel/Retention/Segment 분석 역량ㅇ프로모션/캠페인 성과 해석 능력ㅇVOC 데이터를 정성/정량적으로 분석하는 능력ㅇ통계 기반 인사이트 정리 및 스토리텔링 능력4. 기간 : 7월 ~ 27년 6월 말5. 장소 : 역삼역6. 등급 : 고급1. 사이트 : 비공개2. 업무명 : 2026년 DevOps 프로젝트3. 스킬 :  UIUX ? 디자이너 ㅇ프로토타입 제작 ~ 테스트 개선까지의 검증 과정을 직접 주도ㅇ복잡한 정보를 구조화해 일관된 UX로 구성ㅇ다양한 디바이스와 환경을 고려한 설계ㅇ데이터를 기반으로 디자인을 개선하고 확장/구축ㅇ패턴/컴포넌트/디자인 시스템을 활용한 UI/UX 구축ㅇ시각 디자인 감각 및 트랜드 이해ㅇFigma, Adobe Suites(PhotoShop, illustrator, After Effects, Adobe Xd), Lottie, User Testing Tools(Maze)4. 기간 : 7월 ~ 27년 6월 말 5. 장소 : 역삼역6. 등급 : 중급 2명1. 사이트 : 비공개2. 업무명 : BDA운영사업3. 스킬 : Airflow 숙련도: DAG 작성, Custom Operator 개발 및 Airflow 아키텍처에 대한 깊은 이해- GCP 경험: BigQuery, Cloud Storage, Cloud Functions 등 GCP 주요 서비스 실무 경험- SQL 및 Python 프로그래밍: 복잡한 SQL 쿼리 최적화 능력 및 Python을 활용한 데이터 처리 숙련도4. 기간 : 즉시 ~ 12월 말(연장가능)5. 장소 : 서초6. 등급 : 중급1. 사이트 : 비공개2. 업무명 : 데이터레이크 (AI)3. 스킬 :  데이터레이크 구축- 태블로(Tableau)개발 경험자4. 기간 : 즉시 ~ 12월 말5. 장소 :  과천6. 등급 : 고급1. 사이트 : 금융권2. 업무명 : 계정계 차세대3. 개발환경 : 스프링프레임워크(JAVA,JSP), REACT 가능 - 저축은행 또는 금융업무 경험4. 기간 : 9월 ~ 12월 말5. 장소 : 의왕6. 등급 : 중급1. 사이트 : 비공개2. 업무명 : SAP SM3.  직무소개- SAP SD 모듈 운영(주문, 출하, 매출, 물류 등)과 월 결산 및 고객 요청사항 개선 업무 지원- 제약 유통 및 영업(도매, 병의원 등)에 대한 비즈니스 분석/설계- 타 모듈과의 협업을 통한 현업 업무 개선 제안 및 영업 효율화 시스템 고도화4. 요구 경험 및 역량- 만 3년 이상의 SD 개발/유지보수 업무 수행- SAP 주요 모듈(MM, FI 등) 연계 경험 및 이해도가 높은 인력- 내/외부 원활한 커뮤니케이션 역량- ABAP 개발/유지보수 역량5. 우대사항- 제약 업계 유통 및 영업 시스템(CRM, SFA) 운영 경험- PI 혹은 ERP 구축 프로젝트(Roll-out 등) 경험6. 기간 : 즉시 ~ 연단위 계약7. 장소 : 판교8. 등급 : 초급 1. 사이트 : 비공개2. 업무명 : AI사업3. 스킬 : Python 생성형 AI업무 개발 경험자4. 기간 : 6월 ~ 6개월5. 장소 : 의왕6. 등급 : 고급 2명,  중급 1명 1. 사이트 :  금융권2. 업무명 : 차세대 - 계정계3. 스킬 : 증권사 계정계 운영 경험4. 기간 : 즉시 ~ 1년5. 장소 : 분당6. 등급 : 중급 상 ~ 고급 하1. 사이트 :  금융권2. 업무명 : 프레임워크 업그레이드3. JAVA IB20 프레임워크 업무 경험자4. 기간 : 즉시 ~ 5개월5. 장소 : 을지로6. 등급 : 고급1. 사이트 :  비공개2. 업무명 : 시험분석 및 비정형 데이터 적재 프로젝트_AI Agent 설계/개발3. 스킬 : Python4. 기간 : 즉시 ~ 7월 말5. 장소 : 증미6. 등급 : 고급 2명1. 사이트 : 비공개2. 업무명 : 샘플관리 RSM 구축 프로젝트3. 스킬 : React, Springboot4. 기간 : 즉시 ~ 8월 말5. 장소 : 증미6. 등급 : 고급1. 사이트 : 비공개2. 업무명 : WMS/물류제어 구축 프로젝트3. 스킬 : WMS 구축- 분석/설계 : 고급 - 1명- 설계/개발 : 중급이상 - 3명- I/F  개발 : 고급 - 2명-요구기술 : Oracle, BizActor, C#물류 제어 구축- 분석/설계 : 고급 - 2명- CIM 개발 : 중급이상 - 5명-요구기술 : Oracle, BizActor, C#4. 기간 : 즉시 ~ 5개월5. 장소 : 청주1. 사이트 : 금융권2. 업무명 : 금융권 DW 개발(데이터 현대화 구축)3. 스킬 : DW+Python4. 기간 : 5월 말 ~ 7개월5.  장소 : 여의도6. 등급 : 고급1. 사이트 :  비공개2. 업무명 : CJ ONE 광고센터(광고플랫폼) 캠페인 시스템 개발3. 프론트엔드 개발자 ; 5년차 이상- 광고 플랫폼 프론트엔드 개발 ; 광고센터 캠페인 화면 전반 ; 광고센터 랜딩페이지 빌더 전반 ; CJ ONE 바이럴 캠페인 지면 전반[핵심 기술]? React 실무 경험 5년 이상? Next.js 기반 프로젝트 경험? TypeScript 기반 프론트엔드 개발 경험[핵심 역량]? FSD(Feature-Sliced Design) 또는 이에 준하는 구조 설계 경험? 운영형/관리자형 화면 개발 경험? 복잡한 폼, 상태 관리, API 연동 경험? REST API 연동 및 비동기 처리 경험? 재사용 가능한 UI 컴포넌트 설계 경험? 기능 단위, 도메인 단위, 공통 영역 분리 경험? 유지보수 가능한 디렉토리 구조 설계 경험? E2E, 유닛, 통합 테스트 경험[우대사항]? Next.js App Router 경험? 관리자(Admin), 광고 플랫폼, 대시보드, 리포트 화면 개발 경험? ag-grid, 테이블, 차트 등 데이터 중심 UI 개발 경험? 단계형 입력, 다중 조건 폼, 실시간 미리보기 구현 경험? 디자인 시스템 또는 공통 UI 체계 구축 경험? 백엔드 API 스펙 조율 및 협업 경험4. 기간 : 즉시 ~ 11월 말5. 장소 : 트윈시티6. 등급 : 중급1. 사이트 : 금융권2. 업무명 : 차세대 - 계정계3. 스킬 : 증권사 계정계 운영 경험4. 기간 : 즉시 ~ 1년 5. 장소 : 여의도6. 등급 : 초급이상 3명1. 사이트 : XX보험2. 업무명 : ITO 운영3. 스킬 :  Oracle, JAVA, xPlatform, 가입설계 업무 경험자 4. 기간 : 6월 중순 ~ 12월 말 (이후 년단위 계약)5. 장소 : 서대문6. 등급 : 중급1. 사이트 : 금융권2. 업무명 : 자체전산 시스템 구축 사업3. 업무 : 여신    - 대출실행, 상환, 이자입금, 집단대출, 변경관리, 종합통장대출, 여신비대면   - 등급 : 고급 2 명, 중급 1 명 -> 2026년 6월 ~ 2027년 6월 15일고객관리     - 고객관리(CRM) - 고객관리, 데이터이행 등   - 등급 : 고급 1 명 -> 2026년 6월  ~ 2027년 6월 30일4. 스킬 :Java, Jsp, Nexcore5. 장소 : 분당1. 사이트 : 금융권2. 업무명 : 테스트관리 및 이행관리3. 스킬 : 테스트 관리, 이행관리 경험자, 금융업무 경험 필요4. 기간 : 즉시 ~ 9월 말5. 장소 : 명동6. 등급 : 고급1. 사이트 : XX보함2. 업무명 : 고객중심 디지털채널 전환3. 스킬 : Java, xPlatform, Oracle, 보험업무 경험자(업무 : 계약관리, 신계약)4. 기간 : 6월 ~ 27년 2월 중순5. 장소 : 서대문6. 등급 : 중급 2명1. 사이트 : 비공개2. 업무명 : ITO 운영3. 스킬 : Oracle, spring, JQuery, Java, miPlatform, EJB, 방카슈랑스 경험자(필수) - 고급Oracle, spring, JQuery, Java, miPlatform, EJB, 개인대출 업무 - 중급Oracle, spring, JQuery, Java, miPlatform, EJB, 신계약 경험자(필수) - 고급4. 기간 : 즉시 ~ 12월 말5. 장소 : 종각1. 사이트 : 비공개2. 업무명 : 데이터 포털 구축3. 스킬 : Java, React 다수 경험(중요)B/E, F/E 둘 다 가능자. data거버넌스 포탈 경험자풀스택개발자4. 기간 : 즉시 ~ 5개월5. 장소 : 상암6. 등급 : 고급1. 사이트 : 비공개2. 업무명 : Airflow 숙련도: DAG 작성, Custom Operator 개발 및 Airflow 아키텍처에 대한 깊은 이해BDA(Big Data Analytics) GCP 인프라 운영3. 스킬 :  Airflow 숙련도: DAG 작성, Custom Operator 개발 및 Airflow 아키텍처에 대한 깊은 이해- GCP 경험: BigQuery, Cloud Storage, Cloud Functions 등 GCP 주요 서비스 실무 경험- SQL 및 Python 프로그래밍: 복잡한 SQL 쿼리 최적화 능력 및 Python을 활용한 데이터 처리 숙련도> 우대사항 : CI/CD, 대규모 데이터(PB급) 처리 경험, 데이터 모델링, 운영 안정화(긴급장애 시 적극 문제 해결),오너십/책임감(긴급 이슈에 대한 책임감 있는 대응), 협업/커뮤니케이션 역량4. 기간 : 5월 ~ 27년 3월 말5. 장소 : 서초동6. 등급 : 중급1. 사이트 : 비공개2. 업무명 : 금융사 보험 업무 프로세스 자동화 개발1)Python 기반의 AI 서비스 및 BackEnd 개발2) 프롬프트 엔지니어링 및 응답 품질 개선3. 스킬 : LangGraph 활용 LLM 워크플로우 설계 및 구현- Python 개발 경력(3년 이상), LangGraph 등 LLM 프레임워크 사용 경험- REST API 설계 및 Git 사용 경험4. 기간 : 5월 ~ 27년 1월 말5. 장소 :  시청6. 등급 : 고급1. 사이트 : 비공개2. 업무명 : 금융사 보험 업무 프로세스 자동화 개발1) 보험 업무 프로세스 자동화-머신러닝 모델 및 RAG 서비스 구축2) RestAPI 개발3) LLM을 활용한 정형정보의 서술형 텍스트 변환3. 스킬 : 1) 머신러닝 지식 및 경험   (Classification, Decision Tree 기반 알고리즘, AutoML 등)2) RAG 서비스 및 파이프라인 이해3) REST API 개발 및 SQL 작성 능력4) Azure 기반 구축 경험, 보험 심사 프로세스 이해, LLM 및 MLOps 경험4. 기간 : 5월 ~ 27년 2월 말5. 장소 : 시청6. 등급 : 고급1. 사이트 : 비공개2. 업무명 : 내부시스템 운영3. 스킬 : Next.js/Node.js/TypeScript/SWR/Webpack4. 기간 : 6월 ~ 계속5. 장소 : 상암동6. 등급 : 고급1. 사이트 : 비공개 2. 업무명 : 인터네셔널 국제 무역시스템 구축 프로젝트3. 프로젝트 품질관리 업무 전담(품질관리자는 1명입니다.)>현재 개발단계로 개발 산출물, 개발일정, 테스트 관련하여 주로 수행>프로젝트 산출물 탬플릿, 프로젝트 프로세스 등은 정의된 상태입니다.4. 기간 : 즉시 ~ 12월 말5. 장소 : 강남역6. 등급 : 고급 1. 사이트 : 비공개2. 업무명 : 빅데이트 프로젝트 - 품질관리3. 스킬 : 품질관리(QA)4. 기간 : 즉시 ~ 6개월5. 장소 : 상암6. 등급 : 고급1. 사이트 : 비공개2. 업무명 : 특허시스템 리뉴얼 Phase33. 스킬 : React, Springboot, Oracle4. 기간 : 즉시 ~ 8월 말5. 장소 : 증미6. 등급 : 고급 3명1. 사이트 : 금융권2. 업무명 : 디지털 영사금융위임장 개발3. 스킬 : 1) MYSTAR+ 단말 개발 유경험자2) kb국민은행 N -KESA 개발 경험자(전문 포함)3) OZ리포트 개발 유경험자4. 기간 : 5월 ~ 2개월5. 장소 : 여의도6. 등급 : 중급1. 사이트 : 금융권2. 업무명 : 역외 원화결제 운영3. 스킬 : Java- 한은 금융망 M/F 기준 마감 업무 이해 및 모니터링 가능4. 기간 : 즉시 ~ 운영5. 장소 : 여의도6. 등급 : 고급1. 사이트 : 비공개2. 업무명 : Bizforce Mule 전환 기술지원3. 스킬 : Java, 인터페이스 경험자 (API, EAI 등)- 솔루션을 이용한 인터페이스 개발 (솔루션 : 세일즈포스 MuleSoft)4. 기간 : 즉시 ~ 10월 말5. 장소 : 기흥6. 등급 : 고급1. 사이트 : 비공개2. 업무명 : AX 전환 ISP 컨설팅3. 스킬 : DA  . AX 전환 ISP 컨설팅  . Oracle 환경이지만, 업무에는 무관함. 4. 기간 : 즉시 ~ 4개월5. 등급 : 고급1. 사이트 : 금융권2. 업무명 : 재산관리 시스템 구축3. 역할 : DA스킬: Oralce, 개발언어는 Java4. 기간 : 즉시 ~ 27년 3월 말5. 장소 : 명동6. 등급 : 고급1. 사이트 : 비공개2. 업무명 : SAP 운영 (MDG/MM)3.  직무식품 MDG(기준정보관리) , MM(구매관리) 운영/개발1) 필수사항- 식품 MDG(기준정보관리) , MM(구매관리)  - 운영/개발/컨설팅 경력자(고급)- ABAP 활용 개발 가능자2) 우대사항- Webdyn 활용가능 4. 기간 : 6월 ~ 27년  2월 말5. 등급 : 고급1. 사이트 : 비공개2. 업무명 : AI 컨설턴트3. 스킬 : AI모델경험이 풍부하고 물류, 자동화설비 부분 경험자 우대-고객과 커뮤니케이션을 하고 전반적인 업무흐름을 보고 컨설팅 해주실분(마인드셋 강조)4. 기간 : 6월 ~ 11월 말5. 장소 : 경기 이천1. 사이트 :  비공개2. 업무명 : CMMS(실비관리)시스템 구축_개발3. 스킬 : 한화솔루션/케미칼 CMMS 와 동일향 구축, 자사 TOMMS Lite 기반 개발- Vue.js, JAVA, MSSQL4. 기간 : 5월 ~ 9월 말5. 장소 : 을지로6. 등급 : 고급1. 사이트 : 비공개2. 업무명 : 건설/시설 플랜트 관리3. 스킬 : Java, 전자정부프레임워크- PL급 1명 (건설,시설 경험자)- 개발자 3명 (공공 경험자4. 기간 : 7월 ~ 19개월5. 장소 : 판교6. 등급 : 중급 이상 4명1. 사이트 : 비공개2. 업무명 : Apache Airflow 기반의 데이터 파이프라인 구축3. 스킬 : Python4. 기간 : 즉시 ~ 3개월5. 장소 : 여의도6. 등급 : 고급 3명1. 사이트 : 비공개2. 업무명 : FrimBanking 구축 프로젝트3. 운영 : ㅇPM-1명, 개발 및 운영 - 3명ㅇ개발환경: Xplatform, Oracle, ERP(TR;자금)ㅇ필수: Frimbanking 경험ㅇ비고: PM은 세종 출장 가능자  -근무시간: 08시 ~ 17시4. 기간 : 5월 ~ 8월 말5. 장소 : 을지로1. 사이트 : 비공개2. 업무명 : Battery Passsport 및 EUBR 규제대응 고도화(탄소중립)3. 스킬 : 1) React / Spring Boot2) 분석/설계3) 엔솔 경력자 (우대), LGES 전지 경력 및 관련 업계 경험자ㅇ개발 환경 : ReactJS 18, Spring Boot 3.05, VSCODE, Oracleㅇ수행업무 : EU Battery Passport 의무화 시점에 맞춰 BP 데이터 입력 시스템 준비기존 시스템 사용자 요구사항을 반영한 고도화(EUBR 규제대응)4. 기간 : 즉시 ~ 10월 말1. 사이트 : 비공개 2. 업무명 : DB 메타데이터 관리(DA)3. 스킬 : ㅇDA, 메타데이터 관리ㅇTool : Wise Meta4. 기간 : 5월 ~ 11월 말5. 장소 : 명동6. 등급 : 중급1. 사이트 : 비공개2. 업무명 : CloudWiz 운영, 유지보수3. 스킬 : CloudWiz 서비스 운영 및 유지보수 수행- 장애 대응, 원인 분석 및 이슈 처리 지원- 기존 기능 개선 및 품질 고도화- 신규 기능 개발 및 연계 기능 구현- 배포 지원, 운영 점검 및 시스템 안정화- 운영 문서, 산출물 및 관련 자료 현행화*스킬 : Python, Vue, REST API*필요역량- Kubernetes 및 컨테이너 기반 환경 운영 경험- Linux 환경에서 로그 확인 및 기본 점검 가능- Public Cloud 환경 운영 경험4. 기간 : 5월 ~ 27년 3월 초5. 장소 : 방배동6. 등급 : 고급 1명, 중급 2명1. 사이트 : 비공개2. 업무명 : VANTA 2차 고도화 프로젝트3. 스킬 : MLOps SW 기술자-AI 관련 자체생성 플랫폼 환경에서 DevOps적 업무-아래 영역별로 경험 필요(모든 영역을 경험할 필요는 없음)4. 기간 : 즉시 ~ 12월 말5. 장소 : 트윈시티1. 사이트 : 비공개2. 업무명 : WMS 프로젝트3. 스킬 : 안드로이드4. 기간 : 5월 ~ 10월 말5. 등급 : 5년차 이상1. 사이트 : 비공개2. 업무명 : 홈앱 2026년 유지보수 (SM)3. 스킬 : iOS + Android 운영/유지보수/배포- Vue.js, Flutter, Native Mobile, Git, React, 스토어 배포- Flutter 앱 개발 경험- iOS/Android OS 업데이트 대응 및 인증서 갱신 등- 신규 단말기 호환성 조정- WebView 기반 Hybrid 앱 개발 경험- Vue.js 기반 프론트엔드 유지보수 경험- 성능 개선경험 (앱로딩속도 개선, 메모리 최적화 등)- OS 업데이트(iOS/AOS) 사전 대응 및 검증 경험- 다양한 디바이스 테스트 및 디버깅 경험- AI 활용한 코딩, 리팩토링, 테스트 자동화 경험4. 기간 : 5월 말 ~ 12월 말5. 장소 : 종각역6. 등급 : 고급1. 사이트 : 비공개2. 업무명 : 클라우드 SA 운영3. 스킬 : 컨트롤타워 경험자 우대, SA 업무 경험자4. 기간 : 즉시 ~ 12월 말 (이후, 년 단위 연장 가능성 있음)5. 장소 : 여의도6. 등급 : 고급1. 사이트 : 비공개2. 업무명 : 2026년 비지니스데이터 운영■ 수행  업무 : DW 운영- DW 운영 업무 수행 - Data PipeLine 개발 및 배치 관리 - SQL을 이용한 데이터 추출 및 문의 응대3. 스킬 : DW, ETL(DataStage, OLAP), MSTR, SQL - DataStage 운영 및 배치 job 개발 가능한 인력   (또는 다른 ETL TOOL 운영업무 경험자)4. 기간 : 즉시 ~ 12월 말5. 장소 : 문래역6. 등급 : 중급1. 사이트 : 비공개2. 업무명 : 검사정보시스템 기능개선3. 스킬 : C#, Oracle, TIBRV(TIBCO Spotfire)경험 필수4. 기간 : 즉시 ~ 12월 말5. 장소 : 파주6. 등급 : 중급이상 3명1. 사이트 : 비공개 2. 업무명 : RMS영역(프론트엔드)3. 스킬 : JAVA, React 유경험자4. 기간 : 즉시 ~ 12월 말5. 장소 : 을지로입구역6. 등급 : 고급 1. 사이트 : 비공개2. 업무명 : 품질관리3. 역할 및 자격요건 :- 팀내 개발건에 대해 산출물 현행화 검수- 일일점검 및 장애인지 및 결과 등록  daily check (수시) - 문의응대 2일이내 처리 da check 개발자 독촉 격려- QA 경험자- IT 시스템 이해도 있는 사람- 꼼꼼하게 문서 작성 잘 하는 사람- 성격 좋은 사람(직원들 응대)4. 기간 : 즉시 ~ 12월 말5. 장소 : 마곡6. 등급 : 중급 이하1. 사이트 : 비공개 2. 업무명 : 비전AI3. 스킬 : 개발언어 : Python- AI 모델개발 : 머신비전에 활용화될 Detection, Segmentation 등 vision 모델 학습 및 경량화 작업 진행- 시스템 : LinuxOS, window4. 기간 : 즉시 ~ 12월 말5. 장소 : 마곡6. 등급 : 초~중급1. 사이트 : 금융권2.업무명 : 개발(MCI 고도화)3. 스킬 : Next.js(React), Typescript, HTML5, CSS3, SCSS, Springboot, GIT- 금융권 대내 연계솔루션 구축 ? 인터페이스 분석/설계 가능자- 연계솔루션 개발 경력 1년이상, 금융권 경력 3년이상, - Network System Programming 가능자(통신 소켓 개발 가능자) 4. 장소 : 종로5. 고급 1명, 중급 1명 (15개월) , 중급 1명(13개월)1. 사이트 : 비공개2. 업무명 : 프로젝트/품질 및 사업관리(경영정보팀 포탈/경영지원 파트)3. 스킬 : 프로젝트 일정관리, 품질 및 산출물 관리, 이슈관리 등을 수행 - CNS SM PL과 Co-Work이 필요하며 프로젝트 인원과의 원활한 소통이 필요함 - 현재 프로젝트는 법무포탈, 지식재산권 시스템 솔루션업체의 개발을 관리 - 애버커스 SM 인원과의 긴밀한 업무 협조 필요 - 추가적으로 마당 내 발생하는 개발건에 대한 MM산정, 투심준비 등 프로젝트 Made 작업도 할 수 있음   (CNS SM PL이 사업화를 못하고 있는 부분이 있어 저희 인원이 투입되어 사업화 할 수 있으면 함)4. 기간 : 즉시 ~ 6개월5. 장소 : 상암6. 등급 : 고급1. 사이트 : 금융권2. 업무명 : 개발(XX은행 중장기 IT인프라 구축 3단계)3. 스킬 : JAVA, 연계솔루션 활용 금융연계시스템 구축 경험(iGate, Anylink, CruzLink, eLink, 등)- 금융권 대내 연계솔루션 구축 ? 인터페이스 분석/설계 가능자- 연계솔루션 개발 경력 1년이상, 금융권 경력 3년이상,- Network System Programming 가능자(통신 소켓 개발 가능자 4. 기간 : 5월 ~ 13개월5. 장소 : 상암6. 등급 : 고급1. 사이트 : 비공개2. 업무명 : 회원 서비스 B/E 개발3. 스킬 :대용량 트래픽과 트랜젝션 관리하는 시스템 아키텍처 설계 및 개발- OAuth, OIDC 기반 회원서비스 개발 및 백엔드 시스템 구축 [Experiences]-백앤드 개발 3년~15년 및 그에 준하는 경험 및 역량 보유-OAuth, OIDC, JWT 등 회원서비스 개발 경험 보유 및 역량 보유-모바일 환경을 고려한 Network Protocol 설계 경험 보유-대용량 트래픽을 처리 할 수 있는 Server Architecture Design 경험 보유-대규모 서비스 설계, 구축, 운영 경험 보유-Kubernetes를 활용한 서비스 운영 경험 보유-신기술에 대해 지속적인 관심을 가지고 활용 및 적용 경험 보유[Skill/ Knowledge]-JAVA 언어로 Spring framework를 활용한 개발 역량 보유-REST API와 JSON 대한 전반적인 이해와 개발 역량 보유-대용량 분산 환경에서의 스토리지 설계 및 운영 경험이 있으신 분 (Hadoop, HBase, Redis, MongoDB, PostgreSQL, MySQL 등)-원활한 커뮤니케이션 능력 및 협업 능력 보유4. 기간 : 즉시 ~ 27년 2월 말5. 장소 : 트윈시티6. 등급 : 초/중급1. 사이트 : 비공개2. 업무명 : MES 개발자 3. 요구기술 : C#.NET, Oracle, BizActorㅇ수행업무 : MESㅇ비  고 : LG 이노텍 업무 경험자 우대   구미외 타지 거주자는 체제비 별도 지원 예정4. 기간 : 즉시 ~ 8월 말5. 장소 : 구미6. 등급 : 중급1. 사이트 : 비공개2. 업무명 : 전자 자바 개발3. 스킬 : Java, Vue.js34. 기간 : 5월 ~ 10월 말5. 장소 : 기흥6. 등급 : 중급1. 사이트 : 비공개2. 업무명 : 정보계 품질관리 업무3. 스킬 : 품질관리, 정보계(DW) 경험자4. 기간 : 즉시 ~ 6개월5. 장소 : 상암6. 등급 : 고급1. 사이트 : 비공개2. 업무명 : HWMS 운영 서비스, LCAP 용역3. 스킬 : Outsystems(필수)분석/설계/개발, Oracle PL/ SQL4. 기간 : 6월 ~ 12월 말5. 장소 : 을지로6. 등급 : 고급1. 사이트 : 비공개2. 업무명 : 26년 정보시스템 통합유지보수3. 스킬 : Java, jsp, Spring, 이클립스,오라클,프로시저 (함수 많음)- 금융 / 회계 개발 및 유지보수 업무 경험자 - 유사 사업 경력 5년 이상       - 정보처리기사 자격 보유자 필수- SW기술자경력증명 제출 (등급 증빙) 필수- 반프리 가능자4. 기간 : 즉시 ~ 12월 말 ( 이후, 년 단위 연장)5. 장소 : 수원시6. 등급 : 고급1. 사이트 : 비공개2. 업무명 : 운영 프로젝트 기획자3. 스킬 : 피그마 실무 경험 필수 (포트폴리오 제출 必)콘텐츠 운영, UI 개선 등의 실무 경험 필수IoT서비스 경험 우대4. 기간 : 즉시 ~ 12월 말5. 장소 : 구로디지털단지역6. 등급 : 중급1. 사이트 : 금융권2. 업무명 : FATCA 프로젝트3. 스킬 : PM(증권 경험 우대)4. 기간 : 5월 ~ 6개월5. 장소 : 여의도6. 등급 : 고급1. 사이트 : 비공개2. 업무명 : 데이터 포털 구축3. 스킬 : Java, React 가능자, data거버넌스 포탈 경험자4. 기간 : 즉시 ~ 5개월5. 장소 : 상암6. 등급 : 고급1. 사이트 : 비공개2. 업무명 : 어플리케이션 시스템 개발/개선3. 스킬 : JAVA(Spring), Javascript(React.js),EXT.js, MS-SQL (DB Procedure), Nexacro, 주문관리시스템 경험자 우대4. 기간 : 4월 말 ~ 3.5개월5. 장소 : 을지로6. 등급 : 고급1. 사이트 : 비공개2. 업무명 : Outsystems 개발3. 스킬 : PL경험자, 1개월 분석/2개월 미국출장 업무수행, Outsystem경험 필수4. 기간 : 즉시 ~ 3개월5. 장소 : 시청5. 등급 : 고급 2명1. 사이트 : 금융권2. 업무명 : 은행 비대면 자산관리 운영 (기획+디자인)3. 스킬 : 비대면 자산관리 기획- 기획(주) + 디자인(부)- 시중은행 위주의 레퍼런스- 비대면 자산관리 기획 경력4. 기간 : 4월 말 ~ 7월 말5. 장소 : 여의도6. 등급 : 중급1. 사이트 : 비공개2. 업무명 : G과제 프로젝트3. 스킬 : React, Sprongboot4. 기간 : 5월 ~ 8월 말5. 장소 : 대전6. 등급 : 고급 2명1. 사이트 : 비공개2. 업무명 : 비용관리 비R&D영역 확장 프로젝트3. 스킬 : React, Sprongboot4. 기간 : 5월 ~ 8월 말5. 장소 : 대전6. 등급 : 고급 2명1. 사이트 : 비공개2. 업무명 : Elisa, B-LEX DB전환 및 기능확인 프로젝트3. 스킬 : java, jsp  ,  MSSQL, Oracle 기존소스 분석 및 개발능숙한 개발자4. 기간 : 5월 ~ 8월 말5. 장소 : 대전6. 고급 2명1. 사이트 : 비공개2. 업무명 : R&D 기준정보 관리 프로젝트3. 스킬 : React, Sprongboot, Oracle 기존소스 분석 및 개발능숙한 개발자4. 기간 : 5월 ~ 8월 말5. 장소 : 대전6. 고급 2명1. 사이트 : 비공개2. 업무명 : M-DN 고도화3. 스킬 : React, Sprongboot, Oracle 기존소스 분석 및 개발능숙한 개발자4. 기간 : 5월 ~ 8월 말5. 장소 : 대전6. 고급 2명1. 사이트 : 비공개2. 업무명 : 소형C-DN 고도화3. 스킬 : SpreadJS , java, jsp  ,  MSSQL, Oracle 기존소스 분석 및 개발능숙한 개발자4. 기간 : 5월 ~ 9월 말5. 장소 : 대전6. 고급 2명1. 사이트 : 비공개2. 업무명 : 교직원 복지 관련 공공기관 프로젝트3. 물품 전시 파트 분석 설계 및 개발- 프로그램설계 : as-is 소스분석(struts, DB2) 후 TO-BE 설계- 개발환경 :  java, postgreSQL, vanilla JS, 네이버지도                 랜더링 API 핸들링- 4년 이상 6년 미만 경력자4. 기간 : 즉시 ~ 27년 4월 중순5. 장소 : 종로3가역1. 사이트 : 비공개2. 업무명 : 차세대 ERP 구축3. 스킬 : Java, Oracle- ERP생산(구매자재) 업무경험 필수- WEB시스템 분석/설계 가능한 분4. 기간 : 즉시 ~ 3개월 (이휴, 연장예정)5. 장소 : 마곡6. 등급 : 고급 2명1. 사이트 : 비공개2. 업무명 : 자재창고 구축3. 스킬 : React, Springboot- Plant 창고/물류 프로젝트 경험 필수4. 기간 : 즉시 ~ 4개월5. 장소 : 증미6. 등급 : 고급 2명1. 사이트 : 비공개2. 업무명 : R&D 과제프로젝트3. 스킬 : React, Springboot4. 기간 : 즉시 ~ 4개월5. 장소 : 대전6. 등급 : 고급 3명1. 사이트 : 비공개2. 업무명 : 차세대3. 스킬 : 번역중계 업무 경험자4. 기간 : 즉시 ~ 27년 2월 말5. 장소 : 여의도6. 등급 : 특급 1명, 중급 1명1. 사이트 : 비공개2. 업무명 : MES3. 스킬 : MES -JAVA개발제조 경험 필수, 현대 계열사 경험 필수우대사항: EHS, SHE 구축 경험 우대4. 기간 : 4월 말 ~ 9.5개월5. 장소 : 분당6. 등급 : 고급1. 사이트 : 비공개2. 업무명 : 구매 업무 웹기반 시스템 구축3. 스킬 : Java,분석,설계/구매업무 경험 4. 기간 : 즉시 ~ 12월 말5. 장소 : 마곡6. 등급 : 고급1. 사이트 : 비공개2. 업무명 : CloudOps 유지보수3. ㅇSRE 포지션 - 1명, >클라우드 인프라(AWS, Azure) 의 전반적인 경험/스킬,  >Kubernetes(K8s) 구조 경험 >Site Reliability Engineer 또는 관련 분야에서 3년 이상의 경력>DevOps 기반 운영 엔지니어링 직무.ㅇDevSecOps 포지션 - 1명>DevSecOps(DevOps+Security) 또는 관련 분야에서 4년 이상의 경력, >EC2 기반에 AWS 운영 경험 >우대사항 : 영어로 의사소통 가능하신 분4. 기간 : 5월 ~ 12월 말5. 장소 : 판교6. 등급 : 고급 2명1. 사이트 : 비공개2. 업무명 : 데이터 표준화3. 스킬 : DA, 데이터표준화 업무 전문인력4. 기간 : 즉시 ~ 27년 12월 말5. 장소 : 원주6. 등급 : 고급1. 사이트 : 비공개2. 업무명 : 글로벌 구매업무시스템 프로젝트3. 스킬 : 해외 고객사 대상 영어 커뮤니케이션 전반 리딩   (요건 협의,진척 보고, 이슈 대응)- 프로젝트 진척도, 개발 일정 등 PMO 관점의 프로젝트 관리- 프로젝트 이해관계자 대상 회의 진행 및 운영/관리- PPT, Excel 기반 프로젝트 현황 자료 작성 및 고객 보고- 고객사 미팅을 통한 솔루션 요건 도출 및 분석- 도출된 요건을 내부 개발팀(한국인)과 협의하여 솔루션 적용 방안 수립- 개발 결과물 및 협의 사항 고객사 전달·설명- 고객사 이슈·변경 요청에 대한 주도적 대응 및 방어(defending- B2B SaaS (ERP 등)또는 SI 프로젝트 PMO 경험- PJT내 개발 프로세스(분석-설계개발)에 대한 기본 이해도 필수- 비즈니스 영어 원어민 수준 (읽기/쓰기/말하기)- 영어 기반의 고객 미팅 및 논리적 대응 경험 (단순 통·번역 수준 이상)- PPT, Excel 활용 능력 (프로젝트 관리 문서 작성 수준)- 다국적 Stakeholder 환경에서의 프로젝트 수행 경험4. 기간 : 4월 중순 ~ 8월 말5. 장소 : 영등포구6. 등급 : 고급1. 사이트 : 비공개2. 업무명 : ARLS 고도화3. 스킬 : Java4. 기간 : 5월 ~ 12월 말5. 장소 : 화성6. 등급 : 고급 초 3명 1. 사이트 : 비공개2. 업무명 : 신계약 자동대량 가입설계 시스템 구축3. 스킬 :  Java(서버) Vue.js Websquare (화면) 보험경험4. 기간 : 5월 ~ 11월 말5. 장소 : 강남역6. 등급 : 고급 4명1. 사이트 : 비공개2. 업무명 : ITO 운영3. 스킬 : SAP TR 컨설턴트 경험자 / 금융상품 유관 프로젝트 경험자( IFRS, FI,TR,SWIFT등)- PI(Process Innovation) 컨설팅 경험자, 자산운용 회계 관련 업무가능자4. 기간 : 5월 중순 ~ 12월 말5. 장소 : 여의도6. 등급 : 중급1. 사이트 : 비공개2. 업무명 : GA시스템 운영 개발3. 스킬 : NCRM(JavaScript), JQuery, ORACLE, BXM (Java…)4. 기간 : 5월 ~ 12개월5. 장소 : 종각역 부근6. 등급 고급(IT 경력 10년 1개월 이상 + 금융사 경력 5년 1개월 이상) 1. 사이트 : 비공개2. 업무명 : 자산관리 통합시스템 구축3. 스킬 : Java, Spring(HONE Framework), NexacroN, Oracle4. 기간 : 4월 중순 ~ 10개월5. 장소 : 마곡6. 등급 : 고급 6명1. 사이트 : 비공개2. 업무명 : 차세대3. 스킬 : 계정계 / 정보계 경험자 / 보험사 경험자고유자산 6~7명. 금융상품 5~6명정도가 있습니다. pro*c 보험 또는 금융업무 경험자4. 기간 : 즉시 ~ 27년 2월 말5. 장소 : 여의도6. 등급 : 중급 이상1. 사이트 : 비공개2. 업무명 : 노후 ERP장비 교체에 따른 JAVA Version Upgrade3. 스킬 : 업무포털(전표/근태/설비/생산 등), 전자결재 웹서비스 개발- Java 6 -> 8  Version Upgrade4. 기간 : 5월 ~ 10월5. 장소 : 을지로6. 등급 : 고급1. 사이트 : XX보험2. 업무명 : 디지털 전환 구축 3. 스킬 : Java, xPlatform, Oracle업무: 고객, 계약관리, 청구, 신계약, 인수심사, 가입설계, 심사 업무 경험자4. 기간 : 3월 말 ~ 13개월5. 장소 : 서대문 6. 등급 : 고급 5명1. 사이트 : 비공개2. 업무명 : 프로젝트 업무지원3. 스킬 : 서무지원 업무(회의록 및 보고서 작성)- 커뮤니케이션에 문제 없는자- CAD 보고 문서화 가능자(필수)4. 기간 : 즉시 ~ 27년 12월 말5. 등급 : 초/중급* 자격요건ㆍ학력 : 전문졸 이상* 우대사항ㆍ정보처리 산업 기사 및 기사 자격증소지자 우대ㆍ 진취적 성향의 분석 가능자 우대  

















전형절차
ㆍ서류전형 > 1차면접 > 2차면접 > 임원면접 > 최종합격
ㆍ면접일정은 추후 통보됩니다.













유의사항
ㆍ허위사실이 발견될 경우 채용이 취소될 수 있습니다.









"	[]	모집분야   JAVA 개발-금융,공공,일반기업   모집인원   ○○명   고용형태   정규직      ,    계약직   (정규직 전환 가능)   ,    프리랜서   (정규직 전환 가능)   직급/직책   급여   연봉 3,000만원 이상 (면접 후 결정)   근무시간   근무지주소   서울 강남구 영동대로141길 28 (청담동)    인근지하철   주5일(월~금)   09:00 ~ 18:00	경력1년↑, 초대졸↑, 서울 강남구, 정규직 외, 3,000만원 이상, 사원급 외	{'basic_info': {'산업': '솔루션·SI·CRM·ERP', '사원수': '52명 | ', '기업구분': '중소기업', '설립일': '2007.10.12 | (20년차)', '자본금': '- | ', '매출액': '- | ', '대표자': '송혜웅', '대졸초임': '3,000만원', '주요사업': '소프트웨어자문, 재발및판매 / 컴퓨터및주변기기판매 / 시스템통합운용', '4대보험': '국민연금, 건강보험, 고용보험, 산재보험', '홈페이지': 'http://ibtsys.co.kr/', '주소': '서울 금천구 디지털로9길 68 (가산동, 대륭포스트타워 5차) 1209호'}, 'financial': {}, 'history': [], 'employment': {'recruitments': []}, 'benefits': {'연금·보험': ['퇴직연금'], '보상·수당·지원': ['경조금', '명절선물/명절상여', '각종 기념일 선물']}, 'location': {'address': '서울 금천구 디지털로9길 68 (가산동, 대륭포스트타워 5차) 1209호', 'map_url': 'https://maps.naver.com/?mapMode=0&dlevel=12&pinTitle=%ec%95%84%ec%9d%b4%eb%b9%84%ed%8b%b0%ec%97%90%ec%8a%a4%e3%88%9c&lat=37.4810245161438&lng=126.886341231063'}}	https://www.jobkorea.co.kr/Recruit/GI_Read_Comt_Ifrm?Gno=49349221
㈜아인잡	프론트엔드 개발자	프론트엔드 개발자	"



㈜아인잡을 소개해요

AINJOB은 AI 기반 HR/채용 SaaS를 구축하고 있으며,
사용자 · 기업 · AI 매칭엔진이 연결되는 대규모 플랫폼으로 확장하고 있습니다.

프론트엔드는
ㆍHR 관리자 웹
ㆍ기업용 콘솔
ㆍ구직자 웹
등 다양한 화면을 설계·구현하며 제품의 핵심 UI/UX를 책임집니다.

본 포지션은 설계 → 개발 → 배포 → 운영까지 소유권 있게 수행하며
Next.js 기반 아키텍처 경험과 실전 UI/UX 역량을 빠르게 성장시킬 수 있습니다.

[함께하면 좋은 이유]
ㆍNext.js 기반 클린 아키텍처 경험 축적
ㆍ고도화된 관리자 UI/UX 개발 경험 확보
ㆍAI 매칭/자동화/LLM 기반 기능 개발 참여
ㆍSenior FE로 성장 가능한 트랙 제공
ㆍ빠르게 성장하는 HR SaaS의 핵심 초기 멤버

https://www.ainjob.com/


이런 업무를 해요

1. HR 서비스 웹 프론트 개발
ㆍNext.js(React) 기반 웹 서비스 개발
ㆍ관리자/기업/지원자 화면 UI 개발
ㆍ검색·필터·페이징 등 실무 기능 구현

2. UI/UX 품질 향상 및 구조 설계
ㆍ컴포넌트 분리/설계 및 재사용성 고려
ㆍMUI / Styled-components 기반 화면 개발
ㆍ사용자 행동 기반 UX 개선 제안

3. API 연동 및 상태 관리
ㆍREST API 연동
ㆍReact Query 또는 Redux/Recoil 기반 상태관리
ㆍ로딩/에러 처리 및 비동기 최적화

4. 프론트 개발 환경 및 공통 모듈 구축
ㆍNext.js 프로젝트 구조 설계(app router 포함)
ㆍ공통 컴포넌트/훅/util 모듈 구축
ㆍ반응형 UI, SEO, 성능 최적화

5. 운영 및 협업
ㆍGitHub 기반 협업, 코드 리뷰
ㆍSlack/Jira 기반 작업 관리
ㆍ기능 명세·컴포넌트 문서 작성

6. WebView 기반 Hybrid App 화면 개발
ㆍ모바일용 WebView 환경 고려한 UI/UX 개발
ㆍ반응형 구조와 Touch Interaction 고려한 구현



이런 분들을 찾고 있어요

ㆍ학력 : 대졸이상
ㆍ프런트엔드 실무 경력 3~4년
ㆍReact 기반 개발 경험
ㆍNext.js(12~13+) 기반 SSR/CSR 개발 경험
ㆍTypescript 기반 개발 능력
ㆍREST API 연동 및 상태관리(Recoil/Redux/React-Query 중 1개 이상)
ㆍMUI 또는 styled-components 기반 UI 개발 경험
ㆍHTML/CSS/반응형 UI 구현 능력
ㆍGit 기반 협업 경험
ㆍWebView 기반 모바일 앱 화면 구현 경험 
ㆍ모바일 UI/UX 및 반응형 구조 설계 경험



이런 분이면 더 좋아요

ㆍNext.js 13 (app router) 경험
ㆍReact Query, Zustand, SWR 등 최신 데이터 패칭 라이브러리 사용 경험
ㆍStorybook 기반 컴포넌트 문서화
ㆍJest / Testing-library 기반 테스트 경험
ㆍHR/CRM/오퍼레이션 관리자 UI 개발 경험
ㆍAI Agent 활용 UI 개발 경험 (우대)
ㆍ앱 배포 프로세스 경험

[연봉 및 보상]
ㆍ역량·경력에 따라 협의 가능
ㆍ스톡옵션 협의 가능

[전형 절차]
1.  잡코리아 사이트 통한 서류 통과 메시지 (메시징 응답 없을경우 문자 드림)
2.  MS TEAMS 영상 면접
3.  과제 및 과제 발표 순서
4.  평판조회, 및 증빙서류 제출



이런 기술이 필요해요

CSS
Git
HTML
Jira
React
TypeScript
GitHub
Next.js
UI/UX
REST API



이런 조건에서 근무할 예정이에요

ㆍ고용 형태 : 정규직

                        ㆍ근무지 주소 : 서울 강남구 강남대로 310 (역삼동, 유니온센터오피스텔) 1701
                        지도보기




함께하면 이런 점들이 좋아요

ㆍ인센티브, 4대 보험 등
ㆍ사내 동호회 : 지원
ㆍ교육비
ㆍ한국 산업 진흥원 회원사로 각종 교육 프로그램 지원
ㆍ간식 제공 (아침 토스트)
ㆍ스타벅스 커피, 과일, 간식, 휴게실
ㆍ사무실 : 공기 청정기, 가습기, 나무, 최신 컴퓨터, MS, ADOBE LICENSED
ㆍ데스크, 의자 등 : FURSIS5



합류 여정은 이렇게 진행돼요

ㆍ면접일정은 추후 통보됩니다.




지원 시 유의해주세요
허위사실이 발견될 경우 채용이 취소될 수 있습니다.



"	[]		경력3년↑, 대졸↑, 서울 강남구, 정규직	{'basic_info': {'산업': '포털·컨텐츠·커뮤니티', '사원수': '5명 | ', '기업구분': '중소기업', '설립일': '2017 | (10년차)', '자본금': '8억원 | ', '매출액': '1억원 | ', '대표자': '구연주', '주요사업': '인공지능 platform', '4대보험': '국민연금, 건강보험, 고용보험, 산재보험', '홈페이지': 'http://www.ainjob.com', '주소': '서울 강남구 강남대로 310 (역삼동, 유니온센터오피스텔) 1701'}, 'financial': {'매출액': {'current_value': '3,150만원'}, '영업이익': {'current_value': '-1억 1,526만원'}, '당기순이익': {'current_value': '-1억 2,715만원'}, '산업 내 위치': {'current_value': None}, '기업등급': {'current_value': None}, '총자산 증가율': {'current_value': '1억 4,355만원'}}, 'history': [], 'employment': {'recruitments': []}, 'benefits': {'연금·보험': ['국민연금', '고용보험', '산재보험', '건강보험', '퇴직연금'], '휴무·휴가·행사': ['주5일제', '연차제도', '월차제도', '정기휴가', '반차제도', '리프레시 휴가', '포상휴가', '출산휴가', '워크샵/MT', '야유회'], '보상·수당·지원': ['스톡옵션', '퇴직금', '인센티브', '장기근속 포상', '우수사원 포상제도', '자기개발 지원', '도서 구입비 지원', '성과급'], '사내제도·성장': ['사내 외국어강좌 운영', '신입 사원 교육', '직무능력향상교육', '리더쉽강화교육'], '편의·여가·건강': ['사내 동호회', '점심 식사 지원', '아침 식사 지원']}, 'location': {'address': '서울 강남구 강남대로 310 (역삼동, 유니온센터오피스텔) 1701', 'map_url': 'https://maps.naver.com/?mapMode=0&dlevel=12&pinTitle=%e3%88%9c%ec%95%84%ec%9d%b8%ec%9e%a1&lat=37.4909988390187&lng=127.031502927482'}}	https://www.jobkorea.co.kr/Recruit/GI_Read_Comt_Ifrm?Gno=49348986
㈜서인시스템	공공 프로젝트 운영 개발자를 모집합니다.	['CI/CD', '파이프라인', '운영,', 'DevOps']	"




㈜서인시스템


공공 프로젝트 운영 개발자 모집합니다.












포지션 및 자격요건







웹개발자( 2명 ) 







정부24 운영 관리 업무 참여담당업무
ㆍ공공기관 프로젝트 유경험자ㆍCI / CD 및 파이프라인 운영관리 가능자ㆍGitHub AcTIONS, Jenkins, GitLab CI, Docker 기술등급ㆍ초급기술자 (3년이상~~), 중급기술자
장소
ㆍ광화문

기간
ㆍ투입일로부터 12월31일까지 (운영사업특성상 내년에도 계속 진행 가능)   



















전형절차
ㆍ서류전형 > 1차면접 > 2차면접 > 임원면접 > 최종합격
ㆍ면접일정은 추후 통보됩니다.













유의사항
ㆍ허위사실이 발견될 경우 채용이 취소될 수 있습니다.









"	[]	모집분야   CI/CD 파이프라인 운영, DevOps   모집인원   ○명   고용형태   정규직      ,    계약직   (근무기간 6개월, 정규직 전환 가능)   ,    프리랜서   (근무기간 6개월, 정규직 전환 가능)   직급/직책   급여   회사 내규에 따름 (면접 후 결정)   근무시간   근무지주소   서울 종로구 새문안로5길 37 (도렴동, 도렴빌딩) 8층   인근지하철   주5일(월~금)   09:00 ~ 18:00	경력3년↑, 초대졸↑, 서울 종로구, 정규직 외, 사원급 외	{'basic_info': {'산업': '응용 소프트웨어 개발 및 공급업', '사원수': '10명 | (2025.06.13)', '기업구분': '중소기업', '설립일': '2009.10.01 | (18년차)', '자본금': '5,000만원 | (2024.12.31)', '매출액': '3억 4,688만원 | (2024.12.31)', '대표자': '최은태', '주요사업': '소프트웨어(공공기관) 개발,공급,시스템통합관리,DB 구축,자료 처리/컴퓨터,주변기기 도소매,무역,전자상거래', '4대보험': '국민연금, 건강보험, 고용보험, 산재보험', '홈페이지': 'http://www.seoinsys.com', '주소': '서울 금천구 디지털로9길 99 (가산동, 스타밸리) 602호'}, 'financial': {'매출액': {'current_value': '3억 4,688만원'}, '영업이익': {'current_value': '-1억 8,879만원'}, '당기순이익': {'current_value': '-1억 8,684만원'}, '산업 내 위치': {'current_value': None}}, 'history': [{'year': '2024', 'month': '05', 'events': ['법인등기변경(대표이사 변경)', '사내이사 최은태 취임']}, {'year': '2017', 'month': '10', 'events': ['사업장 이전']}, {'year': '2015', 'month': '09', 'events': ['15년 국가 건물에너지 통합관리시스템 운영유지관리 참여']}, {'year': '2015', 'month': '05', 'events': ['국가공간정보 취합.연계 체계 통합기반 구축사업 참여']}, {'year': '2015', 'month': '03', 'events': ['국가 건물에너지 통합관리시스템 구축(3차) 사업 15년도 참여']}, {'year': '2014', 'month': '05', 'events': ['국가 건물에너지 통합관리시스템 구축(3차) 사업 14년도', '2014년 국가공간정보센터 시스템 고도화 사업 수주']}, {'year': '2014', 'month': '01', 'events': ['2014년 국가공간정보센터 시스템 유지관리 참여']}, {'year': '2013', 'month': '06', 'events': ['부동산행정정보일원화 사업참여']}, {'year': '2013', 'month': '05', 'events': ['2013년 국가공간정보센터 시스템 고도화 사업 수주']}, {'year': '2013', 'month': '04', 'events': ['국가건물에너지 통합구축시스템 구축사업(3차) -2013년도 참여(국토해양부)']}, {'year': '2012', 'month': '09', 'events': ['법인등기변경(대표이사 중임)']}, {'year': '2012', 'month': '07', 'events': ['국가건물에너지 통합구축시스템 구축사업(3차) 참여(국토해양부)']}, {'year': '2012', 'month': '04', 'events': ['법인등기변경(감사 퇴임)', '국토정보시스템 기능고도화 사업 진행 (국토해양부)']}, {'year': '2012', 'month': '03', 'events': ['2012년 국토정보시스템 기능 고도화 사업 수주']}, {'year': '2012', 'month': '01', 'events': ['국가공간정보센터 구축 참여(국토해양부)']}, {'year': '2011', 'month': '10', 'events': ['부산/창원 민자고속도로 SW 개발 참여']}, {'year': '2011', 'month': '07', 'events': ['국가건물에너지 통합구축시스템 구축사업(2차) 참여(국토해양부)']}, {'year': '2011', 'month': '04', 'events': ['건축물카드대장 통합관리 프로그램 등로(한국 저작권회)', '승강기 안전DB 구축사업 수주(행정안전부)', '영업통합정보체계 (도로공사) 참여', '국가DB구축사업 (승강기안전DB구축사업)', '도로명주소 정보화 사업 참여']}, {'year': '2011', 'month': '03', 'events': ['경기도 구리시 건축물카드대장 전산화사업 수주']}, {'year': '2010', 'month': '12', 'events': ['민자호환교통카드 서고주부분 SW개발 기술지원', '유료도로호환교통카드 SW 개발 용역(한국도로공사)']}, {'year': '2010', 'month': '11', 'events': ['거가대교 전자카드 정산 SW개발 기술지원']}, {'year': '2010', 'month': '10', 'events': ['국가건물에너지 통합구축시스템 구축사업(1차) 참여(국토해양부)']}, {'year': '2010', 'month': '09', 'events': ['본사 이전 : 서울 서초구 방배2동 951-19 현진빌딩 402호', '사업장 이전']}, {'year': '2010', 'month': '08', 'events': ['국가공간정보센터 구축 참여(국토해양부)']}, {'year': '2010', 'month': '04', 'events': ['건축물 카드대장 자료입력사업']}, {'year': '2010', 'month': '03', 'events': ['서울시 건축물카드대장 보존문서화 사업 수주(서울특별시)']}, {'year': '2009', 'month': '10', 'events': ['(주)서인시스템 설립']}], 'employment': {'recruitments': []}, 'benefits': {'휴무·휴가·행사': ['주5일제']}, 'location': {'address': '서울 금천구 디지털로9길 99 (가산동, 스타밸리) 602호', 'map_url': 'https://maps.naver.com/?mapMode=0&dlevel=12&pinTitle=%e3%88%9c%ec%84%9c%ec%9d%b8%ec%8b%9c%ec%8a%a4%ed%85%9c&lat=37.4815607489837&lng=126.88491993952'}}	https://www.jobkorea.co.kr/Recruit/GI_Read_Comt_Ifrm?Gno=49348804
레몬헬스케어	[레몬헬스케어] 풀스택 개발자 구인	['풀스택', '개발자', '모집']	                          포지션 및 자격요건       풀스택 개발자 구인(0명) 팀원    담당업무   건강의신 개발 및 운영     필수사항- Java, SpringBoot 기반 Back-End 개발 경험- JPA, QueryDSL 등 ORM 활용 경험- RESTful API 개발 경험- Vue(혹은 React), Typescript 기반으로 개발 경험이 있으신 분- JavaScript / ES6 사용 경험 및 개발가능한 수준의 이해도를 가지신 분- 재사용 가능한 Component 개발 경험- Git 사용 경험     우대사항  - MSA or Multi-Module Architecture 경험- Kafka, MQ 등 사용 경험- Agile, 코드리뷰 경험- DB(PostgreSQL, MySQL), Redis, Kafka 등 사용 경험- WebView개발 경험 및 커뮤니케이션 경험이 있으신 분- 헬스케어 데이터 기반 서비스 구축 경험- 네이버클라우드/AWS 등 클라우드 서버 사용 경험- 다양한 직군과의 협업 및 원활한 소통 능력- 빠르게 변화하는 환경 대처 능력                  전형절차          서류전형    1차면접    2차면접(필요시)    최종합격    * 채용 직무/직책에 따라 전형 절차는 변동될 수 있습니다. * 면접 일정은 추후 통보됩니다.        유의사항     허위사실이 발견될 경우 채용이 취소될 수 있습니다.           	['https://file1.jobkorea.co.kr/Mng/2026/3/mcarelemon_0324_0.jpg']	모집분야   풀스택 개발자 모집   모집인원   ○명   고용형태   정규직   (수습 3개월)   직급/직책   급여   회사 내규에 따름 (면접 후 결정)   근무시간   근무지주소   서울 금천구 가산디지털1로 145 (가산동, 에이스하이엔드타워3차) 1005호   인근지하철   주5일(월~금)   09:00 ~ 18:00	경력6년↑, 초대졸↑, 서울 금천구, 정규직, 팀원	{'basic_info': {'산업': '모바일·APP', '사원수': '94명 | ', '기업구분': '중소기업', '설립일': '2017.06.01 | (10년차)', '자본금': '5억원 | ', '매출액': '159억 5천만원 | (2025.12.31)', '대표자': '홍병진', '대졸초임': '3,700만원', '주요사업': '의료정보관련 소프트웨어 개발', '4대보험': '국민연금, 건강보험, 고용보험, 산재보험', '홈페이지': 'http://www.lemonhc.com', '주소': '서울 금천구 가산디지털1로 145 (가산동, 에이스하이엔드타워3차) 1005호', '계열사': '데이타뱅크그룹 (주)데이타뱅크 (주)아크데이타'}, 'financial': {}, 'history': [], 'employment': {'recruitments': []}, 'benefits': {'연금·보험': ['국민연금', '고용보험', '산재보험', '건강보험', '퇴직연금'], '휴무·휴가·행사': ['주5일제', '연차제도', '정기휴가', '경조휴가', '반차제도', '위로휴가', '리프레시 휴가', '포상휴가', '출산휴가', '육아휴직', '남성출산휴가', '보건휴가', '창립일 휴무', '노동절 휴무', '워크샵/MT', '체육대회', '야유회'], '보상·수당·지원': ['스톡옵션', '퇴직금', '경조금', '인센티브', '사내대출', '장기근속 포상', '우수사원 포상제도', '임직원 교육비', '각종 기념일 선물', '도서 구입비 지원', '성과급', '복리후생 지원', '주거비 지원'], '사내제도·성장': ['신입 사원 교육', '직무능력향상교육'], '사내시설': ['휴식공간', '카페테리아', '사내도서관', '주차장', '수면실', '샤워실'], '편의·여가·건강': ['사내 동호회', '건강검진', '저녁 식사 지원'], '기타': ['유연근무제', '분기별 인당9만원 회식비지원', '사내 상조회 토탈지원서비스', '레몬복지몰', '10만원 상당 다이어리, 머그컵,텀블러, 여권지갑 웰컴키드제공', '교육비, 교재비 100%지급', '매주20만원상당 간식과음료제공', '동호회비100%지원', '멘토링 최대 15만원 지원', '최신PC, 모니터, 시디즈의자 제공']}, 'location': {'address': '서울 금천구 가산디지털1로 145 (가산동, 에이스하이엔드타워3차) 1005호', 'map_url': 'https://maps.naver.com/?mapMode=0&dlevel=12&pinTitle=%eb%a0%88%eb%aa%ac%ed%97%ac%ec%8a%a4%ec%bc%80%ec%96%b4&lat=37.4781956083075&lng=126.881612019664'}}	https://www.jobkorea.co.kr/Recruit/GI_Read_Comt_Ifrm?Gno=49348721
㈜마리나체인	[마리나체인] 풀스택 엔지니어 채용	['풀스택', '엔지니어', '3년', '이상']	"




㈜마리나체인


[마리나체인] 풀스택 엔지니어 채용



회사 소개MarinaChain은 해운 업계의 탄소 배출 규정 준수(CII, EU MRV, EU ETS, FuelEU Maritime)를 자동화하는 SaaS 플랫폼을 개발하는 스타트업입니다.싱가포르, 서울, 부산에 오피스를 두고 있으며, 현재 글로벌 팀원이 해운·물류 산업의 디지털 전환과 탈탄소화를 위해 AI와 소프트웨어 기술을 기반으로 다양한 제품과 솔루션을 만들어가고 있습니다.마리나체인은 선박 운항 데이터, Daily Noon Report, 각종 해운 문서, 컴플라이언스 규정 계산, 고객 포털까지 이어지는 엔드투엔드 시스템을 직접 설계하고 운영합니다. 단순한 내부 PoC가 아니라, 실제 고객 환경에서 작동하는 제품을 만들고 고도화하는 팀입니다.또한 2024년 3월 미국 실리콘밸리 OpenAI 본사에서 개최된 ‘K-Startup & OpenAI Matching Day in US’ 행사에서 현장 평가 1위 및 Most AGI Potential Award를 수상했으며, KSGC 2023(K-Startup Grand Challenge) 최종 1위, TIPS, 디딤돌, 초격차 스타트업, Shell Startup Engine (Singapore) 등에도 선정되며 기술력과 성장 가능성을 인정받고 있습니다.포지션 소개마리나체인의 Fullstack Engineer는 백엔드 API, 비동기 파이프라인, 프론트엔드 백오피스, AI 문서 처리 서비스와의 연동까지 폭넓게 다루는 핵심 역할입니다.이 포지션은 단순히 화면과 API를 만드는 역할을 넘어, 실제 해운 도메인 문제를 해결하는 제품을 기획 의도에 맞게 빠르게 구현하고,운영 환경에서 안정적으로 돌아가도록 개선하며, AI/문서 처리/컴플라이언스 로직과 플랫폼 기능을 연결하는 역할을 맡게 됩니다.현재 제품 개발은 PM, 디자이너, AI/ML 엔지니어, 백엔드/프론트엔드 엔지니어가 긴밀하게 협업하는 방식으로 진행되며,Fullstack Engineer는 이 사이에서 제품 완성도를 높이는 중요한 연결점이 됩니다.


포지션 및 자격요건







풀스택 엔지니어( 1명 ) 







담당업무
ㆍDjango 기반 백엔드 API 설계 및 개발ㆍCelery + Redis 기반 비동기 처리 파이프라인 구축 및 운영ㆍReact / TypeScript 기반 백오피스 및 고객 포털 기능 개발ㆍFastAPI 기반 AI 문서 파싱 서비스 연동 및 기능 개발ㆍ이메일 폴링, 문서 분류/파싱, 컴플라이언스 계산 파이프라인 유지보수 및 개선ㆍPostgreSQL / MongoDB 데이터 모델링 및 쿼리 최적화ㆍAWS 기반 서버리스 및 이벤트 중심 아키텍처 설계/운영ㆍ테스트 자동화, CI/CD, 모니터링 및 관측성 체계 구축
이런 문제를 함께 풀게 됩니다ㆍ다양한 형식의 해운 문서와 이메일을 안정적으로 수집하고 처리하는 시스템ㆍ규정 준수 로직을 실제 운영 가능한 SaaS 제품으로 제공하는 구조ㆍ문서 파싱/분류/추론 결과를 백오피스와 고객 포털에 자연스럽게 연결하는 UXㆍAI 기능을 실험 수준이 아니라 실제 운영 가능한 제품 수준으로 고도화하는 문제ㆍ도메인 규칙이 강한 산업에서 정확도, 추적 가능성, 운영 안정성을 동시에 확보하는 문제ㆍPM, 디자이너, AI/ML 엔지니어와 협업하여 제품 요구사항을 실제 서비스로 구현ㆍ문서 처리 및 LLM 기반 기능을 제품에 안정적으로 연결하기 위한 엔지니어링 작업 전반
자격요건
ㆍPython 백엔드 개발 경력 3년 이상ㆍDjango 또는 FastAPI 기반 서비스 개발 경험ㆍReact / TypeScript 기반 프론트엔드 개발 경험ㆍPostgreSQL 등 RDBMS와 MongoDB 등 NoSQL 사용 경험ㆍREST API 설계 및 구현 경험ㆍGit 기반 협업 경험

우대사항
ㆍCelery, 메시지 큐, 이벤트 기반 비동기 처리 경험ㆍLLM API 연동 또는 프롬프트 엔지니어링 경험ㆍAWS (Lambda, S3, SQS 등) 운영 경험ㆍDocker, Pulumi / Terraform 등 IaC 경험ㆍ벡터 DB(Milvus, Pinecone 등) 또는 RAG 파이프라인 경험ㆍ문서 파싱, OCR, 비정형 데이터 처리 경험ㆍ해운 / 물류 / 규제 준수 도메인 지식ㆍ테스트 자동화 및 운영 모니터링 체계 구축 경험ㆍ한국어 및 영어 커뮤니케이션 가능ㆍ스타트업 또는 빠르게 변화하는 제품 개발 조직 경험



















전형절차
ㆍ서류전형 > 기술면접 > 컬처핏 인터뷰 > 최종합격
ㆍ면접일정은 추후 통보됩니다.













유의사항
ㆍ허위사실이 발견될 경우 채용이 취소될 수 있습니다.ㆍ서울 사무실(역삼동) 혹은 부산 본사(문현동) 중 희망 근무지에서 근무 가능합니다.









"	[]	모집분야   풀스택 엔지니어 3년 이상   모집인원   1명   고용형태   정규직   (수습 3개월)   급여   회사 내규에 따름 (면접 후 결정)   근무시간   근무지주소   서울 강남구 역삼로 180 (역삼동, MARU 180)    인근지하철   주5일(월~금)   09:00 ~ 18:00	경력3년↑, 학력무관, 서울 강남구, 정규직	{'basic_info': {'산업': '환경 관련 엔지니어링 서비스업', '사원수': '- | ', '기업구분': '중소기업', '설립일': '2023.05.12 | (4년차)', '자본금': '1,043만원 | (2025.12.31)', '매출액': '117억 7천만원 | (2025.12.31)', '대표자': '김다원', '주요사업': 'ESG컨설팅,온실가스 배출량 컨설팅/소프트웨어 개발', '4대보험': '국민연금, 건강보험, 고용보험, 산재보험', '홈페이지': 'http://marinachain.io', '주소': '부산 남구 문현금융로 40 (문현동, 부산국제금융센터) 9층 5호'}, 'financial': {'매출액': {'current_value': '117억 7천만원'}, '영업이익': {'current_value': '-1억 6,362만원'}, '당기순이익': {'current_value': '-2억 3,117만원'}, '산업 내 위치': {'current_value': None}, '기업등급': {'current_value': None}, '총자산 증가율': {'current_value': '14억 9천만원'}, '동종업계 순위': {'current_value': None}}, 'history': [{'year': '2023', 'month': '05', 'events': ['(주)마리나체인 설립']}], 'employment': {'recruitments': []}, 'benefits': {}, 'location': {'address': '부산 남구 문현금융로 40 (문현동, 부산국제금융센터) 9층 5호', 'map_url': 'https://maps.naver.com/?mapMode=0&dlevel=12&pinTitle=%e3%88%9c%eb%a7%88%eb%a6%ac%eb%82%98%ec%b2%b4%ec%9d%b8&lat=35.1472647089281&lng=129.06563160218'}}	https://www.jobkorea.co.kr/Recruit/GI_Read_Comt_Ifrm?Gno=49348520
코운디티(유)	한웨이(그룹웨어) 운영 (SM)	['JAVA', '개발자']	"



한웨이(그룹웨어) 운영 (SM)    

코운디티(유)는 2003년에 설립된 회사로 자본금 1억원, 매출액 34억 3,319만원, 사원수 28명 규모의 중소기업입니다. 서울 금천구 가산디지털1로 226 (가산동, 에이스하이엔드타워5차)에 위치하고 있으며, SI,SM 및 Solution 판매사업을 하고 있습니다.




모집분야 및 자격요건

모집분야 및 자격요건


모집분야 
담당업무 
자격요건 
모집인원 



 JAVA 개발자

한웨이(그룹웨어) 운영 (SM) < 자격요건 > - Java,  JSP    - 필요경력 :  해당 경력 6년 이상< 우대사항> 그룹웨어 개발 유경험자 

2명 





근무조건 

                 


근무형태 : 정규직, 프리랜서               근무지 : 서울 > 강서구 한진정보통신 본사 (강서구 마곡중앙로 143)           
근무요일 : 주5일 근무시간 : 08시 30분 ~ 17시 30분                  (야근, 휴일 근무 거의 없음. overtime 근무시 대체 휴가) 투입기간 : 즉시 ~ 계속                 ** 1년마다 연봉 협상    급여일 : 당월 29일  





전형절차




서류전형> 1차면접 > 최종합격

※ 면접일정은 추후 통보됩니다.





접수방법



2026.06.22 (월) 까지




접수방법 : 잡코리아 접수 
이력서 : 잡코리아이력서, 자유이력서





제출서류



이력서 제출 





기타사항



허위사실이 발견될 경우 채용이 취소될 수 있습니다.






코운디티(유) 취업 준비의 시작은 에서!
 "	['http://i.jobkorea.kr/content//images/ver_1/mtc/register/tx_edit_copy.png']	모집분야   JAVA 개발자   모집인원   2명   고용형태   프리랜서   (근무기간 6개월)   급여   회사 내규에 따름   근무시간   근무지주소   서울 강서구 마곡중앙로 143 (마곡동, 르웨스트시티) 10층   인근지하철   주5일(월~금)   08:30 ~ 17:30	경력6년↑, 학력무관, 서울 강서구, 프리랜서	{'basic_info': {'산업': '응용 소프트웨어 개발 및 공급업', '사원수': '55명 | ', '기업구분': '중소기업', '설립일': '2003.09.25 | (24년차)', '자본금': '1억원 | (2023.12.31)', '매출액': '63억 1천만원 | (2023.12.31)', '대표자': '김영엽', '주요사업': '하드웨어ㆍ소프트웨어개발및판매', '4대보험': '국민연금, 건강보험, 고용보험, 산재보험', '홈페이지': '-', '주소': '서울 금천구 가산디지털1로 226 (가산동, 에이스하이엔드타워5차) 704호'}, 'financial': {'매출액': {'current_value': '63억 1천만원'}, '영업이익': {'current_value': '2억 8,516만원'}, '당기순이익': {'current_value': '2억 8,697만원'}, '기업등급': {'current_value': None}, '동종업계 순위': {'current_value': None}}, 'history': [{'year': '2013', 'month': '01', 'events': ['대한항공 PSS(Passenger Service System) 구축 참여']}, {'year': '2010', 'month': '07', 'events': ['대한항공 및  한진,토파스,진에어등 시스템 유지보수']}, {'year': '2008', 'month': '11', 'events': ['국토교통부 항공관제시스템 국책과제 참여']}, {'year': '2007', 'month': '11', 'events': ['여행사 Booking Engine 개발 참여']}, {'year': '2007', 'month': '09', 'events': ['대한항공 ERP 구축 참여']}, {'year': '2006', 'month': '06', 'events': ['한진정보통신 SMS 서비스센타 구축']}, {'year': '2005', 'month': '02', 'events': ['서울아산병원 모바일 환자관리시스템 구축']}, {'year': '2003', 'month': '12', 'events': ['원자력병원외 환자예약관리시스템 구축']}, {'year': '2003', 'month': '10', 'events': ['SKT 양방향 문자전송 사업권 획득']}], 'employment': {'recruitments': []}, 'benefits': {}, 'location': {'address': '서울 금천구 가산디지털1로 226 (가산동, 에이스하이엔드타워5차) 704호'}}	https://www.jobkorea.co.kr/Recruit/GI_Read_Comt_Ifrm?Gno=49348466
대성산업㈜	대성 6월 수시 채용	['FA솔루션,', '로보틱스솔루션,', '구매관리,', '생산관리,', '품질관리,', '웹', '시스템', '풀스택', '개발자,', 'ERP', '및', '업무시스템', '운영ㆍ개발,', 'IoT', '제어시스템', '개발자,', 'IoT', 'Data', 'Platform', '웹', '개발자']	                     	['https://file1.jobkorea.co.kr/Mng/2026/6/daesunghr_0615_0.jpg']	모집분야   FA솔루션, 로보틱스솔루션, 구매관리, 생산관리, 품질관리, 웹 시스템 풀스택 개발자, ERP 및 업무시스템 운영ㆍ개발, IoT 제어시스템 개발자, IoT Data Platform 웹 개발자   모집인원   ○○명   고용형태   정규직      급여   회사 내규에 따름   근무시간   근무지주소   서울 구로구 경인로 662 (신도림동, 디큐브시티) 디큐브시티 11층   인근지하철   주5일(월~금)   09:00 ~ 18:00	경력무관, 대졸↑, 서울 구로구 외, 정규직	{'basic_info': {'산업': '액체연료 및 관련제품 도매업', '사원수': '374명 | (2025.12.31)', '기업구분': '중견기업', '설립일': '2010.06.30 | (17년차)', '자본금': '452억 3천만원 | (2025.12.31)', '매출액': '8,640억 6천만원 | (2025.12.31)', '대표자': '김영대/이은우', '대졸초임': '4,008만원', '주요사업': '유류,섬유제품 도매,수출/집단에너지사업/기계 제조', '4대보험': '국민연금, 건강보험, 고용보험, 산재보험', '홈페이지': 'http://www.daesung.co.kr', '주소': '서울 구로구 경인로 662 (신도림동, 디큐브시티) 11층 대성산업주식회사', '계열사': '대성그룹 한국캠브리지필터(주) 대성나찌유압공업(주) 문경새재관광(주) 대성계전(주) 대성씨앤에스(주) 한국물류용역(주) 대성쎌틱에너시스(주) (주)대성지주 대성물류건설(주) (주)가하컨설팅 (주)가하이엠씨 (유)영컨설팅 (주)대성아트센터 농업회사법인(주)파주영농 대성히트에너시스(주) (주)에이원 디에스파워(주)'}, 'financial': {'사업분석': {'current_value': None}, '매출액': {'current_value': '8,640억 6천만원'}, '영업이익': {'current_value': '22억 5천만원'}, '당기순이익': {'current_value': '-748억 3천만원'}, '산업 내 위치': {'current_value': None}, '기업등급': {'current_value': None}, '동종업계 순위': {'current_value': None}}, 'history': [{'year': '2023', 'month': '10', 'events': ['본점소재지 변경 : 서울 구로구 경인로 662, 9,11층']}, {'year': '2021', 'month': '11', 'events': ['대표이사 변경 : 지관-> 이은우']}, {'year': '2021', 'month': '04', 'events': ['디에스파워(주) 주식 취득(2,243,333주, 12.4%)']}, {'year': '2021', 'month': '03', 'events': ['디에스파워(주) 주식 취득(2,710,000주, 15.0%)']}, {'year': '2020', 'month': '08', 'events': ['대성쎌틱에너시스(주) 주식 취득(2,575,021주, 49%)']}, {'year': '2020', 'month': '03', 'events': ['김영대, 지관 각자대표이사 -> 공동대표이사로 변경']}, {'year': '2019', 'month': '07', 'events': ['상호변경 : 대성히트펌프(주)->대성히트에너시스(주)']}, {'year': '2019', 'month': '02', 'events': ['디에스파워(주) 리파이낸싱으로 인한 최대주주 지위 획득(34.91%)']}, {'year': '2018', 'month': '06', 'events': ['대표이사변경 : 정광우->지관', '대성쎌틱에너시스(주) 주식 취득(2,154,609주, 41%)']}, {'year': '2018', 'month': '02', 'events': ['디에스파워(주) 주식 취득(3,000,000주, 12.1%)', '디에스파워(주) 주식 처분(3,900,000주, 15.7%)']}, {'year': '2017', 'month': '08', 'events': ['(주)대성합동지주 흡수합병', '최대주주변경 : (주)대성합동지주-> 김영대']}, {'year': '2017', 'month': '05', 'events': ['상호변경 : 대성엘앤에이(주)->한국물류용역(주)', '상호변경 : 한국물류용역(주)->대성물류건설(주)']}, {'year': '2016', 'month': '12', 'events': ['자본금 262,375백만원으로 증자(출자전환)']}, {'year': '2016', 'month': '08', 'events': ['대성쎌틱에너시스(주) 주식 처분(4,729,630주, 90%)']}, {'year': '2015', 'month': '05', 'events': ['디큐브백화점 매각']}, {'year': '2015', 'month': '03', 'events': ['자본금 212,375백만원으로 증자(출자전환)', '자본금 165,395백만원으로 증자(출자전환)']}, {'year': '2015', 'month': '02', 'events': ['자본금 120,440백만원으로 증자(유상증자)']}], 'employment': {'recruitments': []}, 'benefits': {'휴무·휴가·행사': ['주5일제'], '보상·수당·지원': ['경조금', '자녀교육비', '우수사원 포상제도', '명절선물/명절상여', '휴가비', '우리사주제도'], '사내제도·성장': ['신입 사원 교육']}, 'location': {'address': '서울 구로구 경인로 662 (신도림동, 디큐브시티) 11층 대성산업주식회사', 'map_url': 'https://maps.naver.com/?mapMode=0&dlevel=12&pinTitle=%eb%8c%80%ec%84%b1%ec%82%b0%ec%97%85%e3%88%9c&lat=37.5086119604627&lng=126.888940148123'}}	https://www.jobkorea.co.kr/Recruit/GI_Read_Comt_Ifrm?Gno=49348360
비비트리㈜	플랫폼 운영 개발자 채용(PHP, Mysql, Javascript)	['_php개발']	"






포지션 및 자격요건







개발자( 1명 )
주요 업무- 스톡콘텐츠 플랫폼의 웹서비스 개발 및 운영- PHP, MySQL/MariaDB 기반 기존 서비스 유지보수 및 기능 개선- 관리자 페이지 및 내부 운영툴 개선- 서비스 오류 확인, 원인 분석 및 안정화 대응- API 연동 및 외부 서비스 연계 기능 개발·유지보수- 반복 운영 업무의 자동화 및 개발 생산성 개선- AI 도구를 활용한 코드 분석, 테스트, 업무 효율화자격 요건- 학력무관- PHP 기반 웹서비스 개발 및 운영 경험 3년 이상- MySQL 또는 MariaDB를 활용한 DB 설계, 쿼리 작성, 성능 개선 경험- JavaScript, jQuery, HTML, CSS 기반 웹페이지 개발 및 유지보수 경험- Linux 서버 환경에 대한 기본 이해- Git을 활용한 소스 관리 경험- 운영 중인 서비스의 장애, 오류, 이슈를 분석하고 개선해 본 경험- 기획, 운영, CS 담당자와 원활하게 협업할 수 있는 커뮤니케이션 능력우대 사항 - 스톡콘텐츠, 이미지·영상·음원 플랫폼, 콘텐츠 유통 서비스에 대한 이해 또는 관심- 쇼핑몰, 커머스, 구독형 서비스, 결제 서비스 개발 경험- 외부 API 연동 및 유지보수 경험- 레거시 코드 분석 및 점진적 개선 경험- 트래픽이 발생하는 웹서비스의 운영, 장애 대응, 성능 개선 경험- AI 도구를 활용한 개발 생산성 향상 경험※ 원활한 채용 절차를 위해 희망연봉 기재를 요청드립니다.






전형절차
ㆍ서류전형 > 면접 >  최종합격ㆍ면접 : 서울 마포구 독막로9길 13 윤디자인빌딩
ㆍ면접일정은 추후 통보됩니다.













유의사항
ㆍ허위사실이 발견될 경우 채용이 취소될 수 있습니다.









"	['//file2.jobkorea.co.kr/Net/Mng/DownImage/CorpEditor?file_No=1236816']	모집분야   _php개발   모집인원   ○명   고용형태   정규직   (수습 3개월)   급여   회사 내규에 따름 (면접 후 결정)   근무시간   근무지주소   서울 마포구 독막로9길 13 (서교동, 윤디자인빌딩) 3층   인근지하철   주5일(월~금)   09:00 ~ 18:00	경력3년↑, 학력무관, 서울 마포구 외, 정규직	{'basic_info': {'산업': '포털 및 기타 인터넷 정보매개 서비스업', '사원수': '19명 | (2022.05.03)', '기업구분': '중소기업', '설립일': '2012.11.13 | (15년차)', '자본금': '26억 5천만원 | (2025.12.31)', '매출액': '25억 2천만원 | (2025.12.31)', '대표자': '정찬우', '주요사업': '포털,인터넷 정보 매개 서비스,응용 소프트웨어 개발,공급,컴퓨터 프로그래밍 서비스/인물 사진,행사용 영상 촬영,시각디자인,사업,무형 재산권 중개', '4대보험': '국민연금, 건강보험, 고용보험, 산재보험', '홈페이지': 'http://www.bbtree.co.kr', '주소': '제주 제주시 달마루길 18 (노형동) 2층 6-16호', '계열사': '산돌커뮤니케이션그룹 (주)윤디자인 (주)산돌커뮤니케이션 (주)산돌티움 (주)산돌 (주)산돌스퀘어'}, 'financial': {}, 'history': [{'year': '2017', 'month': '03', 'events': ['제주 IT기업 최초 조달청 새싹기업 지정']}, {'year': '2016', 'month': '10', 'events': ['국내 최초 광고기반 구독형 디지털 스톡 콘텐츠 서비스 IMG SPONSOR 런칭']}, {'year': '2016', 'month': '09', 'events': ['기술혁신형 중소기업 INNO BIZ 인증']}, {'year': '2016', 'month': '07', 'events': ['경영혁신형 중소기업 MAIN BIZ 인증']}, {'year': '2016', 'month': '05', 'events': ['굿콘텐츠서비스 인증 (콘텐츠품질인증)']}, {'year': '2015', 'month': '12', 'events': ['Good Design Award 우수디자인 선정']}, {'year': '2015', 'month': '11', 'events': ['ASPA AWARDS 우수기업 선정']}, {'year': '2015', 'month': '07', 'events': ['성장유망중소기업 인증']}, {'year': '2015', 'month': '05', 'events': ['고용우수기업 인증']}, {'year': '2015', 'month': '04', 'events': ['벤처기업 인증']}, {'year': '2015', 'month': '02', 'events': ['기업부설연구소 설립 및 ISO9001 인증 취득']}, {'year': '2014', 'month': '12', 'events': ['Stock Digital Contents 5만불 수출 실적 달성']}, {'year': '2014', 'month': '09', 'events': ['글로벌 Micro Stock Digital Contents 서비스 123RF 런칭']}, {'year': '2014', 'month': '07', 'events': ['외국인투자법인 등록 (유상증자)']}, {'year': '2013', 'month': '05', 'events': ['국내 최초 Stock Digital Contents 서비스 부문 클린사이트 선정']}, {'year': '2013', 'month': '04', 'events': ['JDC 스튜디오&디자인센터 공모 위탁 운영 사업자 선정']}, {'year': '2013', 'month': '03', 'events': ['유상증자']}, {'year': '2013', 'month': '02', 'events': ['영국INGRAM PUBISHING 디자인콘텐츠 수 공급계약체결', '비비트리 전용 서체 개발 및 무료 배포']}, {'year': '2013', 'month': '01', 'events': ['국내 Stock Digital Contents 서비스 OPENAS 런칭']}, {'year': '2012', 'month': '12', 'events': ['제주첨단과학기술단지 입주심사합격']}, {'year': '2012', 'month': '11', 'events': ['회사설립']}], 'employment': {'recruitments': []}, 'benefits': {'연금·보험': ['국민연금', '고용보험', '산재보험', '건강보험'], '휴무·휴가·행사': ['주5일제', '연차제도', '경조휴가', '반차제도', '노동절 휴무', '생일 이벤트', '자유로운 휴가문화'], '보상·수당·지원': ['경조금', '명절선물/명절상여', '야간교통비 지급', '각종 기념일 선물', '도서 구입비 지원', '입사축하금'], '사내제도·성장': ['유연근무제', '자율복장', '재택근무제', '주40시간'], '사내시설': ['탕비실'], '편의·여가·건강': ['건강검진', '저녁 식사 지원', '음료/간식 제공']}, 'location': {'address': '제주 제주시 달마루길 18 (노형동) 2층 6-16호', 'map_url': 'https://maps.naver.com/?mapMode=0&dlevel=12&pinTitle=%eb%b9%84%eb%b9%84%ed%8a%b8%eb%a6%ac%e3%88%9c&lat=33.4895860913542&lng=126.474307518154'}}	https://www.jobkorea.co.kr/Recruit/GI_Read_Comt_Ifrm?Gno=49347876
누리어시스템	손해보험 디지털 채널 전환 프로젝트 (Vue.js)  개발자 채용	['SI개발']	"
























                      모집분야 및 자격요건





모집분야


담당업무


자격요건


모집인원





NH농협손해보험 차세대
· SPA(Vue.js)기반 웹 프론트엔드 프레임워크  구축 및 개발· UI/UX 표준 가이드 기반 화면 개발· API G/W 연동 및 백엔드와 인터페이스 개발 

  [자격요건]· 학력 : 전문학사이상· 경력 : 6년이상· 등급 : 중급 ~ 고급· Vue.js  실무 개발 경험 최소 1년이상 필수  [우대사항]· 자격증 : 정보처리기사,
                            정보처리산업기사· 금융계 사업 PM 또는 PL 경력· 금융권 프로젝트 경험자 우대
3명























 근무조건




· 근무형태 : 정규직, 계약직, 프리랜서· 근무일시 : 주 5일(월~금) 09:00 ~
                            18:00· 투입기간 : 2026.07.01 ~ 2027.02.28· 근무장소 : 서울시 서대문구 충정로 70, NH농협손해보험 (프로젝트 수행지)                    경기도 하남시 미사대로 520, 현대지식산업센터 한강미사2차 C동 901-903(본사)






 채용절차




 제출서류
· 이력서, 자기소개서, 경력기술서,
                            희망연봉을 반드시 기재바랍니다.


















 복리후생

























"	['//file2.jobkorea.co.kr/Net/Mng/DownImage/CorpEditor?file_No=935004', '//file2.jobkorea.co.kr/Net/Mng/DownImage/CorpEditor?file_No=934964', '//file2.jobkorea.co.kr/Net/Mng/DownImage/CorpEditor?file_No=934955', '//file2.jobkorea.co.kr/Net/Mng/DownImage/CorpEditor?file_No=934958', '//file2.jobkorea.co.kr/Net/Mng/DownImage/CorpEditor?file_No=934966', '//file2.jobkorea.co.kr/Net/Mng/DownImage/CorpEditor?file_No=934965', '//file2.jobkorea.co.kr/Net/Mng/DownImage/CorpEditor?file_No=935000']	모집분야   SI개발   모집인원   3명   고용형태   정규직      ,    계약직      ,    프리랜서      급여   회사 내규에 따름 (면접 후 결정)   근무시간   근무지주소   서울 서대문구 충정로 70 (미근동, 웨스트게이트타워)    인근지하철   주5일(월~금)   09:00 ~ 18:00	경력6년↑, 초대졸↑, 서울 서대문구 외, 정규직 외	{'basic_info': {'산업': '솔루션·SI·CRM·ERP', '사원수': '97명 | ', '기업구분': '중소기업', '설립일': '2009.11.01 | (18년차)', '자본금': '2억 5,000만원 | ', '매출액': '96억 2천만 | ', '대표자': '김동영', '주요사업': '금융, 보안, 스마트 시스템 SI, Web Agency, 솔루션', '4대보험': '국민연금, 건강보험, 고용보험, 산재보험', '홈페이지': 'http://www.nurier.co.kr', '주소': '경기 하남시 미사대로 520 (덕풍동) 현대지식산업센터한강미사2차 C동 9층 0001-0003호'}, 'financial': {}, 'history': [], 'employment': {'recruitments': []}, 'benefits': {'연금·보험': ['국민연금', '고용보험', '산재보험', '건강보험', '퇴직연금'], '휴무·휴가·행사': ['주5일제', '월차제도', '경조휴가', '반차제도', '위로휴가', '리프레시 휴가', '포상휴가', '육아휴직', '남성출산휴가', '노동절 휴무', '워크샵/MT', '공휴일 휴무', '다양한 휴가제도', '자유로운 휴가문화'], '보상·수당·지원': ['경조금', '인센티브', '장기근속 포상', '우수사원 포상제도', '자기개발 지원', '연월차제도수당', '명절선물/명절상여', '야간교통비 지급', '도서 구입비 지원', '성과급', '복리후생 지원', '교통비', '회식비 지원', '포상제도'], '사내제도·성장': ['신입 사원 교육', '자격증취득지원', '수평적 문화', '자율복장'], '사내시설': ['기숙사 지원', '휴식공간', '카페테리아', '장애인용 화장실', '쾌적한 업무공간'], '편의·여가·건강': ['저녁 식사 지원', '음료/간식 제공']}, 'location': {'address': '경기 하남시 미사대로 520 (덕풍동) 현대지식산업센터한강미사2차 C동 9층 0001-0003호', 'map_url': 'https://maps.naver.com/?mapMode=0&dlevel=12&pinTitle=%eb%88%84%eb%a6%ac%ec%96%b4%ec%8b%9c%ec%8a%a4%ed%85%9c&lat=37.5588704884682&lng=127.204591101478'}}	https://www.jobkorea.co.kr/Recruit/GI_Read_Comt_Ifrm?Gno=49347260
㈜아이아이컴바인드	[GENTLE MONSTER] AI Research & Exploration 담당자	['AI', 'Research', '&', 'Exploration']		['https://inhouse-resource.s3.ap-northeast-2.amazonaws.com/html_transfer/178105985467781AI Research.png']	모집분야   AI Research & Exploration   모집인원   ○명   고용형태   정규직      급여   회사 내규에 따름 (면접 후 결정)   근무시간   근무지주소   서울 성동구 뚝섬로 433 (성수동2가, 아이아이컴바인드)    인근지하철   주5일(월~금)   09:00 ~ 18:00	경력무관, 학력무관, 서울 성동구, 정규직	{'basic_info': {'산업': '안경 및 안경렌즈 제조업', '사원수': '1,014명 | (2025.12.31)', '기업구분': '중견기업', '설립일': '2011.02.11 | (16년차)', '자본금': '5,439만원 | (2025.12.31)', '매출액': '5,819억 2천만원 | (2025.12.31)', '대표자': '김한국', '대졸초임': '3,621만원', '주요사업': '안경,선글라스,부속품,광학프레임 제조,판매', '4대보험': '국민연금, 건강보험, 고용보험, 산재보험', '홈페이지': 'http://www.gentlemonster.com', '주소': '서울 성동구 성수동2가  261 아이아이컴바인드'}, 'financial': {'매출액': {'current_value': '5,819억 2천만원'}, '영업이익': {'current_value': '1,748억 3천만원'}, '당기순이익': {'current_value': '1,351억 3천만원'}, '산업 내 위치': {'current_value': None}, '기업등급': {'current_value': None}, '총자산 증가율': {'current_value': '1조 811억원'}, '동종업계 순위': {'current_value': None}}, 'history': [{'year': '2016', 'month': '05', 'events': ['7th 쇼룸 대구 동성로 Flagship Store ‘Laundry’ 오픈', '중국 북경 싼리툰 Flagship Store 오픈(예정)']}, {'year': '2016', 'month': '02', 'events': ['미국 뉴욕 Flagship Store 오픈']}, {'year': '2015', 'month': '11', 'events': ['인천공항 신라, 신세계 면세점 입점']}, {'year': '2015', 'month': '10', 'events': ['6th 쇼룸 부산 Flagship Store ‘The Play’ 오픈']}, {'year': '2015', 'month': '09', 'events': ['중국 법인(Gentlemonster China co. ltd) 설립']}, {'year': '2015', 'month': '08', 'events': ['현대백화점 판교, 목동, 압구정 입점']}, {'year': '2015', 'month': '07', 'events': ['5th 쇼룸 신사 가로수길 Flagship Store ‘Home and Recovery’ 오픈']}, {'year': '2015', 'month': '06', 'events': ['AK백화점 수원점 입점']}, {'year': '2015', 'month': '05', 'events': ['4th 쇼룸 북촌 계동 Flagship Store ‘BATH HOUSE’ 오픈']}, {'year': '2015', 'month': '01', 'events': ['롯데백화점 명동 본점, 잠실, 부천중동점 입점', '3rd 쇼룸 신사 가로수길 Flagship Store ‘THE KITCHEN’ 오픈']}, {'year': '2014', 'month': '10', 'events': ['파리 패션위크 ‘GROUND ZERO’ 콜라보레이션', '2014년 10월 서울 패션위크 ‘PUSH BUTTON’, ‘JAIN SONG’  콜라보레이션']}, {'year': '2014', 'month': '09', 'events': ['광학박람회 파리 ‘SILMO’ 참가']}, {'year': '2014', 'month': '08', 'events': ['미국 지사(Gentlemonster USA Inc) 설립']}, {'year': '2014', 'month': '04', 'events': ['2nd 쇼룸 홍대 Flagshipstore(QUANTUM ) 오픈']}, {'year': '2014', 'month': '03', 'events': ['갤러리아백화점 압구정 입점']}, {'year': '2013', 'month': '11', 'events': ['커스텀멜로우와 콜라보레이션']}, {'year': '2013', 'month': '09', 'events': ['세계 3대 광학박람회 파리 SILMO 참가 (TOP5 브랜드선정)']}, {'year': '2013', 'month': '03', 'events': ['프랑스, 이탈리아, 스페인, 태국 등 15개국에서 판매 시작']}, {'year': '2013', 'month': '02', 'events': ['1st 쇼룸 논현 Flagship Store 오픈 ‘The New Island’']}, {'year': '2011', 'month': '05', 'events': ['온라인 직영몰 오픈']}, {'year': '2011', 'month': '04', 'events': ['GENTLE MONSTER(젠틀몬스터) 브랜드 론칭']}, {'year': '2011', 'month': '02', 'events': ['(주)스눕바이 법인 설립']}], 'employment': {'recruitments': []}, 'benefits': {'연금·보험': ['국민연금', '고용보험', '산재보험', '건강보험', '퇴직연금'], '휴무·휴가·행사': ['연차제도', '경조휴가', '반차제도', '출산휴가', '육아휴직', '남성출산휴가', '보건휴가'], '보상·수당·지원': ['퇴직금', '경조금', '야간교통비 지급'], '사내제도·성장': ['님/닉네임 호칭', '수평적 문화', '자율복장'], '사내시설': ['전용사옥', '사내카페'], '편의·여가·건강': ['건강검진', '아침 식사 지원', '식사 지원', '심리상담', '음료/간식 제공']}, 'location': {'address': '서울 성동구 성수동2가  261 아이아이컴바인드', 'map_url': 'https://maps.naver.com/?mapMode=0&dlevel=12&pinTitle=%e3%88%9c%ec%95%84%ec%9d%b4%ec%95%84%ec%9d%b4%ec%bb%b4%eb%b0%94%ec%9d%b8%eb%93%9c&lat=37.5381927784823&lng=127.058966251274'}}	https://www.jobkorea.co.kr/Recruit/GI_Read_Comt_Ifrm?Gno=49347269
㈜ 대교에듀베이션	[대교계열사] 학원관리프로그램(ERP) 풀스택(FullStack) java, vuejs 개발	['통합플랫폼', '및', '학원관리프로그램', 'ERP', '개발']	"




㈜ 대교에듀베이션


[대교계열사] 학원관리프로그램(ERP) 풀스택(FullStack) java, vuejs 개발




㈜ 대교에듀베이션은 1991년에 설립된 회사로 자본금 7억원, 매출액 52억7천만, 사원수 45명 규모의 벤처기업입니다. 서울 구로구 디지털로26길 123 (구로동, 지플러스타워)에 위치하고 있으며, 교육 플랫폼/강사 취업포털 운영, 학원 솔루션 개발, 학원ASP/SI, 학원전문가교육사업을 하고 있습니다.







포지션 및 자격요건







통합플랫폼 및  학원관리프로그램 ERP 개발 ( 2명 ) 







담당업무
ㆍ자사 서비스 운영 및 유지보수, 신규 서비스 개발

스킬
ㆍAPI, Git, JAVA, Javascript, MariaDB, MSSQL, Spring Boot, SQL, Vue.js, 풀스택

핵심역량

                                                                ㆍ
                                                                        성실성,
 꼼꼼함,
 협동심,
계획성, 적응성, 창의성, 메타인지
                                                            

자격요건
ㆍ학력 : 학력무관
ㆍ경력 : 경력8년↑

우대사항
ㆍCI/CD
ㆍServer(Linux/MariaDB) 설정 및 운영 경험
ㆍ쿠버네티스(아코디언) 운영 및 관리 경험



















전형절차
ㆍ서류전형 > 1차면접 > 임원면접 > 최종합격
ㆍ면접일정은 추후 통보됩니다.













유의사항
ㆍ허위사실이 발견될 경우 채용이 취소될 수 있습니다.









"	[]	모집분야   통합플랫폼 및  학원관리프로그램 ERP 개발   모집인원   2명   고용형태   정규직   (수습 3개월)   직급/직책      급여   회사 내규에 따름 (면접 후 결정)   근무시간   근무지주소   서울 구로구 디지털로26길 123 (구로동, 지플러스타워) 9층 에듀베이션   인근지하철   주5일(월~금)   09:00 ~ 18:00   탄력적 근무로 10:00~19:00 근무시간 조정 가능	경력8년↑, 학력무관, 서울 구로구, 정규직, 팀원	{'basic_info': {'산업': '포털·컨텐츠·커뮤니티', '사원수': '45명 | ', '기업구분': '벤처기업', '설립일': '1991 | (36년차)', '자본금': '7억원 | ', '매출액': '52억7천만 | ', '대표자': '이경렬', '대졸초임': '3,500만원', '주요사업': '교육 플랫폼/강사 취업포털 운영, 학원 솔루션 개발, 학원ASP/SI, 학원전문가교육', '4대보험': '국민연금, 건강보험, 고용보험, 산재보험', '홈페이지': 'http://www.eduvation.co.kr', '주소': '서울 구로구 디지털로26길 123 (구로동, 지플러스타워) 9층 906~908', '계열사': '대교그룹 (주)대교디앤에스 (주)대교씨엔에스 (주)대교이앤씨 (주)대교홀딩스 (주)대교 (주)강원심층수 (주)대교씨에스에이 (주)대교에듀캠프 (주)크리스탈와인컬렉션 (주)크리스탈앤컴퍼니 (주)미머디 농업회사법인(주)위더그린 (주)하울팟 (주)대교에듀캠프울산 디피니션(주) (주)대교에듀스퀘어 (주)대교뉴이프 (주)대교에듀캠프경기'}, 'financial': {'매출액': {'current_value': '52억 7천만원'}, '영업이익': {'current_value': '-1억 6,367만원'}, '당기순이익': {'current_value': '-2억 1,817만원'}, '기업등급': {'current_value': None}}, 'history': [], 'employment': {'recruitments': []}, 'benefits': {'연금·보험': ['국민연금', '고용보험', '산재보험', '건강보험'], '휴무·휴가·행사': ['주5일제', '연차제도', '경조휴가', '반차제도', '출산휴가', '육아휴직', '노동절 휴무', '워크샵/MT'], '보상·수당·지원': ['퇴직금', '경조금', '인센티브', '우수사원 포상제도', '임직원 교육비', '자기개발 지원', '직책수당', '명절선물/명절상여', '성과급', '문화생활 지원'], '편의·여가·건강': ['건강검진', '휴양시설']}, 'location': {'address': '서울 구로구 디지털로26길 123 (구로동, 지플러스타워) 9층 906~908', 'map_url': 'https://maps.naver.com/?mapMode=0&dlevel=12&pinTitle=%e3%88%9c+%eb%8c%80%ea%b5%90%ec%97%90%eb%93%80%eb%b2%a0%ec%9d%b4%ec%85%98&lat=37.483095502125&lng=126.897719151417'}}	https://www.jobkorea.co.kr/Recruit/GI_Read_Comt_Ifrm?Gno=49347110
애니로직	파이썬 및 인공지능 개발자를 모집합니다.	['인공지능', '개발', '및', '파이써', '개발자', '대규모', '모집']	"





애니로직


채용제목을 입력해주세요




애니로직은 2016년에 설립된 회사로 자본금 3억원, 매출액 4억 9,470만원, 사원수 13명 규모의 중소기업입니다. 서울 금천구 가산디지털1로 219 (가산동, 벽산디지털밸리6차)에 위치하고 있으며, 개발 자동화 솔루션 AnyX, IoT, 영상관제, 금융사업을 하고 있습니다.







포지션 및 자격요건







포지션 ( 1명 ) 







담당업무
ㆍ상세내용을 입력하세요
ㆍ상세내용을 입력하세요

자격요건
ㆍ학력 : 학력무관

우대사항
ㆍ상세내용을 입력하세요
ㆍ상세내용을 입력하세요



















전형절차
ㆍ서류전형 > 1차면접 > 2차면접 > 임원면접 > 최종합격
ㆍ면접일정은 추후 통보됩니다.













유의사항
ㆍ허위사실이 발견될 경우 채용이 취소될 수 있습니다.









"	[]	모집분야   인공지능 개발 및 파이써 개발자 대규모 모집   모집인원   10명   고용형태   정규직      ,    계약직      ,    프리랜서      급여   회사 내규에 따름 (면접 후 결정)   근무시간   근무지주소   서울 금천구 가산디지털1로 219 (가산동, 벽산디지털밸리6차) 401호   인근지하철   주5일(월~금)   09:00 ~ 18:00	경력5년↑, 대졸↑, 서울 금천구, 정규직 외	{'basic_info': {'산업': '시스템 소프트웨어 개발 및 공급업', '사원수': '13명 | (2022.05.01)', '기업구분': '중소기업', '설립일': '2016.09.21 | (11년차)', '자본금': '3억원 | (2025.12.31)', '매출액': '4억 9,470만원 | (2025.12.31)', '대표자': '안재환', '주요사업': '소프트웨어개발및공급', '4대보험': '국민연금, 건강보험, 고용보험, 산재보험', '홈페이지': 'http://www.anylogic.co.kr', '주소': '서울 금천구 가산디지털1로 219 (가산동, 벽산디지털밸리6차) 401호'}, 'financial': {'매출액': {'current_value': '4억 9,470만원'}, '영업이익': {'current_value': '1억 7,557만원'}, '당기순이익': {'current_value': '5,072만원'}, '산업 내 위치': {'current_value': None}, '기업등급': {'current_value': None}, '총자산 증가율': {'current_value': '42억 1천만원'}}, 'history': [{'year': '2021', 'month': '09', 'events': ['SKT TID 개발자 사이트 구축', '건강보험공단 스마트 장기요양 앱 개발']}, {'year': '2019', 'month': '12', 'events': ['하프클럽 쇼핑몰 구축']}, {'year': '2019', 'month': '08', 'events': ['지니 뮤직 템플릿 사이트 구축']}, {'year': '2019', 'month': '01', 'events': ['CJ 대한통운 고객용 앱 (Self 사고 접수)']}, {'year': '2018', 'month': '09', 'events': ['다인정공 CRM 구축']}, {'year': '2018', 'month': '06', 'events': ['CJ 대한통운 고객용 앱 리뉴얼']}, {'year': '2017', 'month': '09', 'events': ['SK Broadband FLOW NMS 및 정산 시스템 개발']}, {'year': '2016', 'month': '09', 'events': ['(주)애니로직 설립']}, {'year': '2016', 'month': '08', 'events': ['KT 재난 안전 플랫폼 - 페낭 대교']}], 'employment': {'recruitments': []}, 'benefits': {'연금·보험': ['국민연금', '고용보험', '산재보험', '건강보험'], '휴무·휴가·행사': ['주5일제', '월차제도', '리프레시 휴가', '노동절 휴무'], '보상·수당·지원': ['퇴직금', '경조금', '야간근로수당', '명절선물/명절상여', '야간교통비 지급']}, 'location': {'address': '서울 금천구 가산디지털1로 219 (가산동, 벽산디지털밸리6차) 401호'}}	https://www.jobkorea.co.kr/Recruit/GI_Read_Comt_Ifrm?Gno=49346938
㈜아이지아이코리아	데이터 엔지니어 (Data Engineer, 3년 이상)	['Data', 'Engineer']	"




㈜아이지아이코리아




"	['//file2.jobkorea.co.kr/Net/Mng/DownImage/CorpEditor?file_No=1751605']	모집분야   Data Engineer   모집인원   ○명   고용형태   정규직   (수습 2개월)   급여   회사 내규에 따름 (면접 후 결정)   근무시간   근무지주소   서울 종로구 세종로 77-6 정부서울청사 본관   인근지하철   주5일(월~금)   09:00 ~ 18:00	경력3년↑, 대졸↑, 서울 종로구, 정규직	{'basic_info': {'산업': '솔루션·SI·CRM·ERP', '사원수': '35명 | ', '기업구분': '벤처기업', '설립일': '2016.03.14 | (11년차)', '자본금': '9억 9,000만원 | ', '매출액': '33억 | ', '대표자': '최상수', '대졸초임': '4,050만원', '주요사업': 'OnTwins - AI Spatial Computing Platform', '4대보험': '국민연금, 건강보험, 고용보험, 산재보험', '홈페이지': 'http://www.ontwins.com', '주소': '서울 구로구 디지털로26길 123 (구로동, 지플러스타워) 501호'}, 'financial': {}, 'history': [], 'employment': {'recruitments': []}, 'benefits': {'연금·보험': ['국민연금', '고용보험', '산재보험', '건강보험', '퇴직연금'], '휴무·휴가·행사': ['주5일제', '연차제도', '반차제도', '리프레시 휴가', '포상휴가', '노동절 휴무', '생일 이벤트'], '보상·수당·지원': ['스톡옵션', '퇴직금', '장기근속 포상', '우수사원 포상제도', '임직원 교육비', '명절선물/명절상여', '야간교통비 지급', '상여금', '회식비 지원', '추천비 지원'], '사내제도·성장': ['신입 사원 교육', '해외연수', '교육/세미나/스터디', '자율복장', '칼퇴 권장'], '편의·여가·건강': ['사내 동호회', '건강검진', '점심 식사 지원', '음료/간식 제공']}, 'location': {'address': '서울 구로구 디지털로26길 123 (구로동, 지플러스타워) 501호', 'map_url': 'https://maps.naver.com/?mapMode=0&dlevel=12&pinTitle=%e3%88%9c%ec%95%84%ec%9d%b4%ec%a7%80%ec%95%84%ec%9d%b4%ec%bd%94%eb%a6%ac%ec%95%84&lat=37.483095502125&lng=126.897719151417'}}	https://www.jobkorea.co.kr/Recruit/GI_Read_Comt_Ifrm?Gno=49346918
㈜가치플레이	(중급) 정규직 AI Agent 개발자 채용	['정규직', 'AI', 'Agent', '개발자', '채용']	"





㈜가치플레이


(중급) 정규직 AI Agent 개발자 채용




㈜가치플레이는 2022년에 설립된 회사로 자본금 5,000만원 사원수 12명 규모의 중소기업입니다. 서울 강서구 공항대로 337 (등촌동, 태현빌딩)에 위치하고 있으며, 오픈소스 컨설팅, 어플리케이션 아키텍트, Framework사업을 하고 있습니다.







포지션 및 자격요건







정규직 AI Agent 개발자 채용 ( 1명 ) 







담당업무
ㆍPython, AI Agent 개발
ㆍ데이터 파싱/청킹/임베딩/VectorDB 적재
스킬
ㆍPython, SQL

자격요건
ㆍ학력 : 초대졸이상
ㆍ경력 : 경력5년↑

우대사항
ㆍAI에 대한 이해도가 높은 분
ㆍ원활한 커뮤니케이션 가능자



















전형절차
ㆍ서류전형 > 1차면접 > 2차면접 > 임원면접 > 최종합격
ㆍ면접일정은 추후 통보됩니다.













유의사항
ㆍ허위사실이 발견될 경우 채용이 취소될 수 있습니다.









"	[]	모집분야   정규직 AI Agent 개발자 채용   모집인원   1명   고용형태   정규직   (수습 3개월)   직급/직책      급여   연봉 5,000만원 이상   근무시간   근무지주소   서울 강서구 공항대로 337 (등촌동, 태현빌딩) 3층   인근지하철   주5일(월~금)   09:00 ~ 18:00	경력5년↑, 초대졸↑, 서울 강서구, 정규직, 5,000만원 이상, 과장~차장급	{'basic_info': {'산업': '솔루션·SI·CRM·ERP', '사원수': '12명 | ', '기업구분': '중소기업', '설립일': '2022.11.04 | (5년차)', '대표자': '조성근', '주요사업': '오픈소스 컨설팅, 어플리케이션 아키텍트, Framework', '4대보험': '국민연금, 건강보험, 고용보험, 산재보험', '홈페이지': 'https://www.valuesplay.com', '주소': '서울 강서구 공항대로 337 (등촌동, 태현빌딩) 3층'}, 'financial': {}, 'history': [], 'employment': {'recruitments': []}, 'benefits': {}, 'location': {'address': '서울 강서구 공항대로 337 (등촌동, 태현빌딩) 3층', 'map_url': 'https://maps.naver.com/?mapMode=0&dlevel=12&pinTitle=%e3%88%9c%ea%b0%80%ec%b9%98%ed%94%8c%eb%a0%88%ec%9d%b4&lat=37.5581365867147&lng=126.845173348808'}}	https://www.jobkorea.co.kr/Recruit/GI_Read_Comt_Ifrm?Gno=49346353
㈜m114	AI / 웹 개발자 경력직 모집	['웹/서버', '프로그래머']	 	['//file2.jobkorea.co.kr/Net/Mng/DownImage/CorpEditor?file_No=1453484']	모집분야   웹/서버 프로그래머   모집인원   2명   고용형태   정규직   (수습 1개월)   직급/직책   급여   회사 내규에 따름 (면접 후 결정)   근무시간   근무지주소   서울 서초구 강남대로 309 (서초동, 코리아비지니스센타) 417, 418호   인근지하철   주5일(월~금)   09:00 ~ 18:00	경력2년↑, 대졸↑, 서울 서초구, 정규직, 사원급 외	{'basic_info': {'산업': '컴퓨터·하드웨어·장비', '사원수': '9명 | ', '기업구분': '중소기업', '설립일': '1999 | (28년차)', '대표자': '장병헌', '주요사업': '소프트웨어 감리,자문,개발, 웹개발,컨텐츠 제작, 웹호스팅', '4대보험': '국민연금, 건강보험, 고용보험, 산재보험', '홈페이지': 'http://www.m114.co.kr', '주소': '서울 서초구 강남대로 309 (서초동, 코리아비지니스센타) 417, 418호'}, 'financial': {'영업이익': {'current_value': '96만원'}, '기업등급': {'current_value': None}}, 'history': [], 'employment': {'recruitments': []}, 'benefits': {'연금·보험': ['국민연금', '고용보험', '산재보험', '건강보험'], '휴무·휴가·행사': ['주5일제', '연차제도', '반차제도', '노동절 휴무'], '보상·수당·지원': ['장기근속 포상', '야간교통비 지급', '도서 구입비 지원']}, 'location': {'address': '서울 서초구 강남대로 309 (서초동, 코리아비지니스센타) 417, 418호', 'map_url': 'https://maps.naver.com/?mapMode=0&dlevel=12&pinTitle=%e3%88%9cm114&lat=37.4906412512845&lng=127.030749897452'}}	https://www.jobkorea.co.kr/Recruit/GI_Read_Comt_Ifrm?Gno=49345823
피플앤드테크놀러지	[피플앤드테크놀러지] R&D 본부 프론트엔드 개발자(경력) 모집	['프론트엔드', '프로그래머']	"




[피플앤드테크놀러지] R&D 본부 프론트엔드 개발자(경력) 모집



피플앤드테크놀러지는 AI와 IoT 기반의 디지털 혁신 솔루션을 제공하는 Enterprise 기술 기업 입니다. 2013년 설립하여 의료,국방, 공공 등 다양한 산업 분야에서 다방면의 프로젝트 경험을 통해 현장의 문제를 해결하고, 지속 가능한 가치를 만들어 왔습니다.· 우리는 AI와 IoT 기술을 바탕으로 Enterprise 디지털 헬스케어 등 신성장 분야에 도전하고, 기술을 넘어 더 나은 삶과 가치 있는 변화를 만들고자 합니다. 기술력을 인정받아 사물인터넷 표창, 중소기업 R&D 우수성과, 대한민국 기업대상 ICT분야 대상, 보건복지부 표창, AiOT혁신대상 우수기업 선정 등 많은 분야에서 인정을 받았으며, 이를 통해 더 큰 도약을 준비하고 있습니다. · R&D본부는 당사의 핵심 산업 분야를 주력으로 개발하고 고도화하는 데 중추적인 역할을 담당하고 있습니다. 기획 단계에서부터 개발, 배포, 기술지원에 이르기까지 솔루션개발 서비스 전 주기를 책임지며, 사용자 경험(UX)과 기술 안정성을 최우선으로 고려한 통합적 솔루션을 제공합니다. 헬스케어, 국방, 산업환경 등 다양한 분야에서의 개발 경험을 바탕으로, 솔루션에 대한 폭넓은 이해와 실전 역량을 갖추고 있으며, 지속적인 기능 고도화와 최신 기술 도입을 통해 고품질 서비스를 안정적으로 유지하고 있습니다.







포지션 및 자격요건







프론트엔드 개발자 ( 경력 1명)







담당업무
ㆍ프론트엔드 React.js 개발ㆍ프로덕트 개발 및 유지보수

자격요건
ㆍReact.js 프론트엔드 개발 경험자ㆍ HTML, CSS, javascript(E2015+)에 대한 깊은 이해가 있으신 분ㆍ SASS/SCSS 활용 가능하신 분ㆍ HTTP 및 RESTfull API에 대한 이해가 있으신 분ㆍ Git 등의 형상관리 도구 경험이 있으신 분ㆍ 프로젝트 세팅부터 배포까지 경험이 있으신 분ㆍ 학력 : 전문대졸 이상ㆍ 성별/연령 : 무관ㆍ 경력 : React.js 1년 이상 ~ 10년미만 (경력년수에 따라 협의)

우대사항
ㆍReact Native, Flutter 등과 같은 모바일 애플리케이션 개발 프레임워크 기반 개발 경험이 있으신 분
ㆍNode.js 개발 경험이 있으신 분ㆍ 코드리뷰, 성능, 최적화에 경험이 있으신 분



















전형절차
ㆍ서류전형 > 1차면접 > 2차면접 > 임원면접(고경력 필요시) > 최종합격
ㆍ면접일정은 추후 통보됩니다.













유의사항
ㆍ허위사실이 발견될 경우 채용이 취소될 수 있습니다.









"	[]	모집분야   프론트엔드 프로그래머   모집인원   ○명   고용형태   정규직   (수습 3개월)   직급/직책   급여   회사 내규에 따름 (면접 후 결정)   근무시간   근무지주소   서울 강남구 삼성로 534 (삼성동, 싹아트센터) 6층   인근지하철   주5일(월~금)   10:00 ~ 19:00   부서별 시차출퇴근제	경력1년↑, 초대졸↑, 서울 강남구, 정규직, 사원급 외	{'basic_info': {'산업': '솔루션·SI·CRM·ERP', '사원수': '110명 | ', '기업구분': '중소기업', '설립일': '2013.11.14 | (14년차)', '자본금': '5,000만원 | ', '매출액': '120억원 | ', '대표자': '홍성표', '대졸초임': '3,900만원', '주요사업': 'Indoor LBS 솔루션', '4대보험': '국민연금, 건강보험, 고용보험, 산재보험', '홈페이지': 'http://www.pntbiz.ai', '주소': '서울 강남구 삼성로 534 (삼성동, 싹아트센터) 6층 피플앤드테크놀러지'}, 'financial': {'매출액': {'current_value': '120억 4천만원'}, '영업이익': {'current_value': '-28억 1천만원'}, '당기순이익': {'current_value': '-115억 9천만원'}, '산업 내 위치': {'current_value': None}, '기업등급': {'current_value': None}, '총자산 증가율': {'current_value': '132억 8천만원'}}, 'history': [], 'employment': {'recruitments': []}, 'benefits': {'연금·보험': ['국민연금', '고용보험', '산재보험', '건강보험'], '휴무·휴가·행사': ['주5일제', '연차제도', '경조휴가', '출산휴가', '육아휴직', '남성출산휴가'], '보상·수당·지원': ['퇴직금', '경조금', '인센티브', '야간교통비 지급', '도서 구입비 지원'], '편의·여가·건강': ['건강검진', '저녁 식사 지원']}, 'location': {'address': '서울 강남구 삼성로 534 (삼성동, 싹아트센터) 6층 피플앤드테크놀러지', 'map_url': 'https://maps.naver.com/?mapMode=0&dlevel=12&pinTitle=%ed%94%bc%ed%94%8c%ec%95%a4%eb%93%9c%ed%85%8c%ed%81%ac%eb%86%80%eb%9f%ac%ec%a7%80&lat=37.5096832741567&lng=127.055557698507'}}	https://www.jobkorea.co.kr/Recruit/GI_Read_Comt_Ifrm?Gno=49338740
㈜코리아정보보안아이티아카데미	IT 강사 파이썬 AI 퀀트 강사채용	['IT강사', 'AI', '퀀트', '금융', '투금', '직무', '강사채용']	"




㈜코리아정보보안아이티아카데미


[ IT 강사 채용 ] KDT 국비파이썬 AI 퀀트 금융 투자 과정

"	['//file2.jobkorea.co.kr/Net/Mng/DownImage/CorpEditor?file_No=286745']	모집분야   IT강사 AI 퀀트 금융 투금 직무 강사채용   모집인원   ○명   고용형태   계약직   (협의, 정규직 전환 가능)   ,    프리랜서   (협의, 정규직 전환 가능)   급여   회사 내규에 따름 (면접 후 결정)   근무시간   근무지주소   서울 강남구 테헤란로 146 (역삼동, 현익빌딩) 3층 (신한은행 건물 3층)   인근지하철   주5일(월~금)   09:00 ~ 18:00   탄력근무제	경력무관, 학력무관, 서울 강남구, 계약직 외	{'basic_info': {'산업': '기타 기술 및 직업훈련학원', '사원수': '13명 | (2018.06.20)', '기업구분': '중소기업', '설립일': '2015.09.24 | (12년차)', '자본금': '3,000만원 | (2020.12.31)', '매출액': '44억 9백만원 | (2020.12.31)', '대표자': '김홍구', '대졸초임': '2,709만원', '주요사업': '기타 기술 및 직업 훈련학원,자격증 시험대행', '4대보험': '국민연금, 건강보험, 고용보험, 산재보험', '홈페이지': 'http://www.koreaitacademy.com', '주소': '서울 강남구 테헤란로 146 (역삼동, 현익빌딩) 3층,4층', '계열사': '그룹 (주)에스씨에이아카데미강남 (주)에스씨에이아카데미대구 (주)에스씨에이아카데미부산 (주)에스씨에이게임강남 (주)코리아엔터아카데미연기보컬학원 (주)에스씨에이아카데미대전 (주)에스씨에이게임신촌 (주)에스씨에이아카데미광주 (주)올댓뷰티아카데미신촌 (주)올댓뷰티아카데미부산 (주)코리아요리학원 (주)올댓뷰티아카데미대구 (주)코리아취업아카데미부산 (주)엠노베이션 (주)코리아정보보안아이티아카데미신촌 (주)에스씨에이게임대구 (주)코리아온라인클래스 (주)에스씨에이게임대전 (주)에스씨에이아카데미수원 (주)올댓뷰티아카데미강남 (주)에스씨에이아카데미강남2 (주)코리아아이티아카데미대구 (주)코리아요리아카데미부산 (주)올댓뷰티아카데미인천 (주)올댓뷰티아카데미대전 (주)코리아요리아트아카데미대전 (주)올댓뷰티아카데미수원 (주)코리아취업아카데미강남 (주)에스씨에이아카데미신촌 (주)에스씨에이아카데미부평 (주)코리아요리아카데미대구 (주)에스씨에이아카데미일산 (주)에스씨에이게임일산 (주)코리아요리아트아카데미인천 (주)에스씨에이아카데미구월 (주)에스씨에이게임인천 (주)코리아요리아트아카데미수원 (주)코리아아이티아카데미부산 (주)에스씨에이게임부산 (주)에스씨에이게임수원 (주)케이링크파트너스'}, 'financial': {'매출액': {'current_value': '44억 9백만원'}, '영업이익': {'current_value': '4억 4,178만원'}, '당기순이익': {'current_value': '4억 2,240만원'}, '기업등급': {'current_value': None}}, 'history': [{'year': '2018', 'month': '04', 'events': ['훈련 이수자 평가 보안 및 네트워크 관리자 양성과정 A등급 획득']}, {'year': '2017', 'month': '06', 'events': ['(주)마티아솔루션 산학협력(MOU) 체결']}, {'year': '2017', 'month': '05', 'events': ['(주)용감한컴퍼니 산학협력(MOU) 체결']}, {'year': '2017', 'month': '04', 'events': ['(주)파비스 산학협력(MOU) 체결']}, {'year': '2017', 'month': '03', 'events': ['2017 대한민국 브랜드스타 학원교육서비스부문 1위 선정, (주)코리아정보보안IT아카데미 신촌지점 개원']}, {'year': '2017', 'month': '02', 'events': ['훈련 이수자 평가 보안 및 네트워크 관리자 양성과정 A등급 획득. 메타빌드(주) 산학협력(MOU) 체결']}, {'year': '2017', 'month': '01', 'events': ['2017 대학민국 FIRST 브랜드 대상 수상']}, {'year': '2016', 'month': '11', 'events': ['(주)씨에스플러스 산학협력(MOU) 체결, 네티브(주) 산학협력(MOU) 체결']}, {'year': '2016', 'month': '10', 'events': ['(주)시드씨앤에스 산학협력(MOU) 체결, (주)이노시스컴퍼니 산학협력(MOU) 체결']}, {'year': '2016', 'month': '09', 'events': ['업계최초 1:1 실습가능 네트워크장비 구축']}, {'year': '2016', 'month': '08', 'events': ['(주)공영DBM 산학협력(MOU)체결, 국기기관 전략산업 직종 과정 승인']}, {'year': '2016', 'month': '05', 'events': ['신규기관 인증평가 1년 인증획득']}, {'year': '2015', 'month': '10', 'events': ['개원']}], 'employment': {'recruitments': []}, 'benefits': {'휴무·휴가·행사': ['월차제도', '경조휴가', '창립일 행사', '워크샵/MT'], '보상·수당·지원': ['인센티브', '장기근속 포상', '우수사원 포상제도', '자기개발 지원', '직책수당', '명절선물/명절상여', '휴가비', '성과급', '임직원 할인', '회식비 지원'], '사내제도·성장': ['신입 사원 교육', '직무능력향상교육']}, 'location': {'address': '서울 강남구 테헤란로 146 (역삼동, 현익빌딩) 3층,4층', 'map_url': 'https://maps.naver.com/?mapMode=0&dlevel=12&pinTitle=%e3%88%9c%ec%bd%94%eb%a6%ac%ec%95%84%ec%a0%95%eb%b3%b4%eb%b3%b4%ec%95%88%ec%95%84%ec%9d%b4%ed%8b%b0%ec%95%84%ec%b9%b4%eb%8d%b0%eb%af%b8&lat=37.5000150944816&lng=127.03550317231'}}	https://www.jobkorea.co.kr/Recruit/GI_Read_Comt_Ifrm?Gno=49345372
위쉬정보기술㈜	을지로 하나은행 비정형 데이터 플렛폼 구축 python	['을지로', '하나은행', '비정형', '데이터', '플렛폼', '구축']	"

을지로 하나은행 비정형 데이터 플렛폼 구축 python

 

         모집분야 및 자격요건 모집부분담당업무자격요건모집인원하나은행비정형 데이터 플렛폼 구축- 위치 : 을지로- 기술 : Python, Vector DB, LLM, RAG- 등급 : 7년이상- 기간 : 8개월- 기타 : 금융권경험자 우대   



 





서류전형






실무자면접






임원면접






최종합격







 

- 이력서양식 : 잡코리아온라인 이력서, 지원자자유 이력서- 접수방법 : 잡코리아 온라인 채용시스템


 

- 이력서, 자기소개서 제출 - 최종합격 후 졸업증명서, 최종학교 전 학년 성적 증명서, 공인시험 및 기타 자격증 사본(소지자에 한함), 취업보호대상증명서(대상자에 한함) 제출



 

- 허위사실이 발견될 경우 채용이 취소될 수 있습니다.



 "	['http://i.jobkorea.kr/content/images/yocruit/yctr/gen/skin/blue/step_shape_7_light.gif?v4', 'http://i.jobkorea.kr/content/images/yocruit/yctr/gen/skin/blue/icn_shape_7.gif', 'http://i.jobkorea.kr/content/images/yocruit/yctr/gen/hd_doc.png', 'http://i.jobkorea.kr/content/images/yocruit/yctr/gen/icn_arr_step.png', 'http://i.jobkorea.kr/content/images/yocruit/yctr/gen/hd_step.png', 'http://i.jobkorea.kr/content/images/yocruit/yctr/gen/hd_req.png', 'http://i.jobkorea.kr/content/images/yocruit/yctr/gen/skin/blue/step_shape_7.gif?v4', 'http://i.jobkorea.kr/content/images/yocruit/yctr/gen/hd_how.png', 'http://i.jobkorea.kr/content/images/yocruit/yctr/gen/hd_guid.png']	모집분야   을지로 하나은행 비정형 데이터 플렛폼 구축   모집인원   ○○명   고용형태   정규직      ,    계약직   (협의)   ,    프리랜서   (협의)   급여   회사 내규에 따름 (면접 후 결정)   근무시간   근무지주소   서울 구로구 구로동 222-7 코오롱디지털타워 A동311호   인근지하철   주5일(월~금)	경력무관, 학력무관, 서울 구로구, 정규직 외	{'basic_info': {'산업': '응용 소프트웨어 개발 및 공급업', '사원수': '81명 | (200712)', '기업구분': '중소기업', '설립일': '2000.02.01 | (27년차)', '자본금': '5억원 | ', '매출액': '80억 | ', '대표자': '이종수', '주요사업': '소프트웨어 자문,개발,공급', '4대보험': '국민연금, 건강보험, 고용보험, 산재보험', '홈페이지': 'http://www.wishit.co.kr', '주소': '서울 구로구 구로동 222-7 코오롱디지털타워빌란트 1차 311호'}, 'financial': {'기업등급': {'current_value': None}}, 'history': [{'year': '2002', 'month': '01', 'events': ['국내 60여개 기업 ERP 구축사업']}, {'year': '2001', 'month': '04', 'events': ['중소기업청 중소기업 IT지원업체선정']}, {'year': '2000', 'month': '02', 'events': ['Wish-ERP Package 출시', '위쉬정보기술(주) 법인등록']}], 'employment': {'recruitments': []}, 'benefits': {'연금·보험': ['국민연금', '고용보험', '산재보험', '건강보험', '퇴직연금'], '보상·수당·지원': ['임직원 교육비', '자기개발 지원', '도서 구입비 지원'], '편의·여가·건강': ['건강검진']}, 'location': {'address': '서울 구로구 구로동 222-7 코오롱디지털타워빌란트 1차 311호', 'map_url': 'https://maps.naver.com/?mapMode=0&dlevel=12&pinTitle=%ec%9c%84%ec%89%ac%ec%a0%95%eb%b3%b4%ea%b8%b0%ec%88%a0%e3%88%9c&lat=37.483507960708&lng=126.896537167252'}}	https://www.jobkorea.co.kr/Recruit/GI_Read_Comt_Ifrm?Gno=49339859
㈜범소프트	[강남] 000영업지원시스템/java/react/6뭘말 7월-12개월/중급고급 다수	['JAVA', '/', 'react']	"




㈜범소프트


[강남] 000영업지원시스템/ java/ react/ 6월말 과 7월 중순-12개월/ 중급 고급 다수/상세 내용 참고












포지션 및 자격요건







java 시스템 개발( 00 명 ) 







담당업무
ㆍ


 * 000(현장)영업지원 시스템 구축 프로젝트


기술 : java , react 필수 , 웹/앱 개발, 설계 개발 인력


필요사항 : 


[1순위] autoever 쪽 유관 시스템 경험자


[2순위] 자동차 관련 프로젝트 경험자


[3순위] 유사 프로젝트 경험자


위치 : 강남쪽


일정 : 6월말 또는 7월초,중순 ~ 약 12개월


인원/등급 : 00명 / 중급 또는 고급


특이사항 : 


자사화 가능자 


 ** 6/19일(금)까지 필요한 경력서 제출 필요


단가 : 중급 600 / 고급 700 (예상) 




















전형절차
ㆍ서류전형 > 1차면접 > 최종합격
ㆍ면접일정은 추후 통보됩니다.













유의사항
ㆍ허위사실이 발견될 경우 채용이 취소될 수 있습니다.









"	[]	모집분야   JAVA / react   모집인원   ○○명   고용형태   프리랜서   (근무기간 12개월)   급여   회사 내규에 따름 (면접 후 결정)   근무시간   근무지주소   서울 강남구 강남대로 396 (역삼동, 강남역)    인근지하철   주5일(월~금)   09:00 ~ 18:00	경력7년↑, 대졸↑, 서울 강남구, 프리랜서	{'basic_info': {'산업': '응용 소프트웨어 개발 및 공급업', '사원수': '- | ', '기업구분': '중소기업', '설립일': '2024.01.10 | (3년차)', '자본금': '- | ', '매출액': '- | ', '대표자': '박수범', '주요사업': '응용 소프트웨어 개발 및 공급업,전자상거래 소매업,전자상거래 소매 중개업', '4대보험': '국민연금, 건강보험, 고용보험, 산재보험', '홈페이지': '-', '주소': '서울 금천구 가산디지털2로 70  (가산동) 13층 1313호(가산동,대륭테크노타운19차)'}, 'financial': {}, 'history': [], 'employment': {'recruitments': []}, 'benefits': {}, 'location': {'address': '서울 금천구 가산디지털2로 70  (가산동) 13층 1313호(가산동,대륭테크노타운19차)', 'map_url': 'https://maps.naver.com/?mapMode=0&dlevel=12&pinTitle=%e3%88%9c%eb%b2%94%ec%86%8c%ed%94%84%ed%8a%b8&lat=37.4750192107624&lng=126.882066360413'}}	https://www.jobkorea.co.kr/Recruit/GI_Read_Comt_Ifrm?Gno=49345093
㈜하이미디어아카데미	[LG 유플러스] Why Not SW 캠프 교육생 모집	['홈페이지', '지원']	"
                       "	['https://file1.jobkorea.co.kr/Mng/2026/6/himediaacademy_0611_0001.png']	모집분야   홈페이지 지원   모집인원   ○○명   고용형태   연수생/교육생      급여   회사 내규에 따름   근무시간   근무지주소   서울 강남구 테헤란로5길 20 (역삼동) 2층   인근지하철   주5일(월~금)   09:30 ~ 18:30	신입·경력, 학력무관, 서울 강남구, 연수생/교육생	{'basic_info': {'산업': '학원·어학원·교육원', '사원수': '80명 | ', '기업구분': '중소기업', '설립일': '1993.12.13 | (34년차)', '자본금': '10억원 | ', '매출액': '121억 | ', '대표자': '김한정', '대졸초임': '2,588만원', '주요사업': '기타 기술및 직업훈련학원', '4대보험': '국민연금, 건강보험, 고용보험, 산재보험', '홈페이지': 'http://jongro.himedia.co.kr/', '주소': '서울 종로구 인사동길 12 (인사동, 대일빌딩) 7층'}, 'financial': {'매출액': {'current_value': '123억 1천만원'}, '영업이익': {'current_value': '-10억 9천만원'}, '당기순이익': {'current_value': '-14억 1천만원'}, '산업 내 위치': {'current_value': None}, '기업등급': {'current_value': None}, '총자산 증가율': {'current_value': '180억 1천만원'}, '동종업계 순위': {'current_value': None}}, 'history': [{'year': '2003', 'month': '01', 'events': ['주식회사 하이미디어아카데미 설립']}], 'employment': {'recruitments': []}, 'benefits': {}, 'location': {'address': '서울 종로구 인사동길 12 (인사동, 대일빌딩) 7층', 'map_url': 'https://maps.naver.com/?mapMode=0&dlevel=12&pinTitle=%e3%88%9c%ed%95%98%ec%9d%b4%eb%af%b8%eb%94%94%ec%96%b4%ec%95%84%ec%b9%b4%eb%8d%b0%eb%af%b8&lat=37.5719023016341&lng=126.987257469171'}}	https://www.jobkorea.co.kr/Recruit/GI_Read_Comt_Ifrm?Gno=49344609
㈜아이디알시스템	분석/설계, Java 개발자 모집	['분석/설계,', 'Java', '개발자']	"






아이디알시스템은 2010년에 설립된 Commerce 구축/운영 전문회사 입니다. 
        국내 다양한 커머스 구축 및 운영 경험을 바탕으로, 통합 구축(System Integration)에 대한
        최고의 전문성과 기술력, Omni Channel 기반의 온.오프라인 고객DB통합 및 옴니채널
        커머스 시스템 구축 등 스마트샵(Smart Shop) 전문 기업으로 성장 하고 있습니다. 

IDR :
          https://www.idrsystems.co.kr 






근무조건


나이/성별 : 무관
학력 : 무관
경력 : 분석/설계 7년 이상, Java 개발 경력 3년 이상






모집분야




1. 공공 SI 프로젝트





- 투입기간 : 2026-08-01 ~ 2027.04.30
- 장소 : 김포공항 인근
- 모집 인원 : 3명



[모집 분야]

가.  분석/설계 3명



[우대사항]

공공 부문 SI 프로젝트 수행 경험자











2. 금융사 프로젝트





- 투입기간 : 2026-07-01 ~ 2026.12.31
- 장소 : 여의도
- 모집 인원 : 3명



[주요업무]

가. Java, Spring Boot 기반의 설계 및 개발
나. TypeScript, React 기반의 Frontend 개발



[모집 분야]

가. Java 프로그래밍이 가능한 분
가. SQL 작성이 가능하고, Spring Framework에 대한 기본적인 이해가 있는 분
가. 경력 3년 이상 ~ 10년 이하



[우대사항]

풀스택 개발자(Java, React+TypeScript)
AI 개발툴을 활용해본 경험이 있는 분











3. Web 개발자





- 투입기간 : 투입기간 : 2026-07-01 ~ 2026.12.31
- 장소 : 용인, 수원
- 모집 인원 : 3명



[주요업무]

가. Java, Spring Boot 기반의 설계 및 개발
나. TypeScript, React 기반의 Frontend 개발



[모집 분야]

가. Java 프로그래밍이 가능한 분
가. SQL 작성이 가능하고, Spring Framework에 대한 기본적인 이해가 있는 분
가. 경력 3년 이상 ~ 10년 이하



[우대사항]

풀스택 개발자(Java, React+TypeScript)
AI 개발툴을 활용해본 경험이 있는 분











근무조건


근무형태 : 프리랜서 or 정규직
근무 요일/시간 : 주 5일(월~금), 오전 9시~오후6시
급여 : 회사 내규에 따름






복리후생 (프리랜서)




연금/보험




고용보험
산재보험





휴무/휴가




주5일제
1개월 만근 시 월차











접수기간 및 방법


기간 : ~ 6월 26일  / 채용시 마감
이력서 : 잡코리아 이력서 양식 제출






기타 문의


이메일 : nokee2023@idrsystems.co.kr
대표전화 : 02-6925-0602





 "	['https://idrsys-site.s3.dualstack.ap-northeast-2.amazonaws.com/homepage/extra/recruit/icon_01.png', 'https://idrsys-site.s3.dualstack.ap-northeast-2.amazonaws.com/homepage/extra/recruit/visual.png', 'https://idrsys-site.s3.dualstack.ap-northeast-2.amazonaws.com/homepage/extra/recruit/icon_02.png']	모집분야   분석/설계, Java 개발자   모집인원   ○명   고용형태   프리랜서   (근무기간 6개월, 정규직 전환 가능)   급여   회사 내규에 따름 (면접 후 결정)   근무시간   근무지주소   서울 성동구 무학봉28길 7 (하왕십리동, 설악빌딩) 5층   인근지하철   주5일(월~금)   09:00 ~ 18:00   7월 초 부터 근무	경력3년↑, 학력무관, 서울 성동구, 프리랜서	{'basic_info': {'산업': '솔루션·SI·CRM·ERP', '사원수': '30명 | ', '기업구분': '벤처기업', '설립일': '2010.06.30 | (17년차)', '대표자': '송돈섭', '대졸초임': '2,360만원', '주요사업': '인터넷사업컨설팅, 전자상거래, 소프트웨어자문, 개발 및 공급, 홍보대행마케팅광고업', '4대보험': '국민연금, 건강보험, 고용보험, 산재보험', '홈페이지': 'http://www.idrsystems.co.kr', '주소': '서울 성동구 무학봉28길 7 (하왕십리동, 설악빌딩) 5층'}, 'financial': {}, 'history': [], 'employment': {'recruitments': []}, 'benefits': {'연금·보험': ['국민연금', '고용보험', '산재보험', '건강보험'], '휴무·휴가·행사': ['주5일제', '연차제도', '월차제도', '경조휴가'], '보상·수당·지원': ['경조금', '우수사원 포상제도', '자기개발 지원', '각종 기념일 선물', '성과급']}, 'location': {'address': '서울 성동구 무학봉28길 7 (하왕십리동, 설악빌딩) 5층', 'map_url': 'https://maps.naver.com/?mapMode=0&dlevel=12&pinTitle=%e3%88%9c%ec%95%84%ec%9d%b4%eb%94%94%ec%95%8c%ec%8b%9c%ec%8a%a4%ed%85%9c&lat=37.5621949310211&lng=127.033094838529'}}	https://www.jobkorea.co.kr/Recruit/GI_Read_Comt_Ifrm?Gno=49344432
지엘아이에스㈜(그리스)	공공 , 제조 개발	['공공', ',', '제조', '개발']	1. 전산실 데이타 센터 구축    - 업무 : 전산실 구축,이전 관련 공사 해 본 인력    - 기간 : 즉시 ~ 12월(9개월),                이후 년간 운영(12개월)    - 장소: 용인(하이닉스)    - 조건: 전산실 센터 구축/운영경력 10년 이상.2. KT 내부 Application Modernization 프로젝트    - 업무 : Azure 전문 인력    - 기간 : 7월 - 기간은 1년 단위    - 장소 : 분당    - 등급 : 고급 이상    - 기술 : AA 2명 , TA 4 명 , DA 1 명 3. 스포츠센터 운용 유지보수     - 업무 : 서버스토리지 운영엔지니어     - 경력 : 9년이상    - 장소 :  논현동    - 나이는 40대중반 이하    - 기간 : 즉시 - 1차 26년12월까지 (2차는 근무성과에따라)    - 주요업무는 서버스토리지(hpe,dell,hitachi 등) 운영(모니터링,작업지원,보고서 등)   - 출근시간 : 9시 - 6시4. 삼성바이오 전산 데이타 입력    - 기간 2026년 6월 22일 ~ 8월 28일 (10주) ~ 10주(4명), 초급기술자                            6월 22일 ~ 8월 14일 (9주) ~ 8주(1명) 초급기술자    - 기술 : 기본 PC 및 액셀, 워드 가능자    - 금액 : 월 280만원, 교통비 식대 포함    - 장소 : 인천 송도    - 노트북 지참5. 삼성전자  VM웨어 설치    - 기간  : 7월 - 6개월    - 업무 : VM웨어 설치    - 등급 : 고급 3명    - 장소 : 기흥 or 평택 	[]	모집분야   공공 , 제조 개발   모집인원   ○○명   고용형태   계약직   (협의)   ,    프리랜서   (협의)   직급/직책      급여   회사 내규에 따름 (면접 후 결정)   근무시간   근무지주소   서울 영등포구 여의도동 44-21 중앙빌딩 819호   인근지하철   주5일(월~금)	경력1년↑, 고졸↑, 서울 영등포구, 계약직 외	{'basic_info': {'산업': '응용 소프트웨어 개발 및 공급업', '사원수': '21명 | (2023.06.15)', '기업구분': '중소기업', '설립일': '2009.09.01 | (18년차)', '자본금': '2억원 | (2024.12.31)', '매출액': '18억 7백만원 | (2024.12.31)', '대표자': '김상열', '주요사업': '소프트웨어 개발,공급,자문,컴퓨터운용관련/전자상거래/비주거용건물 임대(점포, 자기땅)', '4대보험': '고용보험, 산재보험', '홈페이지': '-', '주소': '서울 영등포구 여의도동 44-21 중앙빌딩 819호'}, 'financial': {'매출액': {'current_value': '18억 7백만원'}, '영업이익': {'current_value': '94만원'}, '당기순이익': {'current_value': '402만원'}, '산업 내 위치': {'current_value': None}, '기업등급': {'current_value': None}, '총자산 증가율': {'current_value': '6억 3,803만원'}}, 'history': [{'year': '2009', 'month': '09', 'events': ['지엘아이에스(주) 설립']}], 'employment': {'recruitments': []}, 'benefits': {'연금·보험': ['국민연금', '고용보험', '산재보험', '건강보험']}, 'location': {'address': '서울 영등포구 여의도동 44-21 중앙빌딩 819호', 'map_url': 'https://maps.naver.com/?mapMode=0&dlevel=12&pinTitle=%ec%a7%80%ec%97%98%ec%95%84%ec%9d%b4%ec%97%90%ec%8a%a4%e3%88%9c(%ea%b7%b8%eb%a6%ac%ec%8a%a4)&lat=37.5208240681143&lng=126.929258216164'}}	https://www.jobkorea.co.kr/Recruit/GI_Read_Comt_Ifrm?Gno=49344211
㈜하이텔레서비스	[하이텔레서비스] AICC 서비스 기획 및 AX 운영 담당자 채용	['홈페이지', '지원']	"                  포지션 및 담당업무    포지션 및 담당업무 정보    지원부서 채용 직무 전공 상세 내용 근무지/인원      Staff AI전략 통계학, 컴퓨터공학, 데이터과학 관련 전공자   필수 사항 국내외 정규대학 학사 이상의 학위를 보유하신 분 AI 기반 시스템 또는 ARS 운영 경험과 데이터 분석을 통해 서비스를 고도화한 실무 경력(3년 이상)을 보유하신 분   우대 사항 데이터 분석/AI 부트캠프 등 전문 교육 과정을 이수하신 분 SQL, Python 기반의 데이터 처리 경험 또는 자격증을 보유하신 분 AICC 및 콜센터(ARS, 보이스봇 등) 관련 서비스 기획, 운영 또는 데이터 분석 실무 경력을 보유하신 분   상세 내용 AI 기반 업무 혁신 및 AX(AI Transformation)  생성형 AI 기반 비효율 업무 개선 및 생산성 향상 AI 분석을 통한 인사이트 도출 및 의사결정 지원 AI 중심의 프로세스ㆍ업무 혁신 및 경쟁력 강화  LLM 기반 AICC 시스템 기획 및 운영  AI 음성ARS 등 AI 시스템 구축 및 운영 관리 VOC 모니터링 및 핵심 성과 지표(KPI) 관리  데이터 통계 분석 및 인사이트 도출  대규모 고객 발화 데이터 및 시스템 로그 분석 데이터 기반의 서비스 고도화 전략 수립  직무 관련 상세 경험은 포트폴리오로 첨부해 주시기 바랍니다.  하이텔레서비스(마곡)/1명              지원자격   국내외 정규대학 학사 이상의 학위를 보유하신 분 관련 실무 경력 3년 이상을 보유하신 분  취업보호대상자(장애, 보훈 등)는 관계 법령에 의거하여 우대합니다.(최종합격 시 증명서 제출 必, 허위사실일 경우 채용이 취소됩니다) 해외여행 또는 비자 발급 요건에 결격 사유 없는 분, 남자는 병역 필 또는 면제되신 분에 한해 지원 가능합니다.        전형절차    서류전형 인성검사 1차면접/2차면접 채용검진 최종합격    2차 면접 합격자에 한해 평판조회가 진행 될 예정입니다. 전형 절차는 내부 사정에 의해 변경될 수 있습니다.         제출방법    지원서 제출은 LG Careers 채용사이트(https://careers.lg.com)를 통한 온라인 지원만 가능합니다.  우편 접수, 이메일 접수, 방문 접수 불가      홈페이지 입사 지원하기     문의처   홈페이지 및 시스템 문의 : LG Careers 사이트 內 상단 ""채용문의-1:1 질문하기""를 이용하시기 바랍니다. 등록된 이메일/비밀번호 분실했을 경우 ""이메일주소/비밀번호 찾기"" 를 클릭하시어 확인하시기 바랍니다. 이메일, 보조이메일, 비밀번호 모두 분실했을 경우 ""이메일주소/비밀번호 찾기"" 하단에 ""로그인 문의"" 클릭하시어 문의하시기 바랍니다. 접수 마감일에는 과도한 접속으로 인하여 지원서 제출이 원활하지 않을 수 있으니, 미리 제출해주시기 바랍니다.         채용 일정   접수기간 : 2026.06.08 11:00 ~ 2026.06.22 23:00          기타사항   [안내 사항] 고용 형태 : 정규직 입사 후 3개월간 수습기간 적용   [유의사항] 하이텔레서비스는 LG전자의 고객서비스 업무를 수행하는 LG전자의 자회사입니다. 서류전형 합격자를 대상으로 인성검사를 실시합니다.  : 인성검사(LG Way fit test)는 LG Way에 적합한 인재상을 측정하는 검사로 약 50분가량 소요되며 온라인으로 응시하는 방식입니다.  입사지원서의 내용이 사실과 다른 경우 합격이 취소됩니다.  당사 채용 운영에 따라 추가적인 검증 절차가 진행될 수 있습니다.  경력직 지원자의 경우 채용전형 전 과정에 걸쳐 전ㆍ현직 직장의 영업비밀을 침해하는 일이 없도록 각별히 유의하시길 바라며, 영업 비밀 침해 시 모든 책임이 본인에게 있음을 안내드립니다.  각 전형단계 별 안내는 이메일과 문자메시지로 진행되오니 이메일 주소와 휴대폰 번호를 정확하게 기재하여 주시기 바랍니다.          "	['https://file1.jobkorea.co.kr/Mng/2026/6/hitele77_260609.png']	모집분야   홈페이지 지원   모집인원   1명   고용형태   정규직   (수습 3개월)   급여   회사 내규에 따름   근무지주소   서울 강서구 마곡중앙5로 18 (마곡동, KGSQUARE) 3층   인근지하철	경력3년↑, 대졸↑, 서울 강서구, 정규직	{'basic_info': {'산업': '콜센터 및 텔레마케팅 서비스업', '사원수': '1,200명 | ', '기업구분': '대기업 계열사·자회사', '설립일': '2010.01.01 | (17년차)', '자본금': '1억 5,000만원 | (2025.12.31)', '매출액': '1,727억 3천만원 | (2025.12.31)', '대표자': '한기수', '대졸초임': '3,010만원', '주요사업': '콜센터/전기제품 수리', '4대보험': '국민연금, 건강보험, 고용보험, 산재보험', '홈페이지': 'http://www.hiteleservice.co.kr', '주소': '서울 강서구 마곡중앙5로 18 (마곡동, KGSQUARE) 3층', '계열사': '엘지그룹 (주)엘지헬로비전 (주)LG유플러스 에이스냉동공조(주) 해태에이치티비(주) (주)미디어로그 (주)하이프라자 태극제약(주) (주)LG화학 (주)LG생활건강 (주)데이콤크로싱 (주)로보스타 (주)씨에스리더 (주)디앤오 LG전자(주) (주)비즈테크아이 (주)에프엠지 (주)아인텔레서비스 (주)LG (주)씨텍 엘지이노텍(주) 엘지디스플레이(주) 코카콜라음료(주) (주)엘지씨엔에스 (주)엘지경영개발원 (주)에이치에스애드 (주)엘지스포츠 하이엠솔루텍(주) (주)한국음료 (주)씨에스원파트너 (주)라이트브레인 (주)팜한농 농업회사법인(주)에프앤아이 (주)나눔누리 (주)밝은누리 (주)행복마루 엘지파루크(주) 이노위드(주) (주)하누리 (주)미래엠 (주)베어로보틱스코리아 (주)행복누리 (주)루치펠로코리아 동남태양광발전(주) (주)위드유 (주)비바웨이브 (주)울릉샘물 (주)디앤오씨엠 지케이더블유라이팅시스템즈코리아(주) (주)유플러스홈서비스 (주)씨브이파트너스 (주)엘지에너지솔루션 하이케어솔루션(주) (주)아름누리 (주)고운누리 엘지마그나이파워트레인(주) (주)엘지에이치와이비씨엠 (주)비즈테크온 티더블유바이오매스에너지(주) (주)엘지유플러스볼트업 (주)헬로커넥트앤 (주)엘지에니바이오리파이닝 (주)디앤오리츠운용'}, 'financial': {'매출액': {'current_value': '1,727억 3천만원'}, '영업이익': {'current_value': '42억 1천만원'}, '당기순이익': {'current_value': '31억 3천만원'}, '산업 내 위치': {'current_value': None}, '기업등급': {'current_value': None}, '총자산 증가율': {'current_value': '419억 9천만원'}, '동종업계 순위': {'current_value': None}}, 'history': [], 'employment': {'recruitments': []}, 'benefits': {'기타': ['하이텔레서비스 홈페이지 상세복리후생 참고']}, 'location': {'address': '서울 강서구 마곡중앙5로 18 (마곡동, KGSQUARE) 3층', 'map_url': 'https://maps.naver.com/?mapMode=0&dlevel=12&pinTitle=%e3%88%9c%ed%95%98%ec%9d%b4%ed%85%94%eb%a0%88%ec%84%9c%eb%b9%84%ec%8a%a4&lat=37.5672713852524&lng=126.825823040568'}}	https://www.jobkorea.co.kr/Recruit/GI_Read_Comt_Ifrm?Gno=49343072
㈜코콤	홈네트워크 AI 모델 개발자 채용 건	['홈네트워크', 'AI', '모델', '개발자', '채용', '건']	"




㈜코콤


홈네트워크 AI 모델 개발자 채용 건




주식회사 코콤은 1976년 ""한국통신""으로 설립되어 Didital 영상기술과 통신 네트워크 관련 제품을 국내시장는
 물론 일본, 중국을 비롯한 미주, 유럽, 남미 등의 해외시장에 수출하여 코콤의 브랜드 파워를 세계시장으로 
증폭시키고 있습니다. 1992년 부설 연구소를 설립, 국내 최초 컴팩트형 비디오폰 개발을 비롯하여 업계 최초 
국제품질보증규격 ISO9001, ISO14001, K-OHSMS 18001 획득, 국내 최초 비디오폰 완제품 100PPM, 특허 33건, 
실용신안 105건, 의장등록 80건, 상표 104건등의 산업재산권을 소유하고 있습니다. 

홈오토메이션과 비디오폰은 업계 경쟁력 1위를 지키고 있으며, 디지털 칼라 CCTV 카메라를 비롯하여 차세대 
멀티미디어 환경을 구축하기 위한 디지털카메라, 화상통신 매니아을 위한 PC카메라 USB카메라 개발하여
 Digital 영상 기술력은 이미 세계에서 인정 받고 있습니다. 







포지션 및 자격요건







홈네트워크 AI 모델 개발자 채용 건 ( ○명 )



담당업무

ㆍ자연어처리(NLP), 음성인식(STT & TTS), 컴퓨터
     비전 등 AI 기술 및 모델 개발
ㆍ홈IoT 기기(예: 월패드/로비폰/경비폰) 연동용 AI 모델 개발
ㆍ사용자 음성, 행동, 환경 데이터를 활용한
     맞춤형 예측 및 자동화 모델 설계
ㆍ홈넷 시스템(월패드, 디바이스 등) 환경에서 동작 가능한 경량 AI 모델 개발
ㆍAI 기반 사용자 간에 연동 성능 개선하기 위한 기술 개발
ㆍ개발 모델의 성능 개선 및 현장 적용 최적화




스킬
ㆍPython, AWS, 인공지능(AI), LLMOps, Model, ML, 프롬프팅, LLM, Pytorch, Tensorflow

핵심역량

                                                                ㆍ
                                                                        성실성,
계획성, 창의성, 협동심
                                                            

자격요건
ㆍ학력 : 대졸이상
ㆍ경력 : 경력5년↑
ㆍ머신러닝/딥러닝 기반 모델 설계 및 구현 실무 경험 3년 이상
ㆍPython 및 주요 ML 프레임워크(PyTorch, TensorFlow 등) 능숙
ㆍIoT 또는 스마트홈 관련 시스템 개발 이해
ㆍ온디바이스 AI 또는 경량화 모델 경험


우대사항
ㆍ석사학위 수여자(AI 전공자)
ㆍ머신러닝/딥러닝 기반 모델 설계에 대한 석사 학위자 우대
ㆍLLM, 생성형 AI,
     Multimodal 관련 연구 또는 서비스 개발 경험
ㆍ한국어 언어 모델 관련 경험
ㆍ음성 인식, 환경 감지, 사용자 행동 예측
     관련 프로젝트 경험
ㆍ스마트 홈 시스템에 AI 모델 적용 경험
ㆍ클라우드 기반 IoT 플랫폼 연동 경험 (AWS
     IoT 등)
ㆍ사용자 프라이버시 및 데이터 보안 처리 경험

















전형절차
ㆍ서류전형 > 1차면접 > 2차면접 > 임원면접 > 최종합격
ㆍ면접일정은 추후 통보됩니다.













유의사항
ㆍ허위사실이 발견될 경우 채용이 취소될 수 있습니다.









"	[]	모집분야   홈네트워크 AI 모델 개발자 채용 건   모집인원   ○명   고용형태   정규직   (협의)   ,    계약직      직급/직책   급여   회사 내규에 따름 (면접 후 결정)   근무시간   근무지주소   서울 강서구 마곡중앙8로5길 16 (마곡동) 코콤블루랩마곡사옥   인근지하철   주5일(월~금)   09:00 ~ 18:00	경력5년↑, 대졸↑, 서울 강서구, 정규직 외, 주임~대리급 외	{'basic_info': {'산업': '전기·전자·제어', '사원수': '159명 | ', '기업구분': '중견기업', '설립일': '1980 | (47년차)', '자본금': '87억 6천만원 | ', '매출액': '1,138억 | ', '대표자': '고진호', '주요사업': '홈네트워크, 비디오 도어폰, 도어폰, LED, CCTV, 디지털도어록', '4대보험': '국민연금, 건강보험, 고용보험, 산재보험', '홈페이지': 'http://www.kocom.co.kr', '주소': '서울 강서구 마곡중앙8로5길 16 (마곡동) 코콤블루랩'}, 'financial': {'사업분석': {'current_value': None}, '매출액': {'current_value': '957억 7천만원'}, '영업이익': {'current_value': '29억 9천만원'}, '당기순이익': {'current_value': '57억 1천만원'}, '산업 내 위치': {'current_value': None}, '기업등급': {'current_value': None}, '동종업계 순위': {'current_value': None}}, 'history': [], 'employment': {'recruitments': []}, 'benefits': {'연금·보험': ['국민연금', '고용보험', '산재보험', '건강보험'], '휴무·휴가·행사': ['주5일제', '연차제도', '경조휴가', '출산휴가', '육아휴직', '노동절 휴무'], '보상·수당·지원': ['퇴직금', '경조금', '자녀교육비', '장기근속 포상', '우수사원 포상제도', '임직원 교육비', '연월차제도수당', '주차 지원', '각종 기념일 선물', '성과급', '임직원 할인'], '사내제도·성장': ['직무능력향상교육', '리더쉽강화교육'], '사내시설': ['구내식당', '숙소 지원', '휴식공간', '주차장', '수면실', '샤워실', '장애인용 주차장', '장애인용 승강기', '장애인용 화장실', '건물내 경사로', '휠체어용 난간', '유도점자블록', '비상경보장치'], '편의·여가·건강': ['사내 동호회', '건강검진', '점심 식사 지원', '근무복 지원', '휴양시설']}, 'location': {'address': '서울 강서구 마곡중앙8로5길 16 (마곡동) 코콤블루랩', 'map_url': 'https://maps.naver.com/?mapMode=0&dlevel=12&pinTitle=%e3%88%9c%ec%bd%94%ec%bd%a4&lat=37.5623797992076&lng=126.837761935459'}}	https://www.jobkorea.co.kr/Recruit/GI_Read_Comt_Ifrm?Gno=49327784
㈜솔텍아이앤에스	자동차 플랫폼 개발 - PMO - 사업관리지원 - 초급	['PMO_사업관리']	"





㈜솔텍아이앤에스


자동차 플랫폼 개발 - PMO - 사업관리지원 - 초급












포지션 및 자격요건







PMO_사업관리 ( 1명 ) 







담당업무
1. 프로젝트 : 자동차플랫폼 운영 구축2. 투입기간 : ASAP ~ 10개월3. 근무장소 : 문정역 부근4. 수행업무 -사무보조업무(초급)   엑셀, PPT 숙련자 必  이커머스(E-Commerce) 이해도 必 사무보조 업무 가능한 자  총무업무 가능한 자

스킬
ㆍExcel, PowerPoint

자격요건
ㆍ학력 : 초대졸이상
ㆍ경력 : 경력3년↑

우대사항
ㆍ상세내용을 입력하세요
ㆍ상세내용을 입력하세요



















전형절차
ㆍ서류전형 > 1차면접 > 2차면접 > 임원면접 > 최종합격
ㆍ면접일정은 추후 통보됩니다.













유의사항
ㆍ허위사실이 발견될 경우 채용이 취소될 수 있습니다.









"	[]	모집분야   PMO_사업관리   모집인원   1명   고용형태   프리랜서   (근무기간 10개월)   급여   월급 250~300만원 (면접 후 결정)   근무시간   근무지주소   서울 송파구 법원로 128 (문정동, 문정역SKV1)    인근지하철   주5일(월~금)   09:00 ~ 18:00	경력3년↑, 초대졸↑, 서울 송파구, 프리랜서, 250~300만원(월)	{'basic_info': {'산업': '컴퓨터 및 주변장치, 소프트웨어 도매업', '사원수': '- | ', '기업구분': '중소기업', '설립일': '-', '자본금': '- | ', '매출액': '- | ', '대표자': '백천일', '주요사업': '-', '4대보험': '국민연금, 건강보험, 고용보험, 산재보험', '홈페이지': '-', '주소': '서울 영등포구 국회대로36길 17 (당산동3가, 리앤나빌리지) 702호'}, 'financial': {'기업등급': {'current_value': None}}, 'history': [], 'employment': {'recruitments': []}, 'benefits': {}, 'location': {'address': '서울 영등포구 국회대로36길 17 (당산동3가, 리앤나빌리지) 702호', 'map_url': 'https://maps.naver.com/?mapMode=0&dlevel=12&pinTitle=%e3%88%9c%ec%86%94%ed%85%8d%ec%95%84%ec%9d%b4%ec%95%a4%ec%97%90%ec%8a%a4&lat=37.5257996444955&lng=126.8981092917'}}	https://www.jobkorea.co.kr/Recruit/GI_Read_Comt_Ifrm?Gno=49343542
㈜슈퍼플래닛	모바일 게임 퍼블리싱 플랫폼 개발 및 기술 지원 (보충역)	['모바일게임', '퍼블리싱', '기술지원', '및', '개발']	"




(주)슈퍼플래닛

모바일 게임 퍼블리싱 플랫폼 개발 및 기술 지원




슈퍼플래닛은 전세계 글로벌 시장에서 성공적인 성과를 만들어가고 있는 모바일게임사입니다. 폭발적 성공으로 향해가는 멋진 당신을 지금 기다리고 있습니다.슈퍼플래닛은 탄탄한 내실을 갖춘 안정적인 게임사입니다. 네이버, LINE 등 든든한 파트너쉽, 탄탄한 게임 개발 역량, 수많은 출시 이력 뿐만 아니라 라이브 서비스, 마케팅 역량까지 탄탄한 기틀을 갖추고 있습니다.슈퍼플래닛은 청년친화강소기업으로 선정된 기업입니다. 젊고 창의적인 기업이면서도 내실을 증명하여 청년친화강소기업으로 선정될 수 있는 영광을 누릴 수 있었습니다.슈퍼플래닛은 젊고 자유로운 기업입니다. 발전적인 의견을 언제든 주고받는 기업 문화, 투명하고 매너있는 커뮤니케이션 문화의 자유로운 분위기의 회사입니다. 강남대로 신사역 논현역이 가까워서 편리한 출퇴근 가능한 업무 환경도 준비해놓고 있어요! 젊은 게임 기업에서 즐겁게 일하는 추억을 만들어가세요!







포지션 및 자격요건







모바일 게임 퍼블리싱 플랫폼 개발 및 기술 지원 ( 보충역 ) 







담당업무
ㆍ모바일 퍼블리싱 플랫폼 개발 (백엔드 작업)ㆍ라이브 모바일 게임 CS 기술 지원 (백엔드 작업)ㆍ운영툴 개발ㆍ라이브 게임 서버 업데이트 (백엔드 작업)ㆍ플러그인, 플랫폼 대응
핵심역량

                                                                ㆍ 기획력, 분석력, 학습능력ㆍ 책임감ㆍ 모바일 게임을 즐기는 분

자격요건
ㆍ학력 : 컴퓨터과학 전공 2년 이상
ㆍ경력 : 신입 (또는 3년 미만)








전형절차
ㆍ서류전형 > 1차면접> 2차면접 > 최종합격
ㆍ면접일정은 추후 통보됩니다.













유의사항
ㆍ서류 및 면접 과정에서 제공된 정보가 사실과 다를 경우 채용이 취소될 수 있습니다.ㆍ보충역 병역특례 채용 공고입니다.









"	[]	모집분야   모바일게임 퍼블리싱 기술지원 및 개발   모집인원   ○명   고용형태   정규직   (수습 3개월)   ,    병역특례   (보충역)   직급/직책   급여   회사 내규에 따름 (면접 후 결정)   근무시간   근무지주소   서울 강남구 강남대로 566 (논현동, 신영와코루빌딩)    인근지하철   주5일(월~금)   09:30 ~ 18:30	경력무관, 학력무관, 서울 강남구, 정규직 외, 사원급 외	{'basic_info': {'산업': '게임·애니메이션', '사원수': '50명 | ', '기업구분': '중소기업', '설립일': '2012.09.01 | (15년차)', '대표자': '박성은', '주요사업': '모바일 게임 개발 및 퍼블리싱', '4대보험': '국민연금, 건강보험, 고용보험, 산재보험', '홈페이지': 'http://www.superplanet.net', '주소': '서울 강남구 강남대로 566 (논현동, 신영와코루빌딩) 9층'}, 'financial': {}, 'history': [], 'employment': {'recruitments': []}, 'benefits': {'연금·보험': ['국민연금', '고용보험', '산재보험', '건강보험'], '휴무·휴가·행사': ['주5일제', '연차제도', '경조휴가', '반차제도', '육아휴직', '노동절 휴무']}, 'location': {'address': '서울 강남구 강남대로 566 (논현동, 신영와코루빌딩) 9층', 'map_url': 'https://maps.naver.com/?mapMode=0&dlevel=12&pinTitle=%e3%88%9c%ec%8a%88%ed%8d%bc%ed%94%8c%eb%9e%98%eb%8b%9b&lat=37.5125572684951&lng=127.021202457354'}}	https://www.jobkorea.co.kr/Recruit/GI_Read_Comt_Ifrm?Gno=49343179
유엔터스	손해보험 영업관리(수수료,마감) 개발 및 운영,  java	['손해보험', '영업관리', 'java']	"




유엔터스


손해보험 영업관리(수수료,마감) 개발 및 운영java




유엔터스는 2020년에 설립된 회사로 사원수 30명 규모의 중소기업입니다. 서울 양천구 신정이펜1로 51 (신정동, 신정이펜하우스4단지)에 위치하고 있으며, OUTSOURCING, SI, SM사업을 하고 있습니다.







포지션 및 자격요건







손해보험 영업관리 java ( 1명 ) 







담당업무
ㆍ손해보험 영업관리 (수수료, 마감) 개발 및 운영

스킬
ㆍJAVA

자격요건
ㆍ학력 : 학력무관
ㆍ경력 : 경력6년 이상 중급개발자 ↑* 영업관리업무 경험자 또는 손해보험 업무개발 경험자 필수

제반사항
ㆍ기간 : 7월 ~ 12월말 (이후 계속 연장 가능성 있음)
ㆍ장소 : 서대문



















전형절차
ㆍ서류전형 > 면접 > 최종합격
ㆍ지원시 경력기술서 (Skill Inventory) 제출 필수













유의사항
ㆍ허위사실이 발견될 경우 채용이 취소될 수 있습니다.









"	[]	모집분야   손해보험 영업관리 java   모집인원   1명   고용형태   프리랜서   (근무기간 6개월)   직급/직책   급여   회사 내규에 따름 (면접 후 결정)   근무시간   근무지주소   서울 서대문구 충정로 60 (미근동, (주)케이티앤지서대문타워)    인근지하철   주5일(월~금)   09:00 ~ 18:00	경력6년↑, 학력무관, 서울 서대문구, 프리랜서, 주임~대리급 외	{'basic_info': {'산업': '솔루션·SI·CRM·ERP', '사원수': '30명 | ', '기업구분': '중소기업', '설립일': '2020.02.19 | (7년차)', '자본금': '- | ', '매출액': '- | ', '대표자': '유봉상', '주요사업': 'OUTSOURCING, SI, SM', '4대보험': '국민연금, 건강보험, 고용보험, 산재보험', '홈페이지': '-', '주소': '서울 양천구 신정이펜1로 51 (신정동, 신정이펜하우스4단지) 유엔터스'}, 'financial': {}, 'history': [], 'employment': {'recruitments': []}, 'benefits': {}, 'location': {'address': '서울 양천구 신정이펜1로 51 (신정동, 신정이펜하우스4단지) 유엔터스', 'map_url': 'https://maps.naver.com/?mapMode=0&dlevel=12&pinTitle=%ec%9c%a0%ec%97%94%ed%84%b0%ec%8a%a4&lat=37.5106178098988&lng=126.829799041223'}}	https://www.jobkorea.co.kr/Recruit/GI_Read_Comt_Ifrm?Gno=49342978
셋시큐리티	[신입] 풀스택 엔지니어 정규직 채용	['개발', '부문', '풀스택', '개발자']	"




셋시큐리티


풀스택 엔지니어 채용 (신입/초급)




셋시큐리티는 2022년에 설립된 회사로 자본금 5,793만원, 매출액 3억 7000만원, 사원수 6명 규모의 중소기업입니다. 서울시 금천구 서부샛길 606에 위치하고 있으며, 정보보안 교육 플랫폼 개발 및 정보보안 프로젝트 수행사업을 하고 있습니다.







포지션 및 자격요건







포지션 ( 1명 ) 







담당업무
ㆍSpring / Spring Boot 기반 웹 서비스 개발
ㆍReact 기반 프론트엔드 개발ㆍRDBMS(MySQL, PostgreSQL 등) 기반 데이터 설계 및 연동
ㆍREST API 설계 및 개발ㆍLinux 서버 환경에서의 서비스 운영 및 배포ㆍGit 기반 형상관리 및 협업ㆍLegacy Project 유지보수 업무ㆍ일반 행정 및 문서 작성
자격요건
ㆍReact + Spring으로 프로젝트를 구현해본 경험ㆍSpring 기반 백엔드 개발 경험 또는 이해가능자ㆍReact를 이용한 프론트엔드 개발 가능자ㆍRDBMS(MySQL, PostgreSQL 등) 사용 경험ㆍGit 사용 경험
ㆍLinux 서버 환경에 대한 기본 이해 (구축 또는 운영 경험)ㆍNotion 사용자ㆍ신입 지원
우대사항
ㆍ정보처리 산업기사/기사 
ㆍ웹 사이트 및 운영진 경험이 있으신 분ㆍ개인 프로젝트 또는 포트폴리오 보유ㆍ유관 부서와 커뮤니케이션이 원활하신 분ㆍ클라우드/가상화 관련 프로젝트 경험복리후생

ㆍ4대 보험
ㆍ휴가, 병가 및 퇴직금 제공
ㆍ사내 교육 및 복지 프로그램 제공
ㆍ경조사 지원 및 생일/결혼 기념일 선물 제공
ㆍ회사 근무 환경 개선 및 복지 시설 제공




















전형절차 
ㆍ서류전형 > 전화 면접 > 인터뷰 > 최종합격
ㆍ세부 일정은 합격자에 한하여 개별 공지 드릴 예정입니다.













유의사항
ㆍ병역 필 또는 면제로 해외여행에 결격 사유가 없는 분에 한해 지원이 가능합니다.ㆍ지원서 내용이 사실과 다른 경우 불이익(채용취소 등)이 있을 수 있습니다.ㆍ전형 중 지원서를 삭제하신 경우 전형 진행 포기로 간주됩니다.









"	[]	모집분야   개발 부문 풀스택 개발자   모집인원   1명   고용형태   정규직   (수습 3개월)   직급/직책      급여   회사 내규에 따름 (면접 후 결정)   근무시간   근무지주소   서울 금천구 서부샛길 606 (가산동, 대성디폴리스지식산업센터) A동 1411-1호   인근지하철   주5일(월~금)   10:00 ~ 19:00	신입, 학력무관, 서울 금천구, 정규직, 사원급	{'basic_info': {'산업': '응용 소프트웨어 개발 및 공급업', '사원수': '2명 | ', '기업구분': '중소기업', '설립일': '2022.02.03 | (5년차)', '자본금': '5,793만원 | (2024.12.31)', '매출액': '1억 6,124만원 | (2024.12.31)', '대표자': '신선우', '대졸초임': '3,150만원', '주요사업': '응용 소프트웨어 개발 및 공급업', '4대보험': '국민연금, 건강보험, 고용보험, 산재보험', '홈페이지': 'https://setsecurity-kr.notion.site/1-Set-Security-0d83897c7b2d46a1b1ee', '주소': '서울 금천구 가산동  543-1 대성디폴리스지식산업센터 A동 1411-1호'}, 'financial': {'매출액': {'current_value': '1억 6,124만원'}, '영업이익': {'current_value': '2,693만원'}, '당기순이익': {'current_value': '2,693만원'}, '기업등급': {'current_value': None}}, 'history': [], 'employment': {'recruitments': []}, 'benefits': {'연금·보험': ['국민연금', '고용보험', '산재보험', '건강보험', '퇴직연금', '각종 연금 제도'], '휴무·휴가·행사': ['주5일제', '반차제도', '위로휴가', '리프레시 휴가', '포상휴가', '출산휴가', '보건휴가', '창립일 휴무', '노동절 휴무', '창립일 행사', '다양한 휴가제도', '반반차 제도', '사내 이벤트', '생일 이벤트', '자유로운 휴가문화', '주말 휴무', '패밀리데이'], '보상·수당·지원': ['스톡옵션', '퇴직금', '경조금', '정기보너스', '우수사원 포상제도', '각종 수당', '자기개발 지원', '휴일근로수당', '연월차제도수당', '각종 기념일 선물', '도서 구입비 지원', '성과급', '상여금', '연장근로수당', '우수사원 보상제도', '포상제도'], '사내제도·성장': ['신입 사원 교육', '교육/세미나/스터디', '님/닉네임 호칭', '멘토링 제도', '수평적 문화', '재택근무제', '주40시간', '칼퇴 권장'], '사내시설': ['휴식공간', '흡연공간', '건물내 경사로', '공유오피스', '쾌적한 업무공간', '탕비실'], '편의·여가·건강': ['식사 지원', '음료/간식 제공']}, 'location': {'address': '서울 금천구 가산동  543-1 대성디폴리스지식산업센터 A동 1411-1호', 'map_url': 'https://maps.naver.com/?mapMode=0&dlevel=12&pinTitle=%ec%85%8b%ec%8b%9c%ed%81%90%eb%a6%ac%ed%8b%b0&lat=37.4797561387792&lng=126.877043595465'}}	https://www.jobkorea.co.kr/Recruit/GI_Read_Comt_Ifrm?Gno=49342789
㈜마크로젠	㈜마크로젠 JAVA개발자 경력 모집	['java개발']	"




㈜마크로젠


㈜마크로젠 JAVA개발 경력직 모집




마크로젠은 보이지 않는 신대륙을 찾아 도전하고 있으며 이를 통해 인류의 꿈인 질병퇴치와 수명연장의 꿈을 실현하고자 합니다. 투자자를 비롯하여 마크로젠을 성원해 주신 모든 분들께 약속을 지키기 위해 마크로젠 임직원 모두는 최선을 다할 것입니다. 







포지션 및 자격요건







java개발 ( 1명 ) 







담당업무
ㆍJava Application 개발(본사 및 해외법인)
ㆍ신규 웹 서비스 개발/고도화 Project 진행
   ▶ 본사 및 해외법인의 COMS, LIMS 시스템 관리   ▶ 현업부서의 요청에 대한 업무협의/요구사항분석/프로그램개발/테스트/적용 및 LIMS 데이터 요청/제공   ▶ ITGC, ISMS-P 등의 보안 심사 대응 지원자격요건
ㆍ학사학위 이상 소지자
ㆍ웹 어플리케이션 개발 역량 보유자ㆍ소프트웨어 개발 관련 경력 5년 이상 12년 이하의 경력자ㆍ오류 정정합니다. (근무지는 역삼동 마크로젠 입니다.)우대사항
ㆍSpring Framework경험자(전자정부프레임워크 경험자)
ㆍ웹서버(Apache, Tomcat) 활용 경험자ㆍ외국어(일어/영어) 가능자ㆍ생물학 전공자



















전형절차
ㆍ서류전형 > 1차면접(필요시 코딩테스트) > 2차면접 > 임원면접 > 최종합격
ㆍ서류전형 합격자에게 개별적으로 안내드립니다.













유의사항
ㆍ허위사실이 발견될 경우 채용이 취소될 수 있습니다.ㆍ국가유공자, 장애인 등 취업보호대상자는 관계 법령에 따라 우대하며, 모든 지원자에게 공정한 채용 기회를 제공합니다.









"	[]	모집분야   java개발   모집인원   1명   고용형태   정규직   (수습 3개월)   급여   회사 내규에 따름 (면접 후 결정)   근무시간   근무지주소   서울 강남구 테헤란로 238 (역삼동, 마크로젠빌딩) -   인근지하철   주5일(월~금)   08:30 ~ 17:30	경력5년↑, 학력무관, 서울 강남구, 정규직	{'basic_info': {'산업': '제약·보건·바이오', '사원수': '498명 | ', '기업구분': '중견기업', '설립일': '1997.06.05 | (30년차)', '자본금': '29억원 | ', '매출액': '1017억 원 | ', '대표자': '김창훈', '대졸초임': '3,500만원', '주요사업': '유전자분석서비스 및 DNA칩개발, 유전자이식마우스 外', '4대보험': '국민연금, 건강보험, 고용보험, 산재보험', '홈페이지': 'http://www.macrogen.com', '주소': '서울 금천구 벚꽃로 254 (가산동, 월드메르디앙1차) 10층', '계열사': '마크로젠그룹 (주)헬스브리즈'}, 'financial': {'사업분석': {'current_value': None}, '매출액': {'current_value': '1,095억 8천만원'}, '영업이익': {'current_value': '67억 7천만원'}, '당기순이익': {'current_value': '71억 9천만원'}, '산업 내 위치': {'current_value': None}, '기업등급': {'current_value': None}, '동종업계 순위': {'current_value': None}}, 'history': [], 'employment': {'recruitments': []}, 'benefits': {'연금·보험': ['국민연금', '고용보험', '산재보험', '건강보험'], '휴무·휴가·행사': ['주5일제', '연차제도', '경조휴가'], '보상·수당·지원': ['인센티브', '사내대출'], '사내시설': ['휴식공간'], '편의·여가·건강': ['사내 동호회']}, 'location': {'address': '서울 금천구 벚꽃로 254 (가산동, 월드메르디앙1차) 10층', 'map_url': 'https://maps.naver.com/?mapMode=0&dlevel=12&pinTitle=%e3%88%9c%eb%a7%88%ed%81%ac%eb%a1%9c%ec%a0%a0&lat=37.4777814678465&lng=126.885462261933'}}	https://www.jobkorea.co.kr/Recruit/GI_Read_Comt_Ifrm?Gno=49342453
누리꿈소프트㈜	C# 개발 (단기) 인력 구인 중	['C#', '개발']	"





누리꿈소프트㈜


C# 개발 (단기) 인력 구인 중




“변화의 중심에서 시장을 리드하고 고객의 요구에 부응하는 최상의 
서비스의 장을 만들어 가겠습니다.”
누리꿈소프트㈜는 시장의 다변화에 따른 고객의 요구에 앞서 고객의 
시선과 관점에서 철저하게 분석하고 준비하여 최상의 비즈니스 모델과
 그에 맞는 솔루션을 이끌어 내는 미래지향적 소프트웨어 전문기업으로서
 적극적이고 능동적인 비즈니스의 장을 열어가겠습니다.
고객의 최접점에 있는 최고의 인재, 최고의 성과, 최고의 보상으로 지속적인
 혁신과 탁월한 성과를 만들어가는 최고의 비즈니스 파트너로서 그 역할과 
책임을 다 할 것입니다.
또한 당사는 사회발전에 기여할 수 있는 서비스 창출과 급변하고 있는 정보사회에
 끊임없이 도전하여 고객의 이익과 기업의 가치를 제고하는 신뢰받는 기업이 되겠습니다.








포지션 및 자격요건







C# 개발 ( 1명 ) 







담당업무
ㆍ증권사 C# 개발 업무

스킬
ㆍC#

자격요건
ㆍ학력 : 초대졸이상
ㆍ경력 : 경력10년↑ㆍ기간 : 6/15~2개월
ㆍ장소 : 여의도



















전형절차
ㆍ서류전형 > 1차면접 > 임원면접 > 최종합격
ㆍ면접일정은 추후 통보됩니다.













유의사항
ㆍ허위사실이 발견될 경우 채용이 취소될 수 있습니다.









"	[]	모집분야   C# 개발   모집인원   1명   고용형태   계약직   (근무기간 2개월)   ,    프리랜서   (근무기간 2개월)   급여   회사 내규에 따름 (면접 후 결정)   근무시간   근무지주소   서울 영등포구 여의대로 24 (여의도동, 에프케이아이타워)    인근지하철   주5일(월~금)   09:00 ~ 18:00	경력10년↑, 초대졸↑, 서울 영등포구, 계약직 외	{'basic_info': {'산업': '솔루션·SI·CRM·ERP', '사원수': '48명 | ', '기업구분': '중소기업', '설립일': '2005.01.26 | (22년차)', '대표자': '고성현', '주요사업': '빅데이터, 클라우드, AI, 아키텍처', '4대보험': '국민연금, 건강보험, 고용보험, 산재보험', '홈페이지': 'http://www.nuriggum.com', '주소': '서울 영등포구 영등포로 150 (당산동1가, 생각공장당산) A동 604, 605호'}, 'financial': {'영업이익': {'current_value': '3억 9,330만원'}, '산업 내 위치': {'current_value': None}, '기업등급': {'current_value': None}, '총자산 증가율': {'current_value': '68억 8천만원'}, '동종업계 순위': {'current_value': None}}, 'history': [], 'employment': {'recruitments': []}, 'benefits': {'연금·보험': ['국민연금', '고용보험', '산재보험', '건강보험'], '휴무·휴가·행사': ['리프레시 휴가', '생일 이벤트', '자유로운 휴가문화'], '보상·수당·지원': ['경조금', '우수사원 포상제도', '명절선물/명절상여', '도서 구입비 지원', '헬스비', '장비 지원', '청년내일채움공제'], '사내제도·성장': ['자율복장'], '편의·여가·건강': ['건강검진', '저녁 식사 지원', '음료/간식 제공'], '기타': ['우수인재 추천제']}, 'location': {'address': '서울 영등포구 영등포로 150 (당산동1가, 생각공장당산) A동 604, 605호', 'map_url': 'https://maps.naver.com/?mapMode=0&dlevel=12&pinTitle=%eb%88%84%eb%a6%ac%ea%bf%88%ec%86%8c%ed%94%84%ed%8a%b8%e3%88%9c&lat=37.5205233620438&lng=126.89755338881'}}	https://www.jobkorea.co.kr/Recruit/GI_Read_Comt_Ifrm?Gno=49342185
청년취업사관학교	[엔셀] AI사업부 인공지능 개발자 (신입)	['AI사업부', '인공지능', '개발자']	"※ 본 공고는 SeSAC 강남, 강북, 관악, 광진, 노원, 송파, 서대문, 서초, 은평 캠퍼스 교육(수료)생들만 지원할 수 있습니다. ※





엔셀 주식회사를 소개해요!

엔셀 주식회사는,
'사람과 기술을 연결하고 협업하는 세상을 만들어 나가는 기업입니다.'
4차 산업시대에 우수한 솔루션과 서비스 제공으로 지속 성장하여 글로벌 강소기업으로 성장을 목표로 하고 있습니다. 반도체 디스플레이 산업에서 입지를 굳건히 하고 있으며, 그 외 각종 첨단 제조분야 및 해외로 사업영역을 지속 확대중입니다.

AI사업부는,

설비/수율 빅데이터 분석시스템 개발구축, 제조/품질관리
시스템 개발구축운영, IOT 시스템 개발구축운영
인공지능 솔루션 개발공급
삼성전자/삼성디스플레이의 데이터분석시스템 및 생산시스템


이런 일을 하게 돼요!

인공지능 알고리즘 개발 및 연구
인공지능 서비스 솔루션 개발
Vision / Time Series / NLP 데이터 처리 및 분석


이런 경험을 가지신 분을 찾고 있어요!(필수자격)


대졸 이상
전반적인 AI 기술에 대한 이해가 있으신 분
Vision / TimeSeries / NLP 딥러닝 모델에 대한 이해 및 학습경험
딥러닝 프레임워크 (Pytorch, Tensorflow 등) 사용
데이터 분석하거나 모델링을 통해 결과를 도출해낸 경험이 있으신 분


커리어 상담가 분석 & 추천
커리어 상담가 분석 & 추천
전형절차

서류 검토 -> 코딩테스트 -> PT면접 -> 최종합격



꼭 읽어주세요



잡코리아의 공통 이력서 양식에 맞추어 내용 작성 후 PDF 파일로 첨부해주세요.
각 소속 캠퍼스의 인재풀 등록도 잊지 말아주세요.






















사원 수
51 ~ 300명 이하


기업구분
중소기업(비상장)


산업(업종)
솔루션·SI·CRM·ERP



"	['https://image.ninehire.com/job-posting/f63d7271-e54d-11f0-881a-a1b3714ba1c0/f09d9320-e56d-11f0-b38e-ffff84bf3621.png', 'https://image.ninehire.com/job-posting/f63d7271-e54d-11f0-881a-a1b3714ba1c0/7de6d080-e56d-11f0-b38e-ffff84bf3621.png', 'https://image.ninehire.com/job-posting/f63d7271-e54d-11f0-881a-a1b3714ba1c0/c77eb050-e56d-11f0-91f3-bfb9457ab887.png']	모집분야   AI사업부 인공지능 개발자   모집인원   0명   고용형태   정규직      급여   회사 내규에 따름   근무지주소   대한민국 서울특별시 강남구 논현로149길 5 	신입, 대졸↑, 서울 강남구, 정규직	{'basic_info': {'산업': '-', '사원수': '- | ', '기업구분': '외국계(외국 법인기타)', '설립일': '-', '자본금': '- | ', '매출액': '- | ', '대표자': '운영사', '대졸초임': '3,000만원', '주요사업': '-', '홈페이지': '-', '주소': '(운영사 주소) 서울특별시 서초구 서초대로?301?동익성봉빌딩?18층'}, 'financial': {}, 'history': [], 'employment': {'recruitments': []}, 'benefits': {}, 'location': {'address': '(운영사 주소) 서울특별시 서초구 서초대로?301?동익성봉빌딩?18층'}}	https://www.jobkorea.co.kr/Recruit/GI_Read_Comt_Ifrm?Gno=49341952
앵글컴퍼니㈜	AI FDE (Forward Deployed Engineeer)	['AI', 'FDE', '프로젝트', '엔지니어']	"

INTRODUCE -
앵글컴퍼니는 Angle OS로 기업을 AI 네이티브 조직으로 전환합니다.
AI 에이전트가 보고·결정·실행을 담당하고, 사람은 방향 설정과 예외 처리에 집중하는 방식입니다. 온톨로지 기반 지식 구조와 멀티모달 추론형 AI를 결합한 기술을 토대로, 산업별 도메인에 특화된 에이전트 운영체제를 만들고 있습니다.좋은 제품을 만드는 것과 그 제품이 고객사 현장에서 실제로 돌아가게 만드는 것은 다른 일입니다. FDE는 후자를 책임지는 사람입니다.

이 포지션이 하는 일FDE는 고객사 안으로 들어가 그들의 업무를 직접 들여다보고, Angle OS 위에서 동작하는 에이전트를 설계하고 배포한 뒤, 실제 성과가 날 때까지 함께 다듬는 역할입니다. 제품팀과 고객 사이의 통역이자, 데모를 운영 시스템으로 바꾸는 마지막 한 사람입니다.영업처럼 보일 때도, 컨설팅처럼 보일 때도, 풀스택 개발처럼 보일 때도 있습니다. 핵심은 고객의 문제를 끝까지 책임지고 작동하는 결과로 만들어내는 것입니다.

주요 업무

1. 이런 일을 함께 해요

고객사의 실제 워크플로우와 데이터를 파악하고, 어디에 에이전트를 적용하면 효과가 큰지 진단하고 업무 발굴 및 요구사항 정의
Angle OS를 기반으로 도메인 특화 에이전트를 직접 설계·구현·배포
고객사 시스템(사내 DB, API, 문서 저장소 등)과 에이전트를 연동하는 통합 작업 수행
PoC를 운영 환경으로 전환하고, 실사용 데이터에 맞춰 에이전트를 튜닝
현장에서 얻은 한계와 요구사항을 제품팀에 전달해 다음 버전에 반영되도록 함
고객사 담당자와 직접 소통하며 도입 과정의 커뮤니케이션과 비즈니스 성과가 만들어지는데 필요한 작업 수행


2. 이런 분을 찾고 있어요

LLM 기반 애플리케이션 또는 에이전트를 직접 만들어본 경험 (RAG, 프롬프트 설계, 함수 호출 등)
정해진 스펙이 없는 상황에서 문제를 스스로 정의하고 끝까지 끌고 가는 분
엔지니어링 역량을 기반으로, 문제 정의·해결 설계·실행까지 전 주기를 소화할 수 있는 분
대규모/복잡한 고객사와 직접 커뮤니케이션하며, 비즈니스 임팩트를 중심으로 사고하는 분


3. 이런 분이라면 더 좋아요!


AI 에이전트 워크플로우 시스템 구축 경험


클라우드 환경 활용 경험


프롬프트 엔지니어링 및 RAG 등 LLM 응용 기술 경험


비즈니스 로직 설계, 정책 설계, 업무 분석 등 구조화 경험

글로벌 프로젝트 경험


4. 이력서에 꼭 포함해 주세요!

서류 지원 시 아래 두 항목을 이력서 또는 별도 문서에 자유 형식으로 작성해 주세요. 분량 제한 없으며, 완성된 결과보다 과정과 본인의 역할에 집중해주세요.
AI를 활용해 비즈니스 문제를 해결해본 경험을 서술해주세요.
어떤 문제였는지, 어떤 AI 도구를 어떻게 사용했는지, 결과가 어땠는지를 구체적으로 적어주세요. 사이드 프로젝트, 인턴, 학교 과제 모두 가능
고객 또는 현장 사용자를 직접 만나 비즈니스 문제를 발견한 경험을 서술해주세요.
어떤 맥락에서 누구를 만났는지, 무엇을 발견했는지, 이후 어떤 행동을 했는지를 적어주세요. 규모와 무관하게 본인이 직접 움직인 경험이라면 충분합니다.


복리후생

1) AI-Native Work Environment
업무 전 과정에서 AI를 적극 활용하는 조직 문화.
개인이 AI 활용 역량을 극대화할 수 있도록 문서 작성, 분석, 설계, 개발 등 모든 흐름에
최신 AI를 활용할 수 있습니다.


2) 최고 효율을 위한 업무 장비 지원
개인의 효율을 극대화하기 위해
최신 노트북(Mac/Windows 선택) 등 필요한 장비를 지원합니다.


3) 교육·도서·세미나·컨퍼런스 무제한 지원
AI·엔지니어링·UX·기획·도메인 지식을 빠르게 습득할 수 있도록
업무와 관련한 내용을 자유롭게 학습할 수 있습니다.
배우고 싶은 사람에게는 배움의 기회를 제공합니다.


4) 자유로운 휴가 사용
휴가는 자유롭게 사용 가능합니다.
회사는 협업하는 공간이기 때문에 미리 공유하는 것이 중요합니다.


5) 빠른 실험과 성장의 기회
앵글은 모든 산출물이 빠르게 만들어지고, 빠르게 개선되는 조직입니다.
작은 기능도 실제 고객사 환경에서 즉시 검증되기 때문에
자신이 만든 기획·디자인·코드가 바로 비즈니스 성과로 연결되는 경험을 할 수 있습니다.


6) 작은 팀, 큰 영향력
비록 인원이 많지 않은 팀이지만,
기획 → 설계 → 개발 → 릴리즈 → 고객사 운영까지
전체 흐름을 직접 만들고 경험할 수 있습니다.
큰 조직에서는 경험하기 어려운
“제품을 처음부터 끝까지 책임지는 경험”을 할 수 있습니다.


기간 및 절차

모집 기간
상시 모집

전형 절차
서류 전형 〉 직무 테스트 〉  직무 인터뷰 〉 최종 인터뷰 〉 처우 협의 〉최종 합격 ※ 인터뷰 일정은 합격자에 한해 추후에 전달드립니다.


문의 

채용 담당자
contact@angle.im"	['https://image.ninehire.com/job-posting/7fc39f50-250e-11ed-97ed-195ed848a702/92ae4660-290a-11ed-93c7-a54d304e2096.jpg']	모집분야   AI FDE 프로젝트 엔지니어   모집인원   0명   고용형태   정규직      ,    계약직      급여   회사 내규에 따름   근무지주소   대한민국 서울특별시 강남구 봉은사로 524 	경력무관, 학력무관, 서울 강남구, 계약직 외	{'basic_info': {'산업': '응용 소프트웨어 개발 및 공급업', '사원수': '- | ', '기업구분': '중소기업', '설립일': '2023.03.09 | (4년차)', '자본금': '1,000만원 | (2024.12.31)', '매출액': '7억 1,366만원 | (2024.12.31)', '대표자': '박재범', '주요사업': '응용 소프트웨어 개발 및 공급업', '4대보험': '국민연금, 건강보험, 고용보험, 산재보험', '홈페이지': '-', '주소': '서울 강남구 테헤란로79길 6 (삼성동, 제이에스타워) 3층'}, 'financial': {'매출액': {'current_value': '7억 1,366만원'}, '영업이익': {'current_value': '1억 3,046만원'}, '당기순이익': {'current_value': '1억 2,186만원'}, '산업 내 위치': {'current_value': None}, '기업등급': {'current_value': None}, '총자산 증가율': {'current_value': '4억 7,212만원'}}, 'history': [], 'employment': {'recruitments': []}, 'benefits': {}, 'location': {'address': '서울 강남구 테헤란로79길 6 (삼성동, 제이에스타워) 3층', 'map_url': 'https://maps.naver.com/?mapMode=0&dlevel=12&pinTitle=%ec%95%b5%ea%b8%80%ec%bb%b4%ed%8d%bc%eb%8b%88%e3%88%9c&lat=37.5072863461318&lng=127.055542654434'}}	https://www.jobkorea.co.kr/Recruit/GI_Read_Comt_Ifrm?Gno=49341757
㈜비인텍	[경력/차장급] 정규직 개발자 채용 건	['웹프로그래머']	"






근무조건
ㆍ근무형태 : 정규직 
ㆍ근무지 : 서울 구로구 






 ㆍ근무요일 : 주5일 ㆍ근무시간 : 09시 00분 ~ 18시 00분 ㆍ급여 : 회사내규에 따름 (면접 후 결정)


                                  접수방법ㆍ접수방법 : 잡코리아 접수ㆍ이력서 : 잡코리아 이력서
제출서류ㆍ이력서, 자기소개서 제출전형방법ㆍ서류전형-> 심층면접-> 합격기타사항ㆍ허위사실이 발견될 경우 채용이 취소될 수 있습니다. 









"	['//file2.jobkorea.co.kr/Net/Mng/DownImage/CorpEditor?file_No=1750472']	모집분야   웹프로그래머   모집인원   ○명   고용형태   정규직      직급/직책      급여   회사 내규에 따름 (면접 후 결정)   근무시간   근무지주소   서울 구로구 디지털로 273 (구로동, 에이스트윈타워2차) 1301호   인근지하철   주5일(월~금)   09:00 ~ 18:00	경력8년↑, 초대졸↑, 서울 구로구, 정규직, 과장~차장급	{'basic_info': {'산업': '솔루션·SI·CRM·ERP', '사원수': '185명 | ', '기업구분': '중소기업', '설립일': '2003.03.07 | (24년차)', '자본금': '4억원 | ', '매출액': '221억 | ', '대표자': '장성학', '대졸초임': '3,200만원', '주요사업': 'SI/SM, IT솔루션, 컨설팅', '4대보험': '국민연금, 건강보험, 고용보험, 산재보험', '홈페이지': 'http://www.beintech.co.kr', '주소': '서울 구로구 디지털로 273 (구로동, 에이스트윈타워2차) 1301호'}, 'financial': {}, 'history': [], 'employment': {'recruitments': []}, 'benefits': {'연금·보험': ['국민연금', '고용보험', '산재보험', '건강보험', '퇴직연금'], '휴무·휴가·행사': ['주5일제', '연차제도', '정기휴가', '경조휴가', '출산휴가', '노동절 휴무', '워크샵/MT'], '보상·수당·지원': ['경조금', '장기근속 포상', '야간교통비 지급', '각종 기념일 선물'], '편의·여가·건강': ['사내 동호회', '저녁 식사 지원', '휴양시설']}, 'location': {'address': '서울 구로구 디지털로 273 (구로동, 에이스트윈타워2차) 1301호', 'map_url': 'https://maps.naver.com/?mapMode=0&dlevel=12&pinTitle=%e3%88%9c%eb%b9%84%ec%9d%b8%ed%85%8d&lat=37.483971837555&lng=126.894110639478'}}	https://www.jobkorea.co.kr/Recruit/GI_Read_Comt_Ifrm?Gno=49341627
브이젠㈜	Energy AI Team 채용 공고	['Energy', 'AI', 'Team', '채용', '공고']	"



   

Energy AI Team 채용 공고




About VGen
VGen은 544MW 규모의
대한민국 최대 가상발전소(VPP)를 운영하며, AI 기반
재생에너지 예측·최적화 기술로 에너지 전환(Energy
Transition)의 최전선에서 혁신을 이끌고 있습니다. 한국남동발전과의 전략적 파트너십을
기반으로, 9개 핵심 모듈과 76개 기능으로 구성된 자체
개발 재생에너지 입찰 최적화 시스템을 운영하고 있으며, 현재 일본 에너지 시장 진출을 준비하고 있습니다.
우리는 단순히 `에너지 회사`가
아닙니다. AI와 데이터로 에너지 산업의 근본적인 문제를 재정의하고,
기술로 해결하는 팀입니다. 빠르게 실험하고, 임팩트
있는 결과를 만들어내는 것을 즐기는 분이라면, 지금이 합류할 최적의 타이밍입니다.







Position  ㅡ Full Stack AI Engineer에너지 산업의 복잡한 문제를 직접 정의하고, AI/LLM을 활용해 빠르게 프로토타입하고 프로덕션 레벨의 솔루션으로 발전시키는 역할입니다. Claude, Gemini등 최신 AI모델과 Vertex AI, RAG Engine등 엔터프라이즈급 AI 인프라를 자유롭게 활용하며, 아이디어를 현실로 만들어냅니다.Full Stack AI Engineer 담당 업무 (Responsibilities)-      에너지 도메인의 핵심 문제를 정의하고, AI/LLM 기반 MVP를 빠르게 설계·개발·검증ㅡ Claude Code (Max 플랜 제공), Gemini API 등
최신 AI 도구 적극 활용-       Vertex AI, Vertex AI RAG Engine 등을 활용한 프로덕션 레벨 RAG 파이프라인 설계 및 구축ㅡ 문서 임베딩, 벡터 검색, 컨텍스트
기반 응답 생성 최적화-       Next.js + Supabase + Vercel 기반 풀스택 웹 애플리케이션
개발 및 운영ㅡ 사용자 대면(User-facing) AI 제품의 프론트엔드부터 백엔드까지 End-to-End 개발-      LLMOps/MLOps 파이프라인 설계 및 운영ㅡ 모델 배포, A/B 테스트, 프롬프트
버전 관리, 모델 성능 모니터링 체계 구축-       내부 기술 POC(Proof of Concept) 리드ㅡ 새로운 AI 기술/모델의
에너지 도메인 적용 가능성을 빠르게 검증하고 팀에 공유자격 요건 (Requirements)-       Next.js, React 등 모던 프론트엔드 프레임워크와 Supabase, Firebase 등 BaaS를 활용한 풀스택 개발
경험-       Vertex AI, SageMaker 등 클라우드 ML 플랫폼을 활용한 모델 배포 및 서빙 경험, 또는 LLMOps/MLOps에 대한 실무 이해-       LLM API(OpenAI, Anthropic, Google 등)를 활용한 애플리케이션 개발 경험-       문제 정의부터 MVP 출시까지
End-to-End로 프로덕트를 만들어 본 경험-       빠른 프로토타이핑과 반복적 개선(Iteration)에 익숙한 실행력우대 사항 (Nice to Have)-       Next.js + Supabase + Vercel or Cloudflare 스택으로 실 서비스를 개발하거나
운영한 경험-       RAG 파이프라인 구축 경험ㅡ 벡터 DB(Pinecone, Weaviate, Qdrant 등), 임베딩
모델, 청킹 전략 설계
경험-       AWS, GCP 등 퍼블릭 클라우드 환경에서의 인프라 구축 및 운영 경험-       에너지, 기후테크, 또는 규제
산업 도메인 경험-       오픈소스 기여 또는 사이드 프로젝트 운영 경험-       컴퓨터 공학 또는 관련 분야 전공자근무환경 및 조직문화 우리가 제공하는 것-       AI-First 개발 환경ㅡ Claude Code Max, Gemini API, Cursor 등 최신 AI 개발 도구
전액 지원-       GCP, AWS 등 클라우드 인프라 활용ㅡ 기술적 제약 없이 실험하고 구축할 수 있는 환경-       544MW 실 운영 VPP 데이터에
기반한 실전 AI 프로젝트 ㅡ 논문이 아닌 현실의 임팩트를
만드는 경험-       일본 시장 진출 등 글로벌 확장에 직접 참여할 수 있는 기회 우리가 찾는 사람-       스스로 문제를 정의하고, 가설을 세우고, 빠르게
검증하는 사람-       ""이건 왜 이렇게 하고 있지?""라는 질문을 습관적으로 던지는 사람-       완벽한 계획보다 빠른 실행과 반복을 통해 결과를 만들어내는 사람-       기술을 위한 기술이 아닌, 비즈니스 임팩트를 만드는 기술에 관심 있는 사람






전형절차
ㆍ서류전형 > 1차면접 > 최종합격
ㆍ면접일정은 추후 통보됩니다.













유의사항
ㆍ허위사실이 발견될 경우 채용이 취소될 수 있습니다.









"	['//file2.jobkorea.co.kr/Net/Mng/DownImage/CorpEditor?file_No=1662963']	모집분야   Energy AI Team 채용 공고   모집인원   ○명   고용형태   정규직      급여   회사 내규에 따름 (면접 후 결정)   근무시간   근무지주소   서울 마포구 백범로31길 21 (공덕동, 서울창업허브)    인근지하철   주5일(월~금)   09:00 ~ 18:00	경력, 학력무관, 서울 마포구, 정규직	{'basic_info': {'산업': '솔루션·SI·CRM·ERP', '사원수': '23명 | ', '기업구분': '벤처기업', '설립일': '2017.02.01 | (10년차)', '자본금': '1억 4,700만원 | ', '매출액': '15억 | ', '대표자': '백승엽', '주요사업': '가상발전소 플랫폼 개발 및 운영', '4대보험': '국민연금, 건강보험, 고용보험, 산재보험', '홈페이지': 'http://www.vgen.co.kr', '주소': '제주 제주시 첨단로 213-3 (영평동, JDC스마트빌딩) 202호'}, 'financial': {'매출액': {'current_value': '15억 5백만원'}, '영업이익': {'current_value': '-2억 7,205만원'}, '당기순이익': {'current_value': '-2억 9,788만원'}, '산업 내 위치': {'current_value': None}}, 'history': [], 'employment': {'recruitments': []}, 'benefits': {'연금·보험': ['국민연금', '고용보험', '산재보험', '건강보험'], '편의·여가·건강': ['점심 식사 지원']}, 'location': {'address': '제주 제주시 첨단로 213-3 (영평동, JDC스마트빌딩) 202호', 'map_url': 'https://maps.naver.com/?mapMode=0&dlevel=12&pinTitle=%eb%b8%8c%ec%9d%b4%ec%a0%a0%e3%88%9c&lat=33.4537444706037&lng=126.572348574272'}}	https://www.jobkorea.co.kr/Recruit/GI_Read_Comt_Ifrm?Gno=49341530
㈜언플러	(경력) Java 기반 플랫폼 엔지니어로 성장하고 싶은 개발자	['JAVA', '프로그래머']	"




㈜언플러


(경력) Java / Spring Boot




㈜언플러는 2011년에 설립된 회사로 한국인터넷전문가협회에서 주관한 웹 어워드 코리아 2021 수상기업입니다.  서울 강남구 선릉로 667 (논현동, 라이즈스퀘어)에 위치하고 있으며, 웹에이젼시/디지털 에이젼시사업을 하고 있습니다.







포지션 및 자격요건







JAVA 프로그래머 ( ○○명 ) 







담당업무
클라우드 기반 데브옵스 백엔드 개발통합 인증 서비스API GatewayInfra OrchestrationDatabase 설계/구현

필수사항
Java 및 Spring Framework에 대한 이해 및 개발 가능REST API 설계 및 개발 가능마이크로서비스 아키텍처(MSA) 설계 및 개발 경험데이터베이스(RDBMS, PostgreSQL등) 설계 및 운영 경험컨테이너 및 배포 파이프라인 경험(Docker 및 Kubernetes)JWT등 Spring Security 개발 경험

자격요건
ㆍ학력 : 대졸이상
ㆍ경력 : 경력3년 이상 10년 이하

우대사항
웹 서비스 및 프로토콜 이해클라우드(AWS) 인프라에 대한 이해와 경험Application 모니터링 및 troubleshooting 가능하신 분협업과 문제 해결에 있어 능동적이고 긍정적인 마인드 소유하신 분다양한 신기술에 대한 학습 태도를 갖은 자직무에 대한 책임감과 협업 능력을 갖은 자적극적이며 진취적인 사고방식을 갖은 자희망연봉 기재 필수(미기재 시 서류전형에서 불이익이 발생할 수 있습니다)



















전형절차
ㆍ서류전형 > 1차면접 > 2차면접 > 임원면접 > 최종합격
ㆍ면접일정은 추후 통보됩니다.













유의사항
ㆍ허위사실이 발견될 경우 채용이 취소될 수 있습니다.









"	[]	모집분야   JAVA 프로그래머   모집인원   ○○명   고용형태   정규직      ,    계약직   (근무기간 3개월, 정규직 전환 가능)   직급/직책      급여   연봉 4,000~5,500만원 (면접 후 결정)   근무시간   근무지주소   서울 강남구 선릉로 667 (논현동, 라이즈스퀘어) 5층   인근지하철   주5일(월~금)   09:30 ~ 18:30	경력3년↑, 대졸↑, 서울 강남구, 정규직 외, 4,000~5,500만원	{'basic_info': {'산업': '웹에이전시', '사원수': '40명 | ', '기업구분': '벤처기업', '설립일': '2011.01.26 | (16년차)', '자본금': '1억원 | ', '대표자': '한인희', '대졸초임': '3,086만원', '주요사업': '웹에이젼시/디지털 에이젼시', '4대보험': '국민연금, 건강보험, 고용보험, 산재보험', '홈페이지': 'http://www.onflou.com', '주소': '서울 강남구 선릉로 667 (논현동, 라이즈스퀘어) 5층'}, 'financial': {}, 'history': [], 'employment': {'recruitments': []}, 'benefits': {'연금·보험': ['국민연금', '고용보험', '산재보험', '건강보험'], '휴무·휴가·행사': ['주5일제', '연차제도', '월차제도', '정기휴가', '경조휴가', '포상휴가', '창립일 휴무'], '보상·수당·지원': ['퇴직금', '인센티브', '장기근속 포상', '성과급'], '편의·여가·건강': ['저녁 식사 지원']}, 'location': {'address': '서울 강남구 선릉로 667 (논현동, 라이즈스퀘어) 5층', 'map_url': 'https://maps.naver.com/?mapMode=0&dlevel=12&pinTitle=%e3%88%9c%ec%96%b8%ed%94%8c%eb%9f%ac&lat=37.5162727190019&lng=127.041357223434'}}	https://www.jobkorea.co.kr/Recruit/GI_Read_Comt_Ifrm?Gno=49341328
㈜코그로보(KogRobo Inc)	자연어 처리/생성형 AI 기술 기반 문제 해결 전문가	['AI', '엔지니어']	"













포지션 및 자격요건






 AI 엔지니어
                                        ( 0명 )
                                    



담당업무


다양한 산업 영역에서 일반적 방법으로는 해결하기 어려운 문제만 골라  수학적으로 해결하는 자연어 처리 / 생성형 AI기술기반 `문제 해결사`
                                                
해결한
                                                    문제의 내용을 자사의 AI 서비스에 녹여 내여 같은 문제의 해결을 빠르게 자동으로 처리하도록 돕는 `솔루션 개발자`
                                                
Tool을 사용해본 경험 보다는 `계량적으로 밸류를 향상` 시켜본 경험 우선의료/국방/법령정보 분석 과제 즉시 투입




스킬


NLP, Python, RAG, Pytorch, LLM, LangChain, LangGraph, VIBE Coding,
                                                    Ontology




핵심역량


메타인지, 성취지향성, 적응성, 창의성, 성장지향성




자격요건


학력 : 학사 이상




우대사항


수학 관련 학위
제조/법률/의료/금융/국방 Domain 지식














전형절차







서류전형 



전화면접



대면면접 



최종합격



* 면접일정은 추후 통보됩니다.
                            







유의사항





허위사실이 발견될 경우 채용이 취소될 수 있습니다.








 "	['https://file1.jobkorea.co.kr/Mng/2025/12/kogrobo.jpg']	모집분야   AI 엔지니어   모집인원   ○명   고용형태   정규직   (협의)   ,    계약직   (근무기간 6개월, 정규직 전환 가능)   직급/직책      급여   연봉 5,000만원 이상 (면접 후 결정)   근무시간   근무지주소   서울 강남구 강남대로 396 (역삼동, 강남역) 5번 출구   인근지하철   주5일(월~금)   09:00 ~ 18:00   탄력근무제	경력무관, 대졸↑, 서울 강남구, 정규직 외, 5,000만원 이상	{'basic_info': {'산업': '컴퓨터시스템 통합 자문 및 구축 서비스업', '사원수': '5명 | ', '기업구분': '중소기업', '설립일': '2021.04.02 | (6년차)', '자본금': '4억 6,660만원 | (2024.12.31)', '매출액': '3,034만원 | (2024.12.31)', '대표자': '정항덕', '주요사업': '컴퓨터 시스템 통합 자문 및 구축 서비스업,컴퓨터시설 관리업,컴퓨터 프로그래밍 서비스업,자료 처리업,데이터베이스 및 온라인 정보 제공업', '4대보험': '국민연금, 건강보험, 고용보험, 산재보험', '홈페이지': 'http://kogrobo.com', '주소': '경기 안양시 동안구 흥안대로439번길 77 (관양동) 2층 201호'}, 'financial': {'매출액': {'current_value': '3,034만원'}, '영업이익': {'current_value': '-1억 2,297만원'}, '당기순이익': {'current_value': '4,442만원'}, '산업 내 위치': {'current_value': None}}, 'history': [], 'employment': {'recruitments': []}, 'benefits': {}, 'location': {'address': '경기 안양시 동안구 흥안대로439번길 77 (관양동) 2층 201호', 'map_url': 'https://maps.naver.com/?mapMode=0&dlevel=12&pinTitle=%e3%88%9c%ec%bd%94%ea%b7%b8%eb%a1%9c%eb%b3%b4(KogRobo+Inc)&lat=37.3931028650635&lng=126.970198084054'}}	https://www.jobkorea.co.kr/Recruit/GI_Read_Comt_Ifrm?Gno=49340884
iRT㈜ [아이알티㈜]	데이터 분석 / 발주 솔루션 신입 웹 백엔드 개발자(Servlet/JSP/Oracle)	['솔루션', '개발/', '유지보수']	  	['//file2.jobkorea.co.kr/Net/Mng/DownImage/CorpEditor?file_No=336803']	모집분야   솔루션 개발/ 유지보수   모집인원   2명   고용형태   정규직      직급/직책      급여   회사 내규에 따름 (면접 후 결정)   근무시간   근무지주소   서울 성동구 성수일로 20 (성수동1가) 동일빌딩 7층   인근지하철   주5일(월~금)   09:00 ~ 18:00	신입, 초대졸↑, 서울 성동구, 정규직, 사원급	{'basic_info': {'산업': '솔루션·SI·CRM·ERP', '사원수': '15명 | ', '기업구분': '중소기업', '설립일': '1996 | (31년차)', '자본금': '10억원 | ', '매출액': '- | ', '대표자': '김노영', '대졸초임': '3,100만원', '주요사업': '유통.제조관련 SCM 관련 솔루션 개발', '4대보험': '국민연금, 건강보험, 고용보험, 산재보험', '홈페이지': 'http://www.irt.co.kr', '주소': '서울 성동구 성수일로 20 (성수동1가) 동일빌딩 7F'}, 'financial': {}, 'history': [], 'employment': {'recruitments': []}, 'benefits': {'연금·보험': ['국민연금', '고용보험', '산재보험', '건강보험'], '휴무·휴가·행사': ['주5일제', '연차제도', '경조휴가', '육아휴직', '남성출산휴가', '노동절 휴무', '워크샵/MT'], '보상·수당·지원': ['퇴직금', '경조금']}, 'location': {'address': '서울 성동구 성수일로 20 (성수동1가) 동일빌딩 7F', 'map_url': 'https://maps.naver.com/?mapMode=0&dlevel=12&pinTitle=iRT%e3%88%9c+%5b%ec%95%84%ec%9d%b4%ec%95%8c%ed%8b%b0%e3%88%9c%5d&lat=37.5422673446219&lng=127.049070137079'}}	https://www.jobkorea.co.kr/Recruit/GI_Read_Comt_Ifrm?Gno=49341044
웨버씨엔에스	[웹서비스 개발 전문 기업] JAVA 개발자 경력직 채용	['JAVA', '개발자']	   	['//file2.jobkorea.co.kr/Net/Mng/DownImage/CorpEditor?file_No=1750049']	모집분야   JAVA 개발자   모집인원   ○명   고용형태   정규직   (수습 3개월)   직급/직책   급여   회사 내규에 따름 (면접 후 결정)   근무시간   근무지주소   서울 영등포구 당산로41길 11 (당산동4가, 당산SKV1center) E동 1407호   인근지하철   주5일(월~금)   09:00 ~ 18:00   점심시간 11:30~13:00 (1시간 30분)	경력3년↑, 학력무관, 서울 영등포구 외, 정규직, 주임~대리급 외	{'basic_info': {'산업': '웹에이전시', '사원수': '6명 | ', '기업구분': '중소기업', '설립일': '2016.05.26 | (11년차)', '자본금': '1억 1,000만원 | ', '매출액': '4억 906만원 | (2025.12.31)', '대표자': '채율', '주요사업': '홈페이지제작 및 운영관리, 플랫폼 개발등', '4대보험': '국민연금, 건강보험, 고용보험, 산재보험', '홈페이지': 'http://wever.kr', '주소': '서울 영등포구 당산로41길 11 (당산동4가, 당산SKV1center) E동 1407호'}, 'financial': {'매출액': {'current_value': '4억 906만원'}, '영업이익': {'current_value': '2,911만원'}, '당기순이익': {'current_value': '3,130만원'}, '산업 내 위치': {'current_value': None}}, 'history': [], 'employment': {'recruitments': []}, 'benefits': {'연금·보험': ['국민연금', '고용보험', '산재보험', '건강보험'], '휴무·휴가·행사': ['주5일제', '연차제도', '경조휴가', '반차제도', '노동절 휴무', '생일 이벤트'], '보상·수당·지원': ['퇴직금', '경조금', '임직원 교육비', '자기개발 지원', '명절선물/명절상여', '도서 구입비 지원', '휴가비', '성과급'], '편의·여가·건강': ['식사 지원', '음료/간식 제공'], '기타': ['다양한 간식과, 커피 제공']}, 'location': {'address': '서울 영등포구 당산로41길 11 (당산동4가, 당산SKV1center) E동 1407호', 'map_url': 'https://maps.naver.com/?mapMode=0&dlevel=12&pinTitle=%ec%9b%a8%eb%b2%84%ec%94%a8%ec%97%94%ec%97%90%ec%8a%a4&lat=37.5308209207068&lng=126.89837484653'}}	https://www.jobkorea.co.kr/Recruit/GI_Read_Comt_Ifrm?Gno=49340230
