company	title	job	detail_text	detail_img	detail	etc_info	company_info	url	deadline_date
환인제약	상시 인재pool 등록(Global RA)	['.']	"




환인제약


상시 인재pool 등록(Global RA)












포지션 및 자격요건







Global RA 







경력구분ㆍ신입/경력담당업무ㆍ완제 의약품 Global RA자격요건ㆍGlobal RA 업무 제약회사 경력자ㆍ완제 의약품 CTD 경험자, 국가별 인허가 서류 및 등록 서류 작성 업무ㆍ해외 인허가 서류 작성 등에 필요한 영어 능력 필수ㆍ학력 : 대졸(학사)이상ㆍ전공 : 무관우대사항ㆍ일본, 유럽 등 Global RA 경험자ㆍProject Management 경험자근무지ㆍ본사(서울)



















접수기간 및 방법
ㆍ접수기간 : 상시채용
ㆍ접수방법 : 당사 채용 홈페이지 온라인 입사지원













기타사항
ㆍ부문 미선택 지원을 하신 경우 지원 내용과 적합한 부문에 결원 발생 시 인사담당자가 추천 안내를 드립니다.






 ㆍ자세한 상세요강은 반드시 채용 홈페이지에서 직접 확인해 주시기 바랍니다.


"	[]	모집분야   .   모집인원   ○명   급여   회사 내규에 따름   근무지주소   서울 송파구 법원로6길 11 (문정동, 환인빌딩)    인근지하철	신입·경력, 대졸↑, 서울 송파구	"{'basic_info': {'산업': '완제 의약품 제조업', '사원수': '664명 | (2026.03.31)', '기업구분': '중견기업', '설립일': '1982.12.16 | (45년차)', '자본금': '97억원3만원 | (2025.12.31)', '매출액': '2,547억 1천만원 | (2025.12.31)', '대표자': '이광식/이원범', '대졸초임': '4,240만원', '주요사업': '의약품(신경정신질환치료제,소화기관용약제,연고) 제조,도매', '4대보험': '건강보험, 고용보험, 산재보험', '홈페이지': 'http://www.whanin.com', '주소': '서울 송파구 새말로 117 (문정동, 환인제약) 117', '계열사': '환인제약그룹 (주)비피도 앰브로비앤피(주) 애즈유(주)'}, 'financial': {'사업분석': {'current_value': None}, '매출액': {'current_value': '2,547억 1천만원'}, '영업이익': {'current_value': '147억 3백만원'}, '당기순이익': {'current_value': '138억 2천만원'}, '산업 내 위치': {'current_value': None}, '기업등급': {'current_value': None}, '동종업계 순위': {'current_value': None}}, 'history': [{'year': '2024', 'month': '09', 'events': ['(주)비피도 30% 지분취득']}, {'year': '2022', 'month': '04', 'events': ['(주)마니커 건물 및 토지 양수도 취득 완료']}, {'year': '2022', 'month': '03', 'events': ['한국얀센공장 양수도 취득 완료']}, {'year': '2022', 'month': '02', 'events': ['(주)마니커 건물 및 토지 양수도 계약 체결']}, {'year': '2020', 'month': '11', 'events': ['한국얀센공장 양수도 계약 체결']}, {'year': '2020', 'month': '03', 'events': ['애즈유(주) 설립  및 종속회사 편입', ""헝가리 Gedeon Richter사 조현병치료제 '카리프라진' 국내 도입독점계약 체결""]}, {'year': '2019', 'month': '08', 'events': ['GSK 한국법인과 신경과 의약품 4개(리큅외) 브랜드 전략적 제휴 체결']}, {'year': '2019', 'month': '01', 'events': ['앰브로비앤피(주) 자회사편입']}, {'year': '2018', 'month': '02', 'events': [""뇌전증 신약 '제비닉스' 국내 독점 라이선스 계약 체결""]}, {'year': '2017', 'month': '11', 'events': ['본점소재지 변동: 서울특별시 송파구 법원로 6길 11 (문정동, 환인빌딩)']}, {'year': '2017', 'month': '05', 'events': [""특허권 취득- '유당 불내성 환자에게 투여가 가능하며, 복용편의성이 향상된 게피티니브를 함유하는 약제학적 조성물'""]}, {'year': '2015', 'month': '12', 'events': ['본사 사옥 신축에 따른 신규 시설투자 결정']}, {'year': '2013', 'month': '07', 'events': [""'천궁 및 종대황의 혼합 생약 추출물을 함유하는 호흡기질환의 예방 또는 치료용 조성물' 특허권 취득""]}, {'year': '2012', 'month': '12', 'events': ['타법인 주식 및 출자증권 처분결정']}, {'year': '2012', 'month': '03', 'events': ['대표이사 변경: 이광식 -> 이광식, 이원범(각자대표)']}, {'year': '2008', 'month': '01', 'events': ['중앙연구소 이전 (안성 -> 수원 영통구)']}, {'year': '2007', 'month': '10', 'events': ['리페리돈 3mg 신제품 출시']}, {'year': '2007', 'month': '01', 'events': ['뉴렙톨정 800mg 신제품 출시']}, {'year': '2006', 'month': '10', 'events': ['토피라트 25mg 신제품 출시']}, {'year': '2006', 'month': '07', 'events': ['안성공장 Renovation 완료']}, {'year': '2006', 'month': '04', 'events': ['졸피람정 10mg 신제품 출시']}, {'year': '2006', 'month': '03', 'events': ['니펠에스알정 30mg, 카디아핀정 10mg 신제품 출시']}, {'year': '2006', 'month': '01', 'events': ['메타데이트 CD 10mg/30mg, 토피라트정 100mg 신제품 출시']}, {'year': '2005', 'month': '04', 'events': ['상황버섯 균사체 배양 시설 준공']}, {'year': '2003', 'month': '11', 'events': ['채무부 존재 확인 소송제기']}, {'year': '2003', 'month': '07', 'events': ['스페인Grupo Vita사의 리스페리돈을 독점적원료공급계약 품목허가및출시']}, {'year': '2002', 'month': '04', 'events': ['국내 최초 액상 파모스틴 주사액 발매']}, {'year': '2002', 'month': '03', 'events': ['KGMP 우수업소 선정(경인지방식약청)']}, {'year': '2001', 'month': '08', 'events': ['무차입경영기업 진입']}, {'year': '2000', 'month': '11', 'events': ['신노사문화 우수기업 선정(노동부)']}, {'year': '1997', 'month': '06', 'events': ['환인제약 중앙연구소 준공']}, {'year': '1996', 'month': '07', 'events': ['기업공개 및 상장(1주당 13,500원)']}, {'year': '1994', 'month': '10', 'events': ['환인제약 중앙연구소 설립(과학기술처)']}, {'year': '1994', 'month': '09', 'events': ['장외시장등록(증권업 협회)']}, {'year': '1991', 'month': '10', 'events': ['무역업 신고(의약품 수출입 허가)']}, {'year': '1991', 'month': '07', 'events': ['연구개발전담부서인 제제 연구실 설치']}, {'year': '1990', 'month': '05', 'events': ['유가증권 발행인 등록']}, {'year': '1989', 'month': '10', 'events': ['K.G.M.P 적격판정획득']}, {'year': '1988', 'month': '01', 'events': ['경기 안성군 K.G.M.P 공장 완공']}, {'year': '1987', 'month': '12', 'events': ['경기 안성군 K.G.M.P 공장 신축 준공']}, {'year': '1982', 'month': '12', 'events': ['법인 전환 및 상호 변경 : 환인제약(주)']}, {'year': '1978', 'month': '11', 'events': ['대표자 변경 : 이광식']}, {'year': '1957', 'month': '07', 'events': ['환인제약소 창업(제약허가취득)']}], 'employment': {'recruitments': []}, 'benefits': {}, 'location': {'address': '서울 송파구 새말로 117 (문정동, 환인제약) 117', 'map_url': 'https://maps.naver.com/?mapMode=0&dlevel=12&pinTitle=%ed%99%98%ec%9d%b8%ec%a0%9c%ec%95%bd&lat=37.4830852569732&lng=127.127183729704'}}"	https://www.jobkorea.co.kr/Recruit/GI_Read_Comt_Ifrm?Gno=49358093	상시채용
환인제약	상시 인재pool 등록(해외영업/BD)	['.']	"




환인제약


상시 인재pool 등록(해외영업/BD)












포지션 및 자격요건







해외영업/BD 







경력구분ㆍ신입/경력담당업무ㆍ해외 수출영업(BD)자격요건ㆍ완제 의약품 해외 수출영업(BD) 경력자ㆍ완제 의약품 수출, 해외 거래처 관리 및 신규 거래처 발굴, 글로벌 CMO, 무역 업무ㆍ영어 가능자 필수ㆍ학력 : 대졸(학사)이상ㆍ전공 : 무관우대사항ㆍ유럽, 일본 등 의약품 해외영업/BD 경험자ㆍ일본어 가능자근무지ㆍ본사(서울)



















접수기간 및 방법
ㆍ접수기간 : 상시채용
ㆍ접수방법 : 당사 채용 홈페이지 온라인 입사지원













기타사항
ㆍ부문 미선택 지원을 하신 경우 지원 내용과 적합한 부문에 결원 발생 시 인사담당자가 추천 안내를 드립니다.






 ㆍ자세한 상세요강은 반드시 채용 홈페이지에서 직접 확인해 주시기 바랍니다.


"	[]	모집분야   .   모집인원   ○명   급여   회사 내규에 따름   근무지주소   서울 송파구 법원로6길 11 (문정동, 환인빌딩)    인근지하철	신입·경력, 대졸↑, 서울 송파구	"{'basic_info': {'산업': '완제 의약품 제조업', '사원수': '664명 | (2026.03.31)', '기업구분': '중견기업', '설립일': '1982.12.16 | (45년차)', '자본금': '97억원3만원 | (2025.12.31)', '매출액': '2,547억 1천만원 | (2025.12.31)', '대표자': '이광식/이원범', '대졸초임': '4,240만원', '주요사업': '의약품(신경정신질환치료제,소화기관용약제,연고) 제조,도매', '4대보험': '건강보험, 고용보험, 산재보험', '홈페이지': 'http://www.whanin.com', '주소': '서울 송파구 새말로 117 (문정동, 환인제약) 117', '계열사': '환인제약그룹 (주)비피도 앰브로비앤피(주) 애즈유(주)'}, 'financial': {'사업분석': {'current_value': None}, '매출액': {'current_value': '2,547억 1천만원'}, '영업이익': {'current_value': '147억 3백만원'}, '당기순이익': {'current_value': '138억 2천만원'}, '산업 내 위치': {'current_value': None}, '기업등급': {'current_value': None}, '동종업계 순위': {'current_value': None}}, 'history': [{'year': '2024', 'month': '09', 'events': ['(주)비피도 30% 지분취득']}, {'year': '2022', 'month': '04', 'events': ['(주)마니커 건물 및 토지 양수도 취득 완료']}, {'year': '2022', 'month': '03', 'events': ['한국얀센공장 양수도 취득 완료']}, {'year': '2022', 'month': '02', 'events': ['(주)마니커 건물 및 토지 양수도 계약 체결']}, {'year': '2020', 'month': '11', 'events': ['한국얀센공장 양수도 계약 체결']}, {'year': '2020', 'month': '03', 'events': ['애즈유(주) 설립  및 종속회사 편입', ""헝가리 Gedeon Richter사 조현병치료제 '카리프라진' 국내 도입독점계약 체결""]}, {'year': '2019', 'month': '08', 'events': ['GSK 한국법인과 신경과 의약품 4개(리큅외) 브랜드 전략적 제휴 체결']}, {'year': '2019', 'month': '01', 'events': ['앰브로비앤피(주) 자회사편입']}, {'year': '2018', 'month': '02', 'events': [""뇌전증 신약 '제비닉스' 국내 독점 라이선스 계약 체결""]}, {'year': '2017', 'month': '11', 'events': ['본점소재지 변동: 서울특별시 송파구 법원로 6길 11 (문정동, 환인빌딩)']}, {'year': '2017', 'month': '05', 'events': [""특허권 취득- '유당 불내성 환자에게 투여가 가능하며, 복용편의성이 향상된 게피티니브를 함유하는 약제학적 조성물'""]}, {'year': '2015', 'month': '12', 'events': ['본사 사옥 신축에 따른 신규 시설투자 결정']}, {'year': '2013', 'month': '07', 'events': [""'천궁 및 종대황의 혼합 생약 추출물을 함유하는 호흡기질환의 예방 또는 치료용 조성물' 특허권 취득""]}, {'year': '2012', 'month': '12', 'events': ['타법인 주식 및 출자증권 처분결정']}, {'year': '2012', 'month': '03', 'events': ['대표이사 변경: 이광식 -> 이광식, 이원범(각자대표)']}, {'year': '2008', 'month': '01', 'events': ['중앙연구소 이전 (안성 -> 수원 영통구)']}, {'year': '2007', 'month': '10', 'events': ['리페리돈 3mg 신제품 출시']}, {'year': '2007', 'month': '01', 'events': ['뉴렙톨정 800mg 신제품 출시']}, {'year': '2006', 'month': '10', 'events': ['토피라트 25mg 신제품 출시']}, {'year': '2006', 'month': '07', 'events': ['안성공장 Renovation 완료']}, {'year': '2006', 'month': '04', 'events': ['졸피람정 10mg 신제품 출시']}, {'year': '2006', 'month': '03', 'events': ['니펠에스알정 30mg, 카디아핀정 10mg 신제품 출시']}, {'year': '2006', 'month': '01', 'events': ['메타데이트 CD 10mg/30mg, 토피라트정 100mg 신제품 출시']}, {'year': '2005', 'month': '04', 'events': ['상황버섯 균사체 배양 시설 준공']}, {'year': '2003', 'month': '11', 'events': ['채무부 존재 확인 소송제기']}, {'year': '2003', 'month': '07', 'events': ['스페인Grupo Vita사의 리스페리돈을 독점적원료공급계약 품목허가및출시']}, {'year': '2002', 'month': '04', 'events': ['국내 최초 액상 파모스틴 주사액 발매']}, {'year': '2002', 'month': '03', 'events': ['KGMP 우수업소 선정(경인지방식약청)']}, {'year': '2001', 'month': '08', 'events': ['무차입경영기업 진입']}, {'year': '2000', 'month': '11', 'events': ['신노사문화 우수기업 선정(노동부)']}, {'year': '1997', 'month': '06', 'events': ['환인제약 중앙연구소 준공']}, {'year': '1996', 'month': '07', 'events': ['기업공개 및 상장(1주당 13,500원)']}, {'year': '1994', 'month': '10', 'events': ['환인제약 중앙연구소 설립(과학기술처)']}, {'year': '1994', 'month': '09', 'events': ['장외시장등록(증권업 협회)']}, {'year': '1991', 'month': '10', 'events': ['무역업 신고(의약품 수출입 허가)']}, {'year': '1991', 'month': '07', 'events': ['연구개발전담부서인 제제 연구실 설치']}, {'year': '1990', 'month': '05', 'events': ['유가증권 발행인 등록']}, {'year': '1989', 'month': '10', 'events': ['K.G.M.P 적격판정획득']}, {'year': '1988', 'month': '01', 'events': ['경기 안성군 K.G.M.P 공장 완공']}, {'year': '1987', 'month': '12', 'events': ['경기 안성군 K.G.M.P 공장 신축 준공']}, {'year': '1982', 'month': '12', 'events': ['법인 전환 및 상호 변경 : 환인제약(주)']}, {'year': '1978', 'month': '11', 'events': ['대표자 변경 : 이광식']}, {'year': '1957', 'month': '07', 'events': ['환인제약소 창업(제약허가취득)']}], 'employment': {'recruitments': []}, 'benefits': {}, 'location': {'address': '서울 송파구 새말로 117 (문정동, 환인제약) 117', 'map_url': 'https://maps.naver.com/?mapMode=0&dlevel=12&pinTitle=%ed%99%98%ec%9d%b8%ec%a0%9c%ec%95%bd&lat=37.4830852569732&lng=127.127183729704'}}"	https://www.jobkorea.co.kr/Recruit/GI_Read_Comt_Ifrm?Gno=49358081	상시채용
환인제약	상시 인재pool 등록(사업개발)	['.']	"




환인제약


상시 인재pool 등록(사업개발)












포지션 및 자격요건







사업개발 







경력구분ㆍ신입/경력담당업무ㆍ해외 도입 품목 기획 및 검토ㆍ제휴 및 라이센싱 제안서 작성 및 파트너링 실무ㆍ기존 파트너사 관리자격요건ㆍ4년제 대학(이상) 졸업ㆍ의약품 라이센싱 또는 판매제휴 경력 보유근무지ㆍ본사(서울)



















접수기간 및 방법
ㆍ접수기간 : 상시채용
ㆍ접수방법 : 당사 채용 홈페이지 온라인 입사지원













기타사항
ㆍ부문 미선택 지원을 하신 경우 지원 내용과 적합한 부문에 결원 발생 시 인사담당자가 추천 안내를 드립니다.






 ㆍ자세한 상세요강은 반드시 채용 홈페이지에서 직접 확인해 주시기 바랍니다.


"	[]	모집분야   .   모집인원   ○명   급여   회사 내규에 따름   근무지주소   서울 송파구 법원로6길 11 (문정동, 환인빌딩)    인근지하철	신입·경력, 대졸↑, 서울 송파구	"{'basic_info': {'산업': '완제 의약품 제조업', '사원수': '664명 | (2026.03.31)', '기업구분': '중견기업', '설립일': '1982.12.16 | (45년차)', '자본금': '97억원3만원 | (2025.12.31)', '매출액': '2,547억 1천만원 | (2025.12.31)', '대표자': '이광식/이원범', '대졸초임': '4,240만원', '주요사업': '의약품(신경정신질환치료제,소화기관용약제,연고) 제조,도매', '4대보험': '건강보험, 고용보험, 산재보험', '홈페이지': 'http://www.whanin.com', '주소': '서울 송파구 새말로 117 (문정동, 환인제약) 117', '계열사': '환인제약그룹 (주)비피도 앰브로비앤피(주) 애즈유(주)'}, 'financial': {'사업분석': {'current_value': None}, '매출액': {'current_value': '2,547억 1천만원'}, '영업이익': {'current_value': '147억 3백만원'}, '당기순이익': {'current_value': '138억 2천만원'}, '산업 내 위치': {'current_value': None}, '기업등급': {'current_value': None}, '동종업계 순위': {'current_value': None}}, 'history': [{'year': '2024', 'month': '09', 'events': ['(주)비피도 30% 지분취득']}, {'year': '2022', 'month': '04', 'events': ['(주)마니커 건물 및 토지 양수도 취득 완료']}, {'year': '2022', 'month': '03', 'events': ['한국얀센공장 양수도 취득 완료']}, {'year': '2022', 'month': '02', 'events': ['(주)마니커 건물 및 토지 양수도 계약 체결']}, {'year': '2020', 'month': '11', 'events': ['한국얀센공장 양수도 계약 체결']}, {'year': '2020', 'month': '03', 'events': ['애즈유(주) 설립  및 종속회사 편입', ""헝가리 Gedeon Richter사 조현병치료제 '카리프라진' 국내 도입독점계약 체결""]}, {'year': '2019', 'month': '08', 'events': ['GSK 한국법인과 신경과 의약품 4개(리큅외) 브랜드 전략적 제휴 체결']}, {'year': '2019', 'month': '01', 'events': ['앰브로비앤피(주) 자회사편입']}, {'year': '2018', 'month': '02', 'events': [""뇌전증 신약 '제비닉스' 국내 독점 라이선스 계약 체결""]}, {'year': '2017', 'month': '11', 'events': ['본점소재지 변동: 서울특별시 송파구 법원로 6길 11 (문정동, 환인빌딩)']}, {'year': '2017', 'month': '05', 'events': [""특허권 취득- '유당 불내성 환자에게 투여가 가능하며, 복용편의성이 향상된 게피티니브를 함유하는 약제학적 조성물'""]}, {'year': '2015', 'month': '12', 'events': ['본사 사옥 신축에 따른 신규 시설투자 결정']}, {'year': '2013', 'month': '07', 'events': [""'천궁 및 종대황의 혼합 생약 추출물을 함유하는 호흡기질환의 예방 또는 치료용 조성물' 특허권 취득""]}, {'year': '2012', 'month': '12', 'events': ['타법인 주식 및 출자증권 처분결정']}, {'year': '2012', 'month': '03', 'events': ['대표이사 변경: 이광식 -> 이광식, 이원범(각자대표)']}, {'year': '2008', 'month': '01', 'events': ['중앙연구소 이전 (안성 -> 수원 영통구)']}, {'year': '2007', 'month': '10', 'events': ['리페리돈 3mg 신제품 출시']}, {'year': '2007', 'month': '01', 'events': ['뉴렙톨정 800mg 신제품 출시']}, {'year': '2006', 'month': '10', 'events': ['토피라트 25mg 신제품 출시']}, {'year': '2006', 'month': '07', 'events': ['안성공장 Renovation 완료']}, {'year': '2006', 'month': '04', 'events': ['졸피람정 10mg 신제품 출시']}, {'year': '2006', 'month': '03', 'events': ['니펠에스알정 30mg, 카디아핀정 10mg 신제품 출시']}, {'year': '2006', 'month': '01', 'events': ['메타데이트 CD 10mg/30mg, 토피라트정 100mg 신제품 출시']}, {'year': '2005', 'month': '04', 'events': ['상황버섯 균사체 배양 시설 준공']}, {'year': '2003', 'month': '11', 'events': ['채무부 존재 확인 소송제기']}, {'year': '2003', 'month': '07', 'events': ['스페인Grupo Vita사의 리스페리돈을 독점적원료공급계약 품목허가및출시']}, {'year': '2002', 'month': '04', 'events': ['국내 최초 액상 파모스틴 주사액 발매']}, {'year': '2002', 'month': '03', 'events': ['KGMP 우수업소 선정(경인지방식약청)']}, {'year': '2001', 'month': '08', 'events': ['무차입경영기업 진입']}, {'year': '2000', 'month': '11', 'events': ['신노사문화 우수기업 선정(노동부)']}, {'year': '1997', 'month': '06', 'events': ['환인제약 중앙연구소 준공']}, {'year': '1996', 'month': '07', 'events': ['기업공개 및 상장(1주당 13,500원)']}, {'year': '1994', 'month': '10', 'events': ['환인제약 중앙연구소 설립(과학기술처)']}, {'year': '1994', 'month': '09', 'events': ['장외시장등록(증권업 협회)']}, {'year': '1991', 'month': '10', 'events': ['무역업 신고(의약품 수출입 허가)']}, {'year': '1991', 'month': '07', 'events': ['연구개발전담부서인 제제 연구실 설치']}, {'year': '1990', 'month': '05', 'events': ['유가증권 발행인 등록']}, {'year': '1989', 'month': '10', 'events': ['K.G.M.P 적격판정획득']}, {'year': '1988', 'month': '01', 'events': ['경기 안성군 K.G.M.P 공장 완공']}, {'year': '1987', 'month': '12', 'events': ['경기 안성군 K.G.M.P 공장 신축 준공']}, {'year': '1982', 'month': '12', 'events': ['법인 전환 및 상호 변경 : 환인제약(주)']}, {'year': '1978', 'month': '11', 'events': ['대표자 변경 : 이광식']}, {'year': '1957', 'month': '07', 'events': ['환인제약소 창업(제약허가취득)']}], 'employment': {'recruitments': []}, 'benefits': {}, 'location': {'address': '서울 송파구 새말로 117 (문정동, 환인제약) 117', 'map_url': 'https://maps.naver.com/?mapMode=0&dlevel=12&pinTitle=%ed%99%98%ec%9d%b8%ec%a0%9c%ec%95%bd&lat=37.4830852569732&lng=127.127183729704'}}"	https://www.jobkorea.co.kr/Recruit/GI_Read_Comt_Ifrm?Gno=49358075	상시채용
환인제약	상시 인재pool 등록(임상)	['.']	"




환인제약


상시 인재pool 등록(임상)












포지션 및 자격요건







임상 







경력구분ㆍ신입/경력담당업무ㆍ임상시험 개발전략 수립ㆍ생동 및 임상시험 진행/관리ㆍVendor 선정/관리ㆍSOP 및 업무 매뉴얼 제개정자격요건ㆍ4년제 대학(이상) 졸업자우대사항ㆍ약학, 간호학, 생명공학 관련 전공자ㆍ원활한 의사소통 능력 보유자ㆍ적극성이 있는 태도로 업무를 배우고자 하는 인재근무지ㆍ본사(서울)



















접수기간 및 방법
ㆍ접수기간 : 상시채용
ㆍ접수방법 : 당사 채용 홈페이지 온라인 입사지원













기타사항
ㆍ부문 미선택 지원을 하신 경우 지원 내용과 적합한 부문에 결원 발생 시 인사담당자가 추천 안내를 드립니다.






 ㆍ자세한 상세요강은 반드시 채용 홈페이지에서 직접 확인해 주시기 바랍니다.


"	[]	모집분야   .   모집인원   ○명   급여   회사 내규에 따름   근무지주소   서울 송파구 법원로6길 11 (문정동, 환인빌딩)    인근지하철	신입·경력, 대졸↑, 서울 송파구	"{'basic_info': {'산업': '완제 의약품 제조업', '사원수': '664명 | (2026.03.31)', '기업구분': '중견기업', '설립일': '1982.12.16 | (45년차)', '자본금': '97억원3만원 | (2025.12.31)', '매출액': '2,547억 1천만원 | (2025.12.31)', '대표자': '이광식/이원범', '대졸초임': '4,240만원', '주요사업': '의약품(신경정신질환치료제,소화기관용약제,연고) 제조,도매', '4대보험': '건강보험, 고용보험, 산재보험', '홈페이지': 'http://www.whanin.com', '주소': '서울 송파구 새말로 117 (문정동, 환인제약) 117', '계열사': '환인제약그룹 (주)비피도 앰브로비앤피(주) 애즈유(주)'}, 'financial': {'사업분석': {'current_value': None}, '매출액': {'current_value': '2,547억 1천만원'}, '영업이익': {'current_value': '147억 3백만원'}, '당기순이익': {'current_value': '138억 2천만원'}, '산업 내 위치': {'current_value': None}, '기업등급': {'current_value': None}, '동종업계 순위': {'current_value': None}}, 'history': [{'year': '2024', 'month': '09', 'events': ['(주)비피도 30% 지분취득']}, {'year': '2022', 'month': '04', 'events': ['(주)마니커 건물 및 토지 양수도 취득 완료']}, {'year': '2022', 'month': '03', 'events': ['한국얀센공장 양수도 취득 완료']}, {'year': '2022', 'month': '02', 'events': ['(주)마니커 건물 및 토지 양수도 계약 체결']}, {'year': '2020', 'month': '11', 'events': ['한국얀센공장 양수도 계약 체결']}, {'year': '2020', 'month': '03', 'events': ['애즈유(주) 설립  및 종속회사 편입', ""헝가리 Gedeon Richter사 조현병치료제 '카리프라진' 국내 도입독점계약 체결""]}, {'year': '2019', 'month': '08', 'events': ['GSK 한국법인과 신경과 의약품 4개(리큅외) 브랜드 전략적 제휴 체결']}, {'year': '2019', 'month': '01', 'events': ['앰브로비앤피(주) 자회사편입']}, {'year': '2018', 'month': '02', 'events': [""뇌전증 신약 '제비닉스' 국내 독점 라이선스 계약 체결""]}, {'year': '2017', 'month': '11', 'events': ['본점소재지 변동: 서울특별시 송파구 법원로 6길 11 (문정동, 환인빌딩)']}, {'year': '2017', 'month': '05', 'events': [""특허권 취득- '유당 불내성 환자에게 투여가 가능하며, 복용편의성이 향상된 게피티니브를 함유하는 약제학적 조성물'""]}, {'year': '2015', 'month': '12', 'events': ['본사 사옥 신축에 따른 신규 시설투자 결정']}, {'year': '2013', 'month': '07', 'events': [""'천궁 및 종대황의 혼합 생약 추출물을 함유하는 호흡기질환의 예방 또는 치료용 조성물' 특허권 취득""]}, {'year': '2012', 'month': '12', 'events': ['타법인 주식 및 출자증권 처분결정']}, {'year': '2012', 'month': '03', 'events': ['대표이사 변경: 이광식 -> 이광식, 이원범(각자대표)']}, {'year': '2008', 'month': '01', 'events': ['중앙연구소 이전 (안성 -> 수원 영통구)']}, {'year': '2007', 'month': '10', 'events': ['리페리돈 3mg 신제품 출시']}, {'year': '2007', 'month': '01', 'events': ['뉴렙톨정 800mg 신제품 출시']}, {'year': '2006', 'month': '10', 'events': ['토피라트 25mg 신제품 출시']}, {'year': '2006', 'month': '07', 'events': ['안성공장 Renovation 완료']}, {'year': '2006', 'month': '04', 'events': ['졸피람정 10mg 신제품 출시']}, {'year': '2006', 'month': '03', 'events': ['니펠에스알정 30mg, 카디아핀정 10mg 신제품 출시']}, {'year': '2006', 'month': '01', 'events': ['메타데이트 CD 10mg/30mg, 토피라트정 100mg 신제품 출시']}, {'year': '2005', 'month': '04', 'events': ['상황버섯 균사체 배양 시설 준공']}, {'year': '2003', 'month': '11', 'events': ['채무부 존재 확인 소송제기']}, {'year': '2003', 'month': '07', 'events': ['스페인Grupo Vita사의 리스페리돈을 독점적원료공급계약 품목허가및출시']}, {'year': '2002', 'month': '04', 'events': ['국내 최초 액상 파모스틴 주사액 발매']}, {'year': '2002', 'month': '03', 'events': ['KGMP 우수업소 선정(경인지방식약청)']}, {'year': '2001', 'month': '08', 'events': ['무차입경영기업 진입']}, {'year': '2000', 'month': '11', 'events': ['신노사문화 우수기업 선정(노동부)']}, {'year': '1997', 'month': '06', 'events': ['환인제약 중앙연구소 준공']}, {'year': '1996', 'month': '07', 'events': ['기업공개 및 상장(1주당 13,500원)']}, {'year': '1994', 'month': '10', 'events': ['환인제약 중앙연구소 설립(과학기술처)']}, {'year': '1994', 'month': '09', 'events': ['장외시장등록(증권업 협회)']}, {'year': '1991', 'month': '10', 'events': ['무역업 신고(의약품 수출입 허가)']}, {'year': '1991', 'month': '07', 'events': ['연구개발전담부서인 제제 연구실 설치']}, {'year': '1990', 'month': '05', 'events': ['유가증권 발행인 등록']}, {'year': '1989', 'month': '10', 'events': ['K.G.M.P 적격판정획득']}, {'year': '1988', 'month': '01', 'events': ['경기 안성군 K.G.M.P 공장 완공']}, {'year': '1987', 'month': '12', 'events': ['경기 안성군 K.G.M.P 공장 신축 준공']}, {'year': '1982', 'month': '12', 'events': ['법인 전환 및 상호 변경 : 환인제약(주)']}, {'year': '1978', 'month': '11', 'events': ['대표자 변경 : 이광식']}, {'year': '1957', 'month': '07', 'events': ['환인제약소 창업(제약허가취득)']}], 'employment': {'recruitments': []}, 'benefits': {}, 'location': {'address': '서울 송파구 새말로 117 (문정동, 환인제약) 117', 'map_url': 'https://maps.naver.com/?mapMode=0&dlevel=12&pinTitle=%ed%99%98%ec%9d%b8%ec%a0%9c%ec%95%bd&lat=37.4830852569732&lng=127.127183729704'}}"	https://www.jobkorea.co.kr/Recruit/GI_Read_Comt_Ifrm?Gno=49358073	상시채용
환인제약	상시 인재pool 등록(허가/약가)	['.']	"




환인제약


상시 인재pool 등록(허가/약가)












포지션 및 자격요건







허가/약가 







경력구분ㆍ신입/경력담당업무ㆍ의약품 인허가/발매/약가자격요건ㆍ허가 경력 3년 이상(주임~과장)ㆍ기허가 관리, 제네릭 또는 자료제출의약품 개발 경험자ㆍ해외거래선 관리 경험자ㆍ약학, 생명공학 등 관련 전공자우대사항ㆍ약사면허 소지자ㆍEnglish communication skills 보유자근무지ㆍ본사(서울)



















접수기간 및 방법
ㆍ접수기간 : 상시채용
ㆍ접수방법 : 당사 채용 홈페이지 온라인 입사지원













기타사항
ㆍ부문 미선택 지원을 하신 경우 지원 내용과 적합한 부문에 결원 발생 시 인사담당자가 추천 안내를 드립니다.






 ㆍ자세한 상세요강은 반드시 채용 홈페이지에서 직접 확인해 주시기 바랍니다.


"	[]	모집분야   .   모집인원   ○명   급여   회사 내규에 따름   근무지주소   서울 송파구 법원로6길 11 (문정동, 환인빌딩)    인근지하철	신입·경력, 서울 송파구	"{'basic_info': {'산업': '완제 의약품 제조업', '사원수': '664명 | (2026.03.31)', '기업구분': '중견기업', '설립일': '1982.12.16 | (45년차)', '자본금': '97억원3만원 | (2025.12.31)', '매출액': '2,547억 1천만원 | (2025.12.31)', '대표자': '이광식/이원범', '대졸초임': '4,240만원', '주요사업': '의약품(신경정신질환치료제,소화기관용약제,연고) 제조,도매', '4대보험': '건강보험, 고용보험, 산재보험', '홈페이지': 'http://www.whanin.com', '주소': '서울 송파구 새말로 117 (문정동, 환인제약) 117', '계열사': '환인제약그룹 (주)비피도 앰브로비앤피(주) 애즈유(주)'}, 'financial': {'사업분석': {'current_value': None}, '매출액': {'current_value': '2,547억 1천만원'}, '영업이익': {'current_value': '147억 3백만원'}, '당기순이익': {'current_value': '138억 2천만원'}, '산업 내 위치': {'current_value': None}, '기업등급': {'current_value': None}, '동종업계 순위': {'current_value': None}}, 'history': [{'year': '2024', 'month': '09', 'events': ['(주)비피도 30% 지분취득']}, {'year': '2022', 'month': '04', 'events': ['(주)마니커 건물 및 토지 양수도 취득 완료']}, {'year': '2022', 'month': '03', 'events': ['한국얀센공장 양수도 취득 완료']}, {'year': '2022', 'month': '02', 'events': ['(주)마니커 건물 및 토지 양수도 계약 체결']}, {'year': '2020', 'month': '11', 'events': ['한국얀센공장 양수도 계약 체결']}, {'year': '2020', 'month': '03', 'events': ['애즈유(주) 설립  및 종속회사 편입', ""헝가리 Gedeon Richter사 조현병치료제 '카리프라진' 국내 도입독점계약 체결""]}, {'year': '2019', 'month': '08', 'events': ['GSK 한국법인과 신경과 의약품 4개(리큅외) 브랜드 전략적 제휴 체결']}, {'year': '2019', 'month': '01', 'events': ['앰브로비앤피(주) 자회사편입']}, {'year': '2018', 'month': '02', 'events': [""뇌전증 신약 '제비닉스' 국내 독점 라이선스 계약 체결""]}, {'year': '2017', 'month': '11', 'events': ['본점소재지 변동: 서울특별시 송파구 법원로 6길 11 (문정동, 환인빌딩)']}, {'year': '2017', 'month': '05', 'events': [""특허권 취득- '유당 불내성 환자에게 투여가 가능하며, 복용편의성이 향상된 게피티니브를 함유하는 약제학적 조성물'""]}, {'year': '2015', 'month': '12', 'events': ['본사 사옥 신축에 따른 신규 시설투자 결정']}, {'year': '2013', 'month': '07', 'events': [""'천궁 및 종대황의 혼합 생약 추출물을 함유하는 호흡기질환의 예방 또는 치료용 조성물' 특허권 취득""]}, {'year': '2012', 'month': '12', 'events': ['타법인 주식 및 출자증권 처분결정']}, {'year': '2012', 'month': '03', 'events': ['대표이사 변경: 이광식 -> 이광식, 이원범(각자대표)']}, {'year': '2008', 'month': '01', 'events': ['중앙연구소 이전 (안성 -> 수원 영통구)']}, {'year': '2007', 'month': '10', 'events': ['리페리돈 3mg 신제품 출시']}, {'year': '2007', 'month': '01', 'events': ['뉴렙톨정 800mg 신제품 출시']}, {'year': '2006', 'month': '10', 'events': ['토피라트 25mg 신제품 출시']}, {'year': '2006', 'month': '07', 'events': ['안성공장 Renovation 완료']}, {'year': '2006', 'month': '04', 'events': ['졸피람정 10mg 신제품 출시']}, {'year': '2006', 'month': '03', 'events': ['니펠에스알정 30mg, 카디아핀정 10mg 신제품 출시']}, {'year': '2006', 'month': '01', 'events': ['메타데이트 CD 10mg/30mg, 토피라트정 100mg 신제품 출시']}, {'year': '2005', 'month': '04', 'events': ['상황버섯 균사체 배양 시설 준공']}, {'year': '2003', 'month': '11', 'events': ['채무부 존재 확인 소송제기']}, {'year': '2003', 'month': '07', 'events': ['스페인Grupo Vita사의 리스페리돈을 독점적원료공급계약 품목허가및출시']}, {'year': '2002', 'month': '04', 'events': ['국내 최초 액상 파모스틴 주사액 발매']}, {'year': '2002', 'month': '03', 'events': ['KGMP 우수업소 선정(경인지방식약청)']}, {'year': '2001', 'month': '08', 'events': ['무차입경영기업 진입']}, {'year': '2000', 'month': '11', 'events': ['신노사문화 우수기업 선정(노동부)']}, {'year': '1997', 'month': '06', 'events': ['환인제약 중앙연구소 준공']}, {'year': '1996', 'month': '07', 'events': ['기업공개 및 상장(1주당 13,500원)']}, {'year': '1994', 'month': '10', 'events': ['환인제약 중앙연구소 설립(과학기술처)']}, {'year': '1994', 'month': '09', 'events': ['장외시장등록(증권업 협회)']}, {'year': '1991', 'month': '10', 'events': ['무역업 신고(의약품 수출입 허가)']}, {'year': '1991', 'month': '07', 'events': ['연구개발전담부서인 제제 연구실 설치']}, {'year': '1990', 'month': '05', 'events': ['유가증권 발행인 등록']}, {'year': '1989', 'month': '10', 'events': ['K.G.M.P 적격판정획득']}, {'year': '1988', 'month': '01', 'events': ['경기 안성군 K.G.M.P 공장 완공']}, {'year': '1987', 'month': '12', 'events': ['경기 안성군 K.G.M.P 공장 신축 준공']}, {'year': '1982', 'month': '12', 'events': ['법인 전환 및 상호 변경 : 환인제약(주)']}, {'year': '1978', 'month': '11', 'events': ['대표자 변경 : 이광식']}, {'year': '1957', 'month': '07', 'events': ['환인제약소 창업(제약허가취득)']}], 'employment': {'recruitments': []}, 'benefits': {}, 'location': {'address': '서울 송파구 새말로 117 (문정동, 환인제약) 117', 'map_url': 'https://maps.naver.com/?mapMode=0&dlevel=12&pinTitle=%ed%99%98%ec%9d%b8%ec%a0%9c%ec%95%bd&lat=37.4830852569732&lng=127.127183729704'}}"	https://www.jobkorea.co.kr/Recruit/GI_Read_Comt_Ifrm?Gno=49358065	상시채용
환인제약	상시 인재pool 등록(신제품개발)	['.']	"




환인제약


상시 인재pool 등록(신제품개발)












포지션 및 자격요건







신제품개발 







경력구분ㆍ신입/경력담당업무ㆍ의약품 등 검토/개발/기획ㆍ신제품 포트폴리오 검토ㆍ국내외 거래선 관리, 발굴자격요건ㆍ의약품 개발/기획/허가 경력 1년 이상(사원~과장)ㆍEnglish communication skills 보유자ㆍ약학, 생명공학 등 관련 전공자우대사항ㆍ약사면허 소지자근무지ㆍ본사(서울)



















접수기간 및 방법
ㆍ접수기간 : 상시채용
ㆍ접수방법 : 당사 채용 홈페이지 온라인 입사지원













기타사항
ㆍ부문 미선택 지원을 하신 경우 지원 내용과 적합한 부문에 결원 발생 시 인사담당자가 추천 안내를 드립니다.






 ㆍ자세한 상세요강은 반드시 채용 홈페이지에서 직접 확인해 주시기 바랍니다.


"	[]	모집분야   .   모집인원   ○명   급여   회사 내규에 따름   근무지주소   서울 송파구 법원로6길 11 (문정동, 환인빌딩)    인근지하철	신입·경력, 서울 송파구	"{'basic_info': {'산업': '완제 의약품 제조업', '사원수': '664명 | (2026.03.31)', '기업구분': '중견기업', '설립일': '1982.12.16 | (45년차)', '자본금': '97억원3만원 | (2025.12.31)', '매출액': '2,547억 1천만원 | (2025.12.31)', '대표자': '이광식/이원범', '대졸초임': '4,240만원', '주요사업': '의약품(신경정신질환치료제,소화기관용약제,연고) 제조,도매', '4대보험': '건강보험, 고용보험, 산재보험', '홈페이지': 'http://www.whanin.com', '주소': '서울 송파구 새말로 117 (문정동, 환인제약) 117', '계열사': '환인제약그룹 (주)비피도 앰브로비앤피(주) 애즈유(주)'}, 'financial': {'사업분석': {'current_value': None}, '매출액': {'current_value': '2,547억 1천만원'}, '영업이익': {'current_value': '147억 3백만원'}, '당기순이익': {'current_value': '138억 2천만원'}, '산업 내 위치': {'current_value': None}, '기업등급': {'current_value': None}, '동종업계 순위': {'current_value': None}}, 'history': [{'year': '2024', 'month': '09', 'events': ['(주)비피도 30% 지분취득']}, {'year': '2022', 'month': '04', 'events': ['(주)마니커 건물 및 토지 양수도 취득 완료']}, {'year': '2022', 'month': '03', 'events': ['한국얀센공장 양수도 취득 완료']}, {'year': '2022', 'month': '02', 'events': ['(주)마니커 건물 및 토지 양수도 계약 체결']}, {'year': '2020', 'month': '11', 'events': ['한국얀센공장 양수도 계약 체결']}, {'year': '2020', 'month': '03', 'events': ['애즈유(주) 설립  및 종속회사 편입', ""헝가리 Gedeon Richter사 조현병치료제 '카리프라진' 국내 도입독점계약 체결""]}, {'year': '2019', 'month': '08', 'events': ['GSK 한국법인과 신경과 의약품 4개(리큅외) 브랜드 전략적 제휴 체결']}, {'year': '2019', 'month': '01', 'events': ['앰브로비앤피(주) 자회사편입']}, {'year': '2018', 'month': '02', 'events': [""뇌전증 신약 '제비닉스' 국내 독점 라이선스 계약 체결""]}, {'year': '2017', 'month': '11', 'events': ['본점소재지 변동: 서울특별시 송파구 법원로 6길 11 (문정동, 환인빌딩)']}, {'year': '2017', 'month': '05', 'events': [""특허권 취득- '유당 불내성 환자에게 투여가 가능하며, 복용편의성이 향상된 게피티니브를 함유하는 약제학적 조성물'""]}, {'year': '2015', 'month': '12', 'events': ['본사 사옥 신축에 따른 신규 시설투자 결정']}, {'year': '2013', 'month': '07', 'events': [""'천궁 및 종대황의 혼합 생약 추출물을 함유하는 호흡기질환의 예방 또는 치료용 조성물' 특허권 취득""]}, {'year': '2012', 'month': '12', 'events': ['타법인 주식 및 출자증권 처분결정']}, {'year': '2012', 'month': '03', 'events': ['대표이사 변경: 이광식 -> 이광식, 이원범(각자대표)']}, {'year': '2008', 'month': '01', 'events': ['중앙연구소 이전 (안성 -> 수원 영통구)']}, {'year': '2007', 'month': '10', 'events': ['리페리돈 3mg 신제품 출시']}, {'year': '2007', 'month': '01', 'events': ['뉴렙톨정 800mg 신제품 출시']}, {'year': '2006', 'month': '10', 'events': ['토피라트 25mg 신제품 출시']}, {'year': '2006', 'month': '07', 'events': ['안성공장 Renovation 완료']}, {'year': '2006', 'month': '04', 'events': ['졸피람정 10mg 신제품 출시']}, {'year': '2006', 'month': '03', 'events': ['니펠에스알정 30mg, 카디아핀정 10mg 신제품 출시']}, {'year': '2006', 'month': '01', 'events': ['메타데이트 CD 10mg/30mg, 토피라트정 100mg 신제품 출시']}, {'year': '2005', 'month': '04', 'events': ['상황버섯 균사체 배양 시설 준공']}, {'year': '2003', 'month': '11', 'events': ['채무부 존재 확인 소송제기']}, {'year': '2003', 'month': '07', 'events': ['스페인Grupo Vita사의 리스페리돈을 독점적원료공급계약 품목허가및출시']}, {'year': '2002', 'month': '04', 'events': ['국내 최초 액상 파모스틴 주사액 발매']}, {'year': '2002', 'month': '03', 'events': ['KGMP 우수업소 선정(경인지방식약청)']}, {'year': '2001', 'month': '08', 'events': ['무차입경영기업 진입']}, {'year': '2000', 'month': '11', 'events': ['신노사문화 우수기업 선정(노동부)']}, {'year': '1997', 'month': '06', 'events': ['환인제약 중앙연구소 준공']}, {'year': '1996', 'month': '07', 'events': ['기업공개 및 상장(1주당 13,500원)']}, {'year': '1994', 'month': '10', 'events': ['환인제약 중앙연구소 설립(과학기술처)']}, {'year': '1994', 'month': '09', 'events': ['장외시장등록(증권업 협회)']}, {'year': '1991', 'month': '10', 'events': ['무역업 신고(의약품 수출입 허가)']}, {'year': '1991', 'month': '07', 'events': ['연구개발전담부서인 제제 연구실 설치']}, {'year': '1990', 'month': '05', 'events': ['유가증권 발행인 등록']}, {'year': '1989', 'month': '10', 'events': ['K.G.M.P 적격판정획득']}, {'year': '1988', 'month': '01', 'events': ['경기 안성군 K.G.M.P 공장 완공']}, {'year': '1987', 'month': '12', 'events': ['경기 안성군 K.G.M.P 공장 신축 준공']}, {'year': '1982', 'month': '12', 'events': ['법인 전환 및 상호 변경 : 환인제약(주)']}, {'year': '1978', 'month': '11', 'events': ['대표자 변경 : 이광식']}, {'year': '1957', 'month': '07', 'events': ['환인제약소 창업(제약허가취득)']}], 'employment': {'recruitments': []}, 'benefits': {}, 'location': {'address': '서울 송파구 새말로 117 (문정동, 환인제약) 117', 'map_url': 'https://maps.naver.com/?mapMode=0&dlevel=12&pinTitle=%ed%99%98%ec%9d%b8%ec%a0%9c%ec%95%bd&lat=37.4830852569732&lng=127.127183729704'}}"	https://www.jobkorea.co.kr/Recruit/GI_Read_Comt_Ifrm?Gno=49358042	상시채용
환인제약	상시 인재pool 등록(신사업)	['.']	"




환인제약


상시 인재pool 등록(신사업)












포지션 및 자격요건







신사업 







경력구분ㆍ신입/경력담당업무ㆍ헬스케어 분야 신제품 발굴 및 도입/개발(의료기기, 건강기능식품, 기능성화장품 등)ㆍ시장 정보 수집 및 분석ㆍ국내외 사업 제휴 및 관리자격요건ㆍ4년제 대학(이상) 졸업자ㆍ경력 2년 이상우대사항ㆍ관련 제품 개발 유경험자ㆍ외국어 가능자 근무지ㆍ본사(서울)



















접수기간 및 방법
ㆍ접수기간 : 상시채용
ㆍ접수방법 : 당사 채용 홈페이지 온라인 입사지원













기타사항
ㆍ부문 미선택 지원을 하신 경우 지원 내용과 적합한 부문에 결원 발생 시 인사담당자가 추천 안내를 드립니다.






 ㆍ자세한 상세요강은 반드시 채용 홈페이지에서 직접 확인해 주시기 바랍니다.


"	[]	모집분야   .   모집인원   ○명   급여   회사 내규에 따름   근무지주소   서울 송파구 법원로6길 11 (문정동, 환인빌딩)    인근지하철	신입·경력, 대졸↑, 서울 송파구	"{'basic_info': {'산업': '완제 의약품 제조업', '사원수': '664명 | (2026.03.31)', '기업구분': '중견기업', '설립일': '1982.12.16 | (45년차)', '자본금': '97억원3만원 | (2025.12.31)', '매출액': '2,547억 1천만원 | (2025.12.31)', '대표자': '이광식/이원범', '대졸초임': '4,240만원', '주요사업': '의약품(신경정신질환치료제,소화기관용약제,연고) 제조,도매', '4대보험': '건강보험, 고용보험, 산재보험', '홈페이지': 'http://www.whanin.com', '주소': '서울 송파구 새말로 117 (문정동, 환인제약) 117', '계열사': '환인제약그룹 (주)비피도 앰브로비앤피(주) 애즈유(주)'}, 'financial': {'사업분석': {'current_value': None}, '매출액': {'current_value': '2,547억 1천만원'}, '영업이익': {'current_value': '147억 3백만원'}, '당기순이익': {'current_value': '138억 2천만원'}, '산업 내 위치': {'current_value': None}, '기업등급': {'current_value': None}, '동종업계 순위': {'current_value': None}}, 'history': [{'year': '2024', 'month': '09', 'events': ['(주)비피도 30% 지분취득']}, {'year': '2022', 'month': '04', 'events': ['(주)마니커 건물 및 토지 양수도 취득 완료']}, {'year': '2022', 'month': '03', 'events': ['한국얀센공장 양수도 취득 완료']}, {'year': '2022', 'month': '02', 'events': ['(주)마니커 건물 및 토지 양수도 계약 체결']}, {'year': '2020', 'month': '11', 'events': ['한국얀센공장 양수도 계약 체결']}, {'year': '2020', 'month': '03', 'events': ['애즈유(주) 설립  및 종속회사 편입', ""헝가리 Gedeon Richter사 조현병치료제 '카리프라진' 국내 도입독점계약 체결""]}, {'year': '2019', 'month': '08', 'events': ['GSK 한국법인과 신경과 의약품 4개(리큅외) 브랜드 전략적 제휴 체결']}, {'year': '2019', 'month': '01', 'events': ['앰브로비앤피(주) 자회사편입']}, {'year': '2018', 'month': '02', 'events': [""뇌전증 신약 '제비닉스' 국내 독점 라이선스 계약 체결""]}, {'year': '2017', 'month': '11', 'events': ['본점소재지 변동: 서울특별시 송파구 법원로 6길 11 (문정동, 환인빌딩)']}, {'year': '2017', 'month': '05', 'events': [""특허권 취득- '유당 불내성 환자에게 투여가 가능하며, 복용편의성이 향상된 게피티니브를 함유하는 약제학적 조성물'""]}, {'year': '2015', 'month': '12', 'events': ['본사 사옥 신축에 따른 신규 시설투자 결정']}, {'year': '2013', 'month': '07', 'events': [""'천궁 및 종대황의 혼합 생약 추출물을 함유하는 호흡기질환의 예방 또는 치료용 조성물' 특허권 취득""]}, {'year': '2012', 'month': '12', 'events': ['타법인 주식 및 출자증권 처분결정']}, {'year': '2012', 'month': '03', 'events': ['대표이사 변경: 이광식 -> 이광식, 이원범(각자대표)']}, {'year': '2008', 'month': '01', 'events': ['중앙연구소 이전 (안성 -> 수원 영통구)']}, {'year': '2007', 'month': '10', 'events': ['리페리돈 3mg 신제품 출시']}, {'year': '2007', 'month': '01', 'events': ['뉴렙톨정 800mg 신제품 출시']}, {'year': '2006', 'month': '10', 'events': ['토피라트 25mg 신제품 출시']}, {'year': '2006', 'month': '07', 'events': ['안성공장 Renovation 완료']}, {'year': '2006', 'month': '04', 'events': ['졸피람정 10mg 신제품 출시']}, {'year': '2006', 'month': '03', 'events': ['니펠에스알정 30mg, 카디아핀정 10mg 신제품 출시']}, {'year': '2006', 'month': '01', 'events': ['메타데이트 CD 10mg/30mg, 토피라트정 100mg 신제품 출시']}, {'year': '2005', 'month': '04', 'events': ['상황버섯 균사체 배양 시설 준공']}, {'year': '2003', 'month': '11', 'events': ['채무부 존재 확인 소송제기']}, {'year': '2003', 'month': '07', 'events': ['스페인Grupo Vita사의 리스페리돈을 독점적원료공급계약 품목허가및출시']}, {'year': '2002', 'month': '04', 'events': ['국내 최초 액상 파모스틴 주사액 발매']}, {'year': '2002', 'month': '03', 'events': ['KGMP 우수업소 선정(경인지방식약청)']}, {'year': '2001', 'month': '08', 'events': ['무차입경영기업 진입']}, {'year': '2000', 'month': '11', 'events': ['신노사문화 우수기업 선정(노동부)']}, {'year': '1997', 'month': '06', 'events': ['환인제약 중앙연구소 준공']}, {'year': '1996', 'month': '07', 'events': ['기업공개 및 상장(1주당 13,500원)']}, {'year': '1994', 'month': '10', 'events': ['환인제약 중앙연구소 설립(과학기술처)']}, {'year': '1994', 'month': '09', 'events': ['장외시장등록(증권업 협회)']}, {'year': '1991', 'month': '10', 'events': ['무역업 신고(의약품 수출입 허가)']}, {'year': '1991', 'month': '07', 'events': ['연구개발전담부서인 제제 연구실 설치']}, {'year': '1990', 'month': '05', 'events': ['유가증권 발행인 등록']}, {'year': '1989', 'month': '10', 'events': ['K.G.M.P 적격판정획득']}, {'year': '1988', 'month': '01', 'events': ['경기 안성군 K.G.M.P 공장 완공']}, {'year': '1987', 'month': '12', 'events': ['경기 안성군 K.G.M.P 공장 신축 준공']}, {'year': '1982', 'month': '12', 'events': ['법인 전환 및 상호 변경 : 환인제약(주)']}, {'year': '1978', 'month': '11', 'events': ['대표자 변경 : 이광식']}, {'year': '1957', 'month': '07', 'events': ['환인제약소 창업(제약허가취득)']}], 'employment': {'recruitments': []}, 'benefits': {}, 'location': {'address': '서울 송파구 새말로 117 (문정동, 환인제약) 117', 'map_url': 'https://maps.naver.com/?mapMode=0&dlevel=12&pinTitle=%ed%99%98%ec%9d%b8%ec%a0%9c%ec%95%bd&lat=37.4830852569732&lng=127.127183729704'}}"	https://www.jobkorea.co.kr/Recruit/GI_Read_Comt_Ifrm?Gno=49358036	상시채용
환인제약	상시 인재pool 등록(전략기획)	['.']	"




환인제약


상시 인재pool 등록(전략기획)












포지션 및 자격요건







전략기획 







경력구분ㆍ신입/경력담당업무ㆍ중장기 전략 및 사업계획 수립ㆍ전략과제 실행 및 관리ㆍ시장조사, 사업성 검토 및 M&A자격요건ㆍ4년제 대학(이상) 졸업자근무지ㆍ본사(서울)



















접수기간 및 방법
ㆍ접수기간 : 상시채용
ㆍ접수방법 : 당사 채용 홈페이지 온라인 입사지원













기타사항
ㆍ부문 미선택 지원을 하신 경우 지원 내용과 적합한 부문에 결원 발생 시 인사담당자가 추천 안내를 드립니다.






 ㆍ자세한 상세요강은 반드시 채용 홈페이지에서 직접 확인해 주시기 바랍니다.


"	[]	모집분야   .   모집인원   ○명   급여   회사 내규에 따름   근무지주소   서울 송파구 법원로6길 11 (문정동, 환인빌딩)    인근지하철	신입·경력, 대졸↑, 서울 송파구	"{'basic_info': {'산업': '완제 의약품 제조업', '사원수': '664명 | (2026.03.31)', '기업구분': '중견기업', '설립일': '1982.12.16 | (45년차)', '자본금': '97억원3만원 | (2025.12.31)', '매출액': '2,547억 1천만원 | (2025.12.31)', '대표자': '이광식/이원범', '대졸초임': '4,240만원', '주요사업': '의약품(신경정신질환치료제,소화기관용약제,연고) 제조,도매', '4대보험': '건강보험, 고용보험, 산재보험', '홈페이지': 'http://www.whanin.com', '주소': '서울 송파구 새말로 117 (문정동, 환인제약) 117', '계열사': '환인제약그룹 (주)비피도 앰브로비앤피(주) 애즈유(주)'}, 'financial': {'사업분석': {'current_value': None}, '매출액': {'current_value': '2,547억 1천만원'}, '영업이익': {'current_value': '147억 3백만원'}, '당기순이익': {'current_value': '138억 2천만원'}, '산업 내 위치': {'current_value': None}, '기업등급': {'current_value': None}, '동종업계 순위': {'current_value': None}}, 'history': [{'year': '2024', 'month': '09', 'events': ['(주)비피도 30% 지분취득']}, {'year': '2022', 'month': '04', 'events': ['(주)마니커 건물 및 토지 양수도 취득 완료']}, {'year': '2022', 'month': '03', 'events': ['한국얀센공장 양수도 취득 완료']}, {'year': '2022', 'month': '02', 'events': ['(주)마니커 건물 및 토지 양수도 계약 체결']}, {'year': '2020', 'month': '11', 'events': ['한국얀센공장 양수도 계약 체결']}, {'year': '2020', 'month': '03', 'events': ['애즈유(주) 설립  및 종속회사 편입', ""헝가리 Gedeon Richter사 조현병치료제 '카리프라진' 국내 도입독점계약 체결""]}, {'year': '2019', 'month': '08', 'events': ['GSK 한국법인과 신경과 의약품 4개(리큅외) 브랜드 전략적 제휴 체결']}, {'year': '2019', 'month': '01', 'events': ['앰브로비앤피(주) 자회사편입']}, {'year': '2018', 'month': '02', 'events': [""뇌전증 신약 '제비닉스' 국내 독점 라이선스 계약 체결""]}, {'year': '2017', 'month': '11', 'events': ['본점소재지 변동: 서울특별시 송파구 법원로 6길 11 (문정동, 환인빌딩)']}, {'year': '2017', 'month': '05', 'events': [""특허권 취득- '유당 불내성 환자에게 투여가 가능하며, 복용편의성이 향상된 게피티니브를 함유하는 약제학적 조성물'""]}, {'year': '2015', 'month': '12', 'events': ['본사 사옥 신축에 따른 신규 시설투자 결정']}, {'year': '2013', 'month': '07', 'events': [""'천궁 및 종대황의 혼합 생약 추출물을 함유하는 호흡기질환의 예방 또는 치료용 조성물' 특허권 취득""]}, {'year': '2012', 'month': '12', 'events': ['타법인 주식 및 출자증권 처분결정']}, {'year': '2012', 'month': '03', 'events': ['대표이사 변경: 이광식 -> 이광식, 이원범(각자대표)']}, {'year': '2008', 'month': '01', 'events': ['중앙연구소 이전 (안성 -> 수원 영통구)']}, {'year': '2007', 'month': '10', 'events': ['리페리돈 3mg 신제품 출시']}, {'year': '2007', 'month': '01', 'events': ['뉴렙톨정 800mg 신제품 출시']}, {'year': '2006', 'month': '10', 'events': ['토피라트 25mg 신제품 출시']}, {'year': '2006', 'month': '07', 'events': ['안성공장 Renovation 완료']}, {'year': '2006', 'month': '04', 'events': ['졸피람정 10mg 신제품 출시']}, {'year': '2006', 'month': '03', 'events': ['니펠에스알정 30mg, 카디아핀정 10mg 신제품 출시']}, {'year': '2006', 'month': '01', 'events': ['메타데이트 CD 10mg/30mg, 토피라트정 100mg 신제품 출시']}, {'year': '2005', 'month': '04', 'events': ['상황버섯 균사체 배양 시설 준공']}, {'year': '2003', 'month': '11', 'events': ['채무부 존재 확인 소송제기']}, {'year': '2003', 'month': '07', 'events': ['스페인Grupo Vita사의 리스페리돈을 독점적원료공급계약 품목허가및출시']}, {'year': '2002', 'month': '04', 'events': ['국내 최초 액상 파모스틴 주사액 발매']}, {'year': '2002', 'month': '03', 'events': ['KGMP 우수업소 선정(경인지방식약청)']}, {'year': '2001', 'month': '08', 'events': ['무차입경영기업 진입']}, {'year': '2000', 'month': '11', 'events': ['신노사문화 우수기업 선정(노동부)']}, {'year': '1997', 'month': '06', 'events': ['환인제약 중앙연구소 준공']}, {'year': '1996', 'month': '07', 'events': ['기업공개 및 상장(1주당 13,500원)']}, {'year': '1994', 'month': '10', 'events': ['환인제약 중앙연구소 설립(과학기술처)']}, {'year': '1994', 'month': '09', 'events': ['장외시장등록(증권업 협회)']}, {'year': '1991', 'month': '10', 'events': ['무역업 신고(의약품 수출입 허가)']}, {'year': '1991', 'month': '07', 'events': ['연구개발전담부서인 제제 연구실 설치']}, {'year': '1990', 'month': '05', 'events': ['유가증권 발행인 등록']}, {'year': '1989', 'month': '10', 'events': ['K.G.M.P 적격판정획득']}, {'year': '1988', 'month': '01', 'events': ['경기 안성군 K.G.M.P 공장 완공']}, {'year': '1987', 'month': '12', 'events': ['경기 안성군 K.G.M.P 공장 신축 준공']}, {'year': '1982', 'month': '12', 'events': ['법인 전환 및 상호 변경 : 환인제약(주)']}, {'year': '1978', 'month': '11', 'events': ['대표자 변경 : 이광식']}, {'year': '1957', 'month': '07', 'events': ['환인제약소 창업(제약허가취득)']}], 'employment': {'recruitments': []}, 'benefits': {}, 'location': {'address': '서울 송파구 새말로 117 (문정동, 환인제약) 117', 'map_url': 'https://maps.naver.com/?mapMode=0&dlevel=12&pinTitle=%ed%99%98%ec%9d%b8%ec%a0%9c%ec%95%bd&lat=37.4830852569732&lng=127.127183729704'}}"	https://www.jobkorea.co.kr/Recruit/GI_Read_Comt_Ifrm?Gno=49358027	상시채용
환인제약	상시 인재pool 등록(구매)	['.']	"




환인제약


상시 인재pool 등록(구매)












포지션 및 자격요건







구매 







경력구분ㆍ신입/경력담당업무ㆍ원료, 부원료, 포장재 구매ㆍ기계장비 및 연구자재 구매ㆍ위수탁생산 관리자격요건ㆍ4년제 대상(이상) 관련학과 졸업자(신입)우대사항ㆍ영어회화 우수자근무지ㆍ본사(서울)



















접수기간 및 방법
ㆍ접수기간 : 상시채용
ㆍ접수방법 : 당사 채용 홈페이지 온라인 입사지원













기타사항
ㆍ부문 미선택 지원을 하신 경우 지원 내용과 적합한 부문에 결원 발생 시 인사담당자가 추천 안내를 드립니다.






 ㆍ자세한 상세요강은 반드시 채용 홈페이지에서 직접 확인해 주시기 바랍니다.


"	[]	모집분야   .   모집인원   ○명   급여   회사 내규에 따름   근무지주소   서울 송파구 법원로6길 11 (문정동, 환인빌딩)    인근지하철	신입·경력, 서울 송파구	"{'basic_info': {'산업': '완제 의약품 제조업', '사원수': '664명 | (2026.03.31)', '기업구분': '중견기업', '설립일': '1982.12.16 | (45년차)', '자본금': '97억원3만원 | (2025.12.31)', '매출액': '2,547억 1천만원 | (2025.12.31)', '대표자': '이광식/이원범', '대졸초임': '4,240만원', '주요사업': '의약품(신경정신질환치료제,소화기관용약제,연고) 제조,도매', '4대보험': '건강보험, 고용보험, 산재보험', '홈페이지': 'http://www.whanin.com', '주소': '서울 송파구 새말로 117 (문정동, 환인제약) 117', '계열사': '환인제약그룹 (주)비피도 앰브로비앤피(주) 애즈유(주)'}, 'financial': {'사업분석': {'current_value': None}, '매출액': {'current_value': '2,547억 1천만원'}, '영업이익': {'current_value': '147억 3백만원'}, '당기순이익': {'current_value': '138억 2천만원'}, '산업 내 위치': {'current_value': None}, '기업등급': {'current_value': None}, '동종업계 순위': {'current_value': None}}, 'history': [{'year': '2024', 'month': '09', 'events': ['(주)비피도 30% 지분취득']}, {'year': '2022', 'month': '04', 'events': ['(주)마니커 건물 및 토지 양수도 취득 완료']}, {'year': '2022', 'month': '03', 'events': ['한국얀센공장 양수도 취득 완료']}, {'year': '2022', 'month': '02', 'events': ['(주)마니커 건물 및 토지 양수도 계약 체결']}, {'year': '2020', 'month': '11', 'events': ['한국얀센공장 양수도 계약 체결']}, {'year': '2020', 'month': '03', 'events': ['애즈유(주) 설립  및 종속회사 편입', ""헝가리 Gedeon Richter사 조현병치료제 '카리프라진' 국내 도입독점계약 체결""]}, {'year': '2019', 'month': '08', 'events': ['GSK 한국법인과 신경과 의약품 4개(리큅외) 브랜드 전략적 제휴 체결']}, {'year': '2019', 'month': '01', 'events': ['앰브로비앤피(주) 자회사편입']}, {'year': '2018', 'month': '02', 'events': [""뇌전증 신약 '제비닉스' 국내 독점 라이선스 계약 체결""]}, {'year': '2017', 'month': '11', 'events': ['본점소재지 변동: 서울특별시 송파구 법원로 6길 11 (문정동, 환인빌딩)']}, {'year': '2017', 'month': '05', 'events': [""특허권 취득- '유당 불내성 환자에게 투여가 가능하며, 복용편의성이 향상된 게피티니브를 함유하는 약제학적 조성물'""]}, {'year': '2015', 'month': '12', 'events': ['본사 사옥 신축에 따른 신규 시설투자 결정']}, {'year': '2013', 'month': '07', 'events': [""'천궁 및 종대황의 혼합 생약 추출물을 함유하는 호흡기질환의 예방 또는 치료용 조성물' 특허권 취득""]}, {'year': '2012', 'month': '12', 'events': ['타법인 주식 및 출자증권 처분결정']}, {'year': '2012', 'month': '03', 'events': ['대표이사 변경: 이광식 -> 이광식, 이원범(각자대표)']}, {'year': '2008', 'month': '01', 'events': ['중앙연구소 이전 (안성 -> 수원 영통구)']}, {'year': '2007', 'month': '10', 'events': ['리페리돈 3mg 신제품 출시']}, {'year': '2007', 'month': '01', 'events': ['뉴렙톨정 800mg 신제품 출시']}, {'year': '2006', 'month': '10', 'events': ['토피라트 25mg 신제품 출시']}, {'year': '2006', 'month': '07', 'events': ['안성공장 Renovation 완료']}, {'year': '2006', 'month': '04', 'events': ['졸피람정 10mg 신제품 출시']}, {'year': '2006', 'month': '03', 'events': ['니펠에스알정 30mg, 카디아핀정 10mg 신제품 출시']}, {'year': '2006', 'month': '01', 'events': ['메타데이트 CD 10mg/30mg, 토피라트정 100mg 신제품 출시']}, {'year': '2005', 'month': '04', 'events': ['상황버섯 균사체 배양 시설 준공']}, {'year': '2003', 'month': '11', 'events': ['채무부 존재 확인 소송제기']}, {'year': '2003', 'month': '07', 'events': ['스페인Grupo Vita사의 리스페리돈을 독점적원료공급계약 품목허가및출시']}, {'year': '2002', 'month': '04', 'events': ['국내 최초 액상 파모스틴 주사액 발매']}, {'year': '2002', 'month': '03', 'events': ['KGMP 우수업소 선정(경인지방식약청)']}, {'year': '2001', 'month': '08', 'events': ['무차입경영기업 진입']}, {'year': '2000', 'month': '11', 'events': ['신노사문화 우수기업 선정(노동부)']}, {'year': '1997', 'month': '06', 'events': ['환인제약 중앙연구소 준공']}, {'year': '1996', 'month': '07', 'events': ['기업공개 및 상장(1주당 13,500원)']}, {'year': '1994', 'month': '10', 'events': ['환인제약 중앙연구소 설립(과학기술처)']}, {'year': '1994', 'month': '09', 'events': ['장외시장등록(증권업 협회)']}, {'year': '1991', 'month': '10', 'events': ['무역업 신고(의약품 수출입 허가)']}, {'year': '1991', 'month': '07', 'events': ['연구개발전담부서인 제제 연구실 설치']}, {'year': '1990', 'month': '05', 'events': ['유가증권 발행인 등록']}, {'year': '1989', 'month': '10', 'events': ['K.G.M.P 적격판정획득']}, {'year': '1988', 'month': '01', 'events': ['경기 안성군 K.G.M.P 공장 완공']}, {'year': '1987', 'month': '12', 'events': ['경기 안성군 K.G.M.P 공장 신축 준공']}, {'year': '1982', 'month': '12', 'events': ['법인 전환 및 상호 변경 : 환인제약(주)']}, {'year': '1978', 'month': '11', 'events': ['대표자 변경 : 이광식']}, {'year': '1957', 'month': '07', 'events': ['환인제약소 창업(제약허가취득)']}], 'employment': {'recruitments': []}, 'benefits': {}, 'location': {'address': '서울 송파구 새말로 117 (문정동, 환인제약) 117', 'map_url': 'https://maps.naver.com/?mapMode=0&dlevel=12&pinTitle=%ed%99%98%ec%9d%b8%ec%a0%9c%ec%95%bd&lat=37.4830852569732&lng=127.127183729704'}}"	https://www.jobkorea.co.kr/Recruit/GI_Read_Comt_Ifrm?Gno=49358022	상시채용
환인제약	상시 인재pool 등록(IR공시)	['.']	"




환인제약


상시 인재pool 등록(IR공시)












포지션 및 자격요건







IR공시 







경력구분ㆍ신입/경력담당업무ㆍ회사 소개서 작성, IR,자료 작성ㆍ사업보고서 및 IR, 공시 업무ㆍ주주대응ㆍ공시 업무 전반자격요건ㆍ4년제 대학(이상) 졸업자우대사항ㆍ공시 관련 제반 업무 유경험자근무지ㆍ본사(서울)



















접수기간 및 방법
ㆍ접수기간 : 상시채용
ㆍ접수방법 : 당사 채용 홈페이지 온라인 입사지원













기타사항
ㆍ부문 미선택 지원을 하신 경우 지원 내용과 적합한 부문에 결원 발생 시 인사담당자가 추천 안내를 드립니다.






 ㆍ자세한 상세요강은 반드시 채용 홈페이지에서 직접 확인해 주시기 바랍니다.


"	[]	모집분야   .   모집인원   ○명   급여   회사 내규에 따름   근무지주소   서울 송파구 법원로6길 11 (문정동, 환인빌딩)    인근지하철	신입·경력, 대졸↑, 서울 송파구	"{'basic_info': {'산업': '완제 의약품 제조업', '사원수': '664명 | (2026.03.31)', '기업구분': '중견기업', '설립일': '1982.12.16 | (45년차)', '자본금': '97억원3만원 | (2025.12.31)', '매출액': '2,547억 1천만원 | (2025.12.31)', '대표자': '이광식/이원범', '대졸초임': '4,240만원', '주요사업': '의약품(신경정신질환치료제,소화기관용약제,연고) 제조,도매', '4대보험': '건강보험, 고용보험, 산재보험', '홈페이지': 'http://www.whanin.com', '주소': '서울 송파구 새말로 117 (문정동, 환인제약) 117', '계열사': '환인제약그룹 (주)비피도 앰브로비앤피(주) 애즈유(주)'}, 'financial': {'사업분석': {'current_value': None}, '매출액': {'current_value': '2,547억 1천만원'}, '영업이익': {'current_value': '147억 3백만원'}, '당기순이익': {'current_value': '138억 2천만원'}, '산업 내 위치': {'current_value': None}, '기업등급': {'current_value': None}, '동종업계 순위': {'current_value': None}}, 'history': [{'year': '2024', 'month': '09', 'events': ['(주)비피도 30% 지분취득']}, {'year': '2022', 'month': '04', 'events': ['(주)마니커 건물 및 토지 양수도 취득 완료']}, {'year': '2022', 'month': '03', 'events': ['한국얀센공장 양수도 취득 완료']}, {'year': '2022', 'month': '02', 'events': ['(주)마니커 건물 및 토지 양수도 계약 체결']}, {'year': '2020', 'month': '11', 'events': ['한국얀센공장 양수도 계약 체결']}, {'year': '2020', 'month': '03', 'events': ['애즈유(주) 설립  및 종속회사 편입', ""헝가리 Gedeon Richter사 조현병치료제 '카리프라진' 국내 도입독점계약 체결""]}, {'year': '2019', 'month': '08', 'events': ['GSK 한국법인과 신경과 의약품 4개(리큅외) 브랜드 전략적 제휴 체결']}, {'year': '2019', 'month': '01', 'events': ['앰브로비앤피(주) 자회사편입']}, {'year': '2018', 'month': '02', 'events': [""뇌전증 신약 '제비닉스' 국내 독점 라이선스 계약 체결""]}, {'year': '2017', 'month': '11', 'events': ['본점소재지 변동: 서울특별시 송파구 법원로 6길 11 (문정동, 환인빌딩)']}, {'year': '2017', 'month': '05', 'events': [""특허권 취득- '유당 불내성 환자에게 투여가 가능하며, 복용편의성이 향상된 게피티니브를 함유하는 약제학적 조성물'""]}, {'year': '2015', 'month': '12', 'events': ['본사 사옥 신축에 따른 신규 시설투자 결정']}, {'year': '2013', 'month': '07', 'events': [""'천궁 및 종대황의 혼합 생약 추출물을 함유하는 호흡기질환의 예방 또는 치료용 조성물' 특허권 취득""]}, {'year': '2012', 'month': '12', 'events': ['타법인 주식 및 출자증권 처분결정']}, {'year': '2012', 'month': '03', 'events': ['대표이사 변경: 이광식 -> 이광식, 이원범(각자대표)']}, {'year': '2008', 'month': '01', 'events': ['중앙연구소 이전 (안성 -> 수원 영통구)']}, {'year': '2007', 'month': '10', 'events': ['리페리돈 3mg 신제품 출시']}, {'year': '2007', 'month': '01', 'events': ['뉴렙톨정 800mg 신제품 출시']}, {'year': '2006', 'month': '10', 'events': ['토피라트 25mg 신제품 출시']}, {'year': '2006', 'month': '07', 'events': ['안성공장 Renovation 완료']}, {'year': '2006', 'month': '04', 'events': ['졸피람정 10mg 신제품 출시']}, {'year': '2006', 'month': '03', 'events': ['니펠에스알정 30mg, 카디아핀정 10mg 신제품 출시']}, {'year': '2006', 'month': '01', 'events': ['메타데이트 CD 10mg/30mg, 토피라트정 100mg 신제품 출시']}, {'year': '2005', 'month': '04', 'events': ['상황버섯 균사체 배양 시설 준공']}, {'year': '2003', 'month': '11', 'events': ['채무부 존재 확인 소송제기']}, {'year': '2003', 'month': '07', 'events': ['스페인Grupo Vita사의 리스페리돈을 독점적원료공급계약 품목허가및출시']}, {'year': '2002', 'month': '04', 'events': ['국내 최초 액상 파모스틴 주사액 발매']}, {'year': '2002', 'month': '03', 'events': ['KGMP 우수업소 선정(경인지방식약청)']}, {'year': '2001', 'month': '08', 'events': ['무차입경영기업 진입']}, {'year': '2000', 'month': '11', 'events': ['신노사문화 우수기업 선정(노동부)']}, {'year': '1997', 'month': '06', 'events': ['환인제약 중앙연구소 준공']}, {'year': '1996', 'month': '07', 'events': ['기업공개 및 상장(1주당 13,500원)']}, {'year': '1994', 'month': '10', 'events': ['환인제약 중앙연구소 설립(과학기술처)']}, {'year': '1994', 'month': '09', 'events': ['장외시장등록(증권업 협회)']}, {'year': '1991', 'month': '10', 'events': ['무역업 신고(의약품 수출입 허가)']}, {'year': '1991', 'month': '07', 'events': ['연구개발전담부서인 제제 연구실 설치']}, {'year': '1990', 'month': '05', 'events': ['유가증권 발행인 등록']}, {'year': '1989', 'month': '10', 'events': ['K.G.M.P 적격판정획득']}, {'year': '1988', 'month': '01', 'events': ['경기 안성군 K.G.M.P 공장 완공']}, {'year': '1987', 'month': '12', 'events': ['경기 안성군 K.G.M.P 공장 신축 준공']}, {'year': '1982', 'month': '12', 'events': ['법인 전환 및 상호 변경 : 환인제약(주)']}, {'year': '1978', 'month': '11', 'events': ['대표자 변경 : 이광식']}, {'year': '1957', 'month': '07', 'events': ['환인제약소 창업(제약허가취득)']}], 'employment': {'recruitments': []}, 'benefits': {}, 'location': {'address': '서울 송파구 새말로 117 (문정동, 환인제약) 117', 'map_url': 'https://maps.naver.com/?mapMode=0&dlevel=12&pinTitle=%ed%99%98%ec%9d%b8%ec%a0%9c%ec%95%bd&lat=37.4830852569732&lng=127.127183729704'}}"	https://www.jobkorea.co.kr/Recruit/GI_Read_Comt_Ifrm?Gno=49358016	상시채용
환인제약	상시 인재pool 등록(회계/세무(고등학교))	['.']	"




환인제약


상시 인재pool 등록(회계/세무(고등학교))












포지션 및 자격요건







회계/세무(고등학교)







경력구분ㆍ신입/경력담당업무ㆍ사무 업무ㆍ경리 업무ㆍ자금 관리(입/출금 관리)자격요건ㆍ고등학교(이상) 졸업자우대사항ㆍ회계/세무 자격증ㆍ회계/세무 관련 학과ㆍ컴퓨터 활용 능력 우수근무지ㆍ본사(서울)



















접수기간 및 방법
ㆍ접수기간 : 상시채용
ㆍ접수방법 : 당사 채용 홈페이지 온라인 입사지원













기타사항
ㆍ부문 미선택 지원을 하신 경우 지원 내용과 적합한 부문에 결원 발생 시 인사담당자가 추천 안내를 드립니다.






 ㆍ자세한 상세요강은 반드시 채용 홈페이지에서 직접 확인해 주시기 바랍니다.


"	[]	모집분야   .   모집인원   ○명   급여   회사 내규에 따름   근무지주소   서울 송파구 법원로6길 11 (문정동, 환인빌딩)    인근지하철	신입·경력, 고졸↑, 서울 송파구	"{'basic_info': {'산업': '완제 의약품 제조업', '사원수': '664명 | (2026.03.31)', '기업구분': '중견기업', '설립일': '1982.12.16 | (45년차)', '자본금': '97억원3만원 | (2025.12.31)', '매출액': '2,547억 1천만원 | (2025.12.31)', '대표자': '이광식/이원범', '대졸초임': '4,240만원', '주요사업': '의약품(신경정신질환치료제,소화기관용약제,연고) 제조,도매', '4대보험': '건강보험, 고용보험, 산재보험', '홈페이지': 'http://www.whanin.com', '주소': '서울 송파구 새말로 117 (문정동, 환인제약) 117', '계열사': '환인제약그룹 (주)비피도 앰브로비앤피(주) 애즈유(주)'}, 'financial': {'사업분석': {'current_value': None}, '매출액': {'current_value': '2,547억 1천만원'}, '영업이익': {'current_value': '147억 3백만원'}, '당기순이익': {'current_value': '138억 2천만원'}, '산업 내 위치': {'current_value': None}, '기업등급': {'current_value': None}, '동종업계 순위': {'current_value': None}}, 'history': [{'year': '2024', 'month': '09', 'events': ['(주)비피도 30% 지분취득']}, {'year': '2022', 'month': '04', 'events': ['(주)마니커 건물 및 토지 양수도 취득 완료']}, {'year': '2022', 'month': '03', 'events': ['한국얀센공장 양수도 취득 완료']}, {'year': '2022', 'month': '02', 'events': ['(주)마니커 건물 및 토지 양수도 계약 체결']}, {'year': '2020', 'month': '11', 'events': ['한국얀센공장 양수도 계약 체결']}, {'year': '2020', 'month': '03', 'events': ['애즈유(주) 설립  및 종속회사 편입', ""헝가리 Gedeon Richter사 조현병치료제 '카리프라진' 국내 도입독점계약 체결""]}, {'year': '2019', 'month': '08', 'events': ['GSK 한국법인과 신경과 의약품 4개(리큅외) 브랜드 전략적 제휴 체결']}, {'year': '2019', 'month': '01', 'events': ['앰브로비앤피(주) 자회사편입']}, {'year': '2018', 'month': '02', 'events': [""뇌전증 신약 '제비닉스' 국내 독점 라이선스 계약 체결""]}, {'year': '2017', 'month': '11', 'events': ['본점소재지 변동: 서울특별시 송파구 법원로 6길 11 (문정동, 환인빌딩)']}, {'year': '2017', 'month': '05', 'events': [""특허권 취득- '유당 불내성 환자에게 투여가 가능하며, 복용편의성이 향상된 게피티니브를 함유하는 약제학적 조성물'""]}, {'year': '2015', 'month': '12', 'events': ['본사 사옥 신축에 따른 신규 시설투자 결정']}, {'year': '2013', 'month': '07', 'events': [""'천궁 및 종대황의 혼합 생약 추출물을 함유하는 호흡기질환의 예방 또는 치료용 조성물' 특허권 취득""]}, {'year': '2012', 'month': '12', 'events': ['타법인 주식 및 출자증권 처분결정']}, {'year': '2012', 'month': '03', 'events': ['대표이사 변경: 이광식 -> 이광식, 이원범(각자대표)']}, {'year': '2008', 'month': '01', 'events': ['중앙연구소 이전 (안성 -> 수원 영통구)']}, {'year': '2007', 'month': '10', 'events': ['리페리돈 3mg 신제품 출시']}, {'year': '2007', 'month': '01', 'events': ['뉴렙톨정 800mg 신제품 출시']}, {'year': '2006', 'month': '10', 'events': ['토피라트 25mg 신제품 출시']}, {'year': '2006', 'month': '07', 'events': ['안성공장 Renovation 완료']}, {'year': '2006', 'month': '04', 'events': ['졸피람정 10mg 신제품 출시']}, {'year': '2006', 'month': '03', 'events': ['니펠에스알정 30mg, 카디아핀정 10mg 신제품 출시']}, {'year': '2006', 'month': '01', 'events': ['메타데이트 CD 10mg/30mg, 토피라트정 100mg 신제품 출시']}, {'year': '2005', 'month': '04', 'events': ['상황버섯 균사체 배양 시설 준공']}, {'year': '2003', 'month': '11', 'events': ['채무부 존재 확인 소송제기']}, {'year': '2003', 'month': '07', 'events': ['스페인Grupo Vita사의 리스페리돈을 독점적원료공급계약 품목허가및출시']}, {'year': '2002', 'month': '04', 'events': ['국내 최초 액상 파모스틴 주사액 발매']}, {'year': '2002', 'month': '03', 'events': ['KGMP 우수업소 선정(경인지방식약청)']}, {'year': '2001', 'month': '08', 'events': ['무차입경영기업 진입']}, {'year': '2000', 'month': '11', 'events': ['신노사문화 우수기업 선정(노동부)']}, {'year': '1997', 'month': '06', 'events': ['환인제약 중앙연구소 준공']}, {'year': '1996', 'month': '07', 'events': ['기업공개 및 상장(1주당 13,500원)']}, {'year': '1994', 'month': '10', 'events': ['환인제약 중앙연구소 설립(과학기술처)']}, {'year': '1994', 'month': '09', 'events': ['장외시장등록(증권업 협회)']}, {'year': '1991', 'month': '10', 'events': ['무역업 신고(의약품 수출입 허가)']}, {'year': '1991', 'month': '07', 'events': ['연구개발전담부서인 제제 연구실 설치']}, {'year': '1990', 'month': '05', 'events': ['유가증권 발행인 등록']}, {'year': '1989', 'month': '10', 'events': ['K.G.M.P 적격판정획득']}, {'year': '1988', 'month': '01', 'events': ['경기 안성군 K.G.M.P 공장 완공']}, {'year': '1987', 'month': '12', 'events': ['경기 안성군 K.G.M.P 공장 신축 준공']}, {'year': '1982', 'month': '12', 'events': ['법인 전환 및 상호 변경 : 환인제약(주)']}, {'year': '1978', 'month': '11', 'events': ['대표자 변경 : 이광식']}, {'year': '1957', 'month': '07', 'events': ['환인제약소 창업(제약허가취득)']}], 'employment': {'recruitments': []}, 'benefits': {}, 'location': {'address': '서울 송파구 새말로 117 (문정동, 환인제약) 117', 'map_url': 'https://maps.naver.com/?mapMode=0&dlevel=12&pinTitle=%ed%99%98%ec%9d%b8%ec%a0%9c%ec%95%bd&lat=37.4830852569732&lng=127.127183729704'}}"	https://www.jobkorea.co.kr/Recruit/GI_Read_Comt_Ifrm?Gno=49358012	상시채용
환인제약	상시 인재pool 등록(총무)	['.']	"




환인제약


상시 인재pool 등록(총무)












포지션 및 자격요건







총무 







경력구분ㆍ신입/경력담당업무ㆍ건물/부동산/시설/대관 관리ㆍ자산/비품 관리ㆍ일반 총무(문서, 행사, 복리후생 등)자격요건ㆍ4년제 대학(이상) 졸업자우대사항ㆍ사옥 관리 경력 보유자 우대ㆍ부동산 관리 경력 보유자 우대근무지ㆍ본사(서울)



















접수기간 및 방법
ㆍ접수기간 : 상시채용
ㆍ접수방법 : 당사 채용 홈페이지 온라인 입사지원













기타사항
ㆍ부문 미선택 지원을 하신 경우 지원 내용과 적합한 부문에 결원 발생 시 인사담당자가 추천 안내를 드립니다.






 ㆍ자세한 상세요강은 반드시 채용 홈페이지에서 직접 확인해 주시기 바랍니다.


"	[]	모집분야   .   모집인원   ○명   급여   회사 내규에 따름   근무지주소   서울 송파구 법원로6길 11 (문정동, 환인빌딩)    인근지하철	신입·경력, 대졸↑, 서울 송파구	"{'basic_info': {'산업': '완제 의약품 제조업', '사원수': '664명 | (2026.03.31)', '기업구분': '중견기업', '설립일': '1982.12.16 | (45년차)', '자본금': '97억원3만원 | (2025.12.31)', '매출액': '2,547억 1천만원 | (2025.12.31)', '대표자': '이광식/이원범', '대졸초임': '4,240만원', '주요사업': '의약품(신경정신질환치료제,소화기관용약제,연고) 제조,도매', '4대보험': '건강보험, 고용보험, 산재보험', '홈페이지': 'http://www.whanin.com', '주소': '서울 송파구 새말로 117 (문정동, 환인제약) 117', '계열사': '환인제약그룹 (주)비피도 앰브로비앤피(주) 애즈유(주)'}, 'financial': {'사업분석': {'current_value': None}, '매출액': {'current_value': '2,547억 1천만원'}, '영업이익': {'current_value': '147억 3백만원'}, '당기순이익': {'current_value': '138억 2천만원'}, '산업 내 위치': {'current_value': None}, '기업등급': {'current_value': None}, '동종업계 순위': {'current_value': None}}, 'history': [{'year': '2024', 'month': '09', 'events': ['(주)비피도 30% 지분취득']}, {'year': '2022', 'month': '04', 'events': ['(주)마니커 건물 및 토지 양수도 취득 완료']}, {'year': '2022', 'month': '03', 'events': ['한국얀센공장 양수도 취득 완료']}, {'year': '2022', 'month': '02', 'events': ['(주)마니커 건물 및 토지 양수도 계약 체결']}, {'year': '2020', 'month': '11', 'events': ['한국얀센공장 양수도 계약 체결']}, {'year': '2020', 'month': '03', 'events': ['애즈유(주) 설립  및 종속회사 편입', ""헝가리 Gedeon Richter사 조현병치료제 '카리프라진' 국내 도입독점계약 체결""]}, {'year': '2019', 'month': '08', 'events': ['GSK 한국법인과 신경과 의약품 4개(리큅외) 브랜드 전략적 제휴 체결']}, {'year': '2019', 'month': '01', 'events': ['앰브로비앤피(주) 자회사편입']}, {'year': '2018', 'month': '02', 'events': [""뇌전증 신약 '제비닉스' 국내 독점 라이선스 계약 체결""]}, {'year': '2017', 'month': '11', 'events': ['본점소재지 변동: 서울특별시 송파구 법원로 6길 11 (문정동, 환인빌딩)']}, {'year': '2017', 'month': '05', 'events': [""특허권 취득- '유당 불내성 환자에게 투여가 가능하며, 복용편의성이 향상된 게피티니브를 함유하는 약제학적 조성물'""]}, {'year': '2015', 'month': '12', 'events': ['본사 사옥 신축에 따른 신규 시설투자 결정']}, {'year': '2013', 'month': '07', 'events': [""'천궁 및 종대황의 혼합 생약 추출물을 함유하는 호흡기질환의 예방 또는 치료용 조성물' 특허권 취득""]}, {'year': '2012', 'month': '12', 'events': ['타법인 주식 및 출자증권 처분결정']}, {'year': '2012', 'month': '03', 'events': ['대표이사 변경: 이광식 -> 이광식, 이원범(각자대표)']}, {'year': '2008', 'month': '01', 'events': ['중앙연구소 이전 (안성 -> 수원 영통구)']}, {'year': '2007', 'month': '10', 'events': ['리페리돈 3mg 신제품 출시']}, {'year': '2007', 'month': '01', 'events': ['뉴렙톨정 800mg 신제품 출시']}, {'year': '2006', 'month': '10', 'events': ['토피라트 25mg 신제품 출시']}, {'year': '2006', 'month': '07', 'events': ['안성공장 Renovation 완료']}, {'year': '2006', 'month': '04', 'events': ['졸피람정 10mg 신제품 출시']}, {'year': '2006', 'month': '03', 'events': ['니펠에스알정 30mg, 카디아핀정 10mg 신제품 출시']}, {'year': '2006', 'month': '01', 'events': ['메타데이트 CD 10mg/30mg, 토피라트정 100mg 신제품 출시']}, {'year': '2005', 'month': '04', 'events': ['상황버섯 균사체 배양 시설 준공']}, {'year': '2003', 'month': '11', 'events': ['채무부 존재 확인 소송제기']}, {'year': '2003', 'month': '07', 'events': ['스페인Grupo Vita사의 리스페리돈을 독점적원료공급계약 품목허가및출시']}, {'year': '2002', 'month': '04', 'events': ['국내 최초 액상 파모스틴 주사액 발매']}, {'year': '2002', 'month': '03', 'events': ['KGMP 우수업소 선정(경인지방식약청)']}, {'year': '2001', 'month': '08', 'events': ['무차입경영기업 진입']}, {'year': '2000', 'month': '11', 'events': ['신노사문화 우수기업 선정(노동부)']}, {'year': '1997', 'month': '06', 'events': ['환인제약 중앙연구소 준공']}, {'year': '1996', 'month': '07', 'events': ['기업공개 및 상장(1주당 13,500원)']}, {'year': '1994', 'month': '10', 'events': ['환인제약 중앙연구소 설립(과학기술처)']}, {'year': '1994', 'month': '09', 'events': ['장외시장등록(증권업 협회)']}, {'year': '1991', 'month': '10', 'events': ['무역업 신고(의약품 수출입 허가)']}, {'year': '1991', 'month': '07', 'events': ['연구개발전담부서인 제제 연구실 설치']}, {'year': '1990', 'month': '05', 'events': ['유가증권 발행인 등록']}, {'year': '1989', 'month': '10', 'events': ['K.G.M.P 적격판정획득']}, {'year': '1988', 'month': '01', 'events': ['경기 안성군 K.G.M.P 공장 완공']}, {'year': '1987', 'month': '12', 'events': ['경기 안성군 K.G.M.P 공장 신축 준공']}, {'year': '1982', 'month': '12', 'events': ['법인 전환 및 상호 변경 : 환인제약(주)']}, {'year': '1978', 'month': '11', 'events': ['대표자 변경 : 이광식']}, {'year': '1957', 'month': '07', 'events': ['환인제약소 창업(제약허가취득)']}], 'employment': {'recruitments': []}, 'benefits': {}, 'location': {'address': '서울 송파구 새말로 117 (문정동, 환인제약) 117', 'map_url': 'https://maps.naver.com/?mapMode=0&dlevel=12&pinTitle=%ed%99%98%ec%9d%b8%ec%a0%9c%ec%95%bd&lat=37.4830852569732&lng=127.127183729704'}}"	https://www.jobkorea.co.kr/Recruit/GI_Read_Comt_Ifrm?Gno=49357996	상시채용
환인제약	상시 인재pool 등록(인사)	['.']	"




환인제약


상시 인재pool 등록(인사)












포지션 및 자격요건







인사 







경력구분ㆍ신입/경력담당업무ㆍ인사기획, 평가ㆍ교육ㆍ급여ㆍ채용ㆍ인사관리자격요건ㆍ4년제 대학(이상) 졸업자우대사항ㆍ노무사 자격 보유자 우대근무지ㆍ본사(서울)



















접수기간 및 방법
ㆍ접수기간 : 상시채용
ㆍ접수방법 : 당사 채용 홈페이지 온라인 입사지원













기타사항
ㆍ부문 미선택 지원을 하신 경우 지원 내용과 적합한 부문에 결원 발생 시 인사담당자가 추천 안내를 드립니다.






 ㆍ자세한 상세요강은 반드시 채용 홈페이지에서 직접 확인해 주시기 바랍니다.


"	[]	모집분야   .   모집인원   ○명   급여   회사 내규에 따름   근무지주소   서울 송파구 법원로6길 11 (문정동, 환인빌딩)    인근지하철	신입·경력, 대졸↑, 서울 송파구	"{'basic_info': {'산업': '완제 의약품 제조업', '사원수': '664명 | (2026.03.31)', '기업구분': '중견기업', '설립일': '1982.12.16 | (45년차)', '자본금': '97억원3만원 | (2025.12.31)', '매출액': '2,547억 1천만원 | (2025.12.31)', '대표자': '이광식/이원범', '대졸초임': '4,240만원', '주요사업': '의약품(신경정신질환치료제,소화기관용약제,연고) 제조,도매', '4대보험': '건강보험, 고용보험, 산재보험', '홈페이지': 'http://www.whanin.com', '주소': '서울 송파구 새말로 117 (문정동, 환인제약) 117', '계열사': '환인제약그룹 (주)비피도 앰브로비앤피(주) 애즈유(주)'}, 'financial': {'사업분석': {'current_value': None}, '매출액': {'current_value': '2,547억 1천만원'}, '영업이익': {'current_value': '147억 3백만원'}, '당기순이익': {'current_value': '138억 2천만원'}, '산업 내 위치': {'current_value': None}, '기업등급': {'current_value': None}, '동종업계 순위': {'current_value': None}}, 'history': [{'year': '2024', 'month': '09', 'events': ['(주)비피도 30% 지분취득']}, {'year': '2022', 'month': '04', 'events': ['(주)마니커 건물 및 토지 양수도 취득 완료']}, {'year': '2022', 'month': '03', 'events': ['한국얀센공장 양수도 취득 완료']}, {'year': '2022', 'month': '02', 'events': ['(주)마니커 건물 및 토지 양수도 계약 체결']}, {'year': '2020', 'month': '11', 'events': ['한국얀센공장 양수도 계약 체결']}, {'year': '2020', 'month': '03', 'events': ['애즈유(주) 설립  및 종속회사 편입', ""헝가리 Gedeon Richter사 조현병치료제 '카리프라진' 국내 도입독점계약 체결""]}, {'year': '2019', 'month': '08', 'events': ['GSK 한국법인과 신경과 의약품 4개(리큅외) 브랜드 전략적 제휴 체결']}, {'year': '2019', 'month': '01', 'events': ['앰브로비앤피(주) 자회사편입']}, {'year': '2018', 'month': '02', 'events': [""뇌전증 신약 '제비닉스' 국내 독점 라이선스 계약 체결""]}, {'year': '2017', 'month': '11', 'events': ['본점소재지 변동: 서울특별시 송파구 법원로 6길 11 (문정동, 환인빌딩)']}, {'year': '2017', 'month': '05', 'events': [""특허권 취득- '유당 불내성 환자에게 투여가 가능하며, 복용편의성이 향상된 게피티니브를 함유하는 약제학적 조성물'""]}, {'year': '2015', 'month': '12', 'events': ['본사 사옥 신축에 따른 신규 시설투자 결정']}, {'year': '2013', 'month': '07', 'events': [""'천궁 및 종대황의 혼합 생약 추출물을 함유하는 호흡기질환의 예방 또는 치료용 조성물' 특허권 취득""]}, {'year': '2012', 'month': '12', 'events': ['타법인 주식 및 출자증권 처분결정']}, {'year': '2012', 'month': '03', 'events': ['대표이사 변경: 이광식 -> 이광식, 이원범(각자대표)']}, {'year': '2008', 'month': '01', 'events': ['중앙연구소 이전 (안성 -> 수원 영통구)']}, {'year': '2007', 'month': '10', 'events': ['리페리돈 3mg 신제품 출시']}, {'year': '2007', 'month': '01', 'events': ['뉴렙톨정 800mg 신제품 출시']}, {'year': '2006', 'month': '10', 'events': ['토피라트 25mg 신제품 출시']}, {'year': '2006', 'month': '07', 'events': ['안성공장 Renovation 완료']}, {'year': '2006', 'month': '04', 'events': ['졸피람정 10mg 신제품 출시']}, {'year': '2006', 'month': '03', 'events': ['니펠에스알정 30mg, 카디아핀정 10mg 신제품 출시']}, {'year': '2006', 'month': '01', 'events': ['메타데이트 CD 10mg/30mg, 토피라트정 100mg 신제품 출시']}, {'year': '2005', 'month': '04', 'events': ['상황버섯 균사체 배양 시설 준공']}, {'year': '2003', 'month': '11', 'events': ['채무부 존재 확인 소송제기']}, {'year': '2003', 'month': '07', 'events': ['스페인Grupo Vita사의 리스페리돈을 독점적원료공급계약 품목허가및출시']}, {'year': '2002', 'month': '04', 'events': ['국내 최초 액상 파모스틴 주사액 발매']}, {'year': '2002', 'month': '03', 'events': ['KGMP 우수업소 선정(경인지방식약청)']}, {'year': '2001', 'month': '08', 'events': ['무차입경영기업 진입']}, {'year': '2000', 'month': '11', 'events': ['신노사문화 우수기업 선정(노동부)']}, {'year': '1997', 'month': '06', 'events': ['환인제약 중앙연구소 준공']}, {'year': '1996', 'month': '07', 'events': ['기업공개 및 상장(1주당 13,500원)']}, {'year': '1994', 'month': '10', 'events': ['환인제약 중앙연구소 설립(과학기술처)']}, {'year': '1994', 'month': '09', 'events': ['장외시장등록(증권업 협회)']}, {'year': '1991', 'month': '10', 'events': ['무역업 신고(의약품 수출입 허가)']}, {'year': '1991', 'month': '07', 'events': ['연구개발전담부서인 제제 연구실 설치']}, {'year': '1990', 'month': '05', 'events': ['유가증권 발행인 등록']}, {'year': '1989', 'month': '10', 'events': ['K.G.M.P 적격판정획득']}, {'year': '1988', 'month': '01', 'events': ['경기 안성군 K.G.M.P 공장 완공']}, {'year': '1987', 'month': '12', 'events': ['경기 안성군 K.G.M.P 공장 신축 준공']}, {'year': '1982', 'month': '12', 'events': ['법인 전환 및 상호 변경 : 환인제약(주)']}, {'year': '1978', 'month': '11', 'events': ['대표자 변경 : 이광식']}, {'year': '1957', 'month': '07', 'events': ['환인제약소 창업(제약허가취득)']}], 'employment': {'recruitments': []}, 'benefits': {}, 'location': {'address': '서울 송파구 새말로 117 (문정동, 환인제약) 117', 'map_url': 'https://maps.naver.com/?mapMode=0&dlevel=12&pinTitle=%ed%99%98%ec%9d%b8%ec%a0%9c%ec%95%bd&lat=37.4830852569732&lng=127.127183729704'}}"	https://www.jobkorea.co.kr/Recruit/GI_Read_Comt_Ifrm?Gno=49357993	상시채용
환인제약	상시 인재pool 등록(IT 지원)	['.']	"




환인제약


상시 인재pool 등록(IT 지원)












포지션 및 자격요건







IT 지원 







경력구분ㆍ신입/경력담당업무ㆍ내부 업무 시스템 개발 및 운영ㆍWeb 개발 (Java, Jsp, Spring, Oracle, Python)자격요건ㆍ4년제 대학(이상) 졸업자우대사항ㆍ오라클 ERP 업무 관련 개발 경험자 우대ㆍRPA S/W 개발 경험자 우대근무지ㆍ본사(서울)



















접수기간 및 방법
ㆍ접수기간 : 상시채용
ㆍ접수방법 : 당사 채용 홈페이지 온라인 입사지원













기타사항
ㆍ부문 미선택 지원을 하신 경우 지원 내용과 적합한 부문에 결원 발생 시 인사담당자가 추천 안내를 드립니다.






 ㆍ자세한 상세요강은 반드시 채용 홈페이지에서 직접 확인해 주시기 바랍니다.


"	[]	모집분야   .   모집인원   ○명   급여   회사 내규에 따름   근무지주소   서울 송파구 법원로6길 11 (문정동, 환인빌딩)    인근지하철	신입·경력, 대졸↑, 서울 송파구	"{'basic_info': {'산업': '완제 의약품 제조업', '사원수': '664명 | (2026.03.31)', '기업구분': '중견기업', '설립일': '1982.12.16 | (45년차)', '자본금': '97억원3만원 | (2025.12.31)', '매출액': '2,547억 1천만원 | (2025.12.31)', '대표자': '이광식/이원범', '대졸초임': '4,240만원', '주요사업': '의약품(신경정신질환치료제,소화기관용약제,연고) 제조,도매', '4대보험': '건강보험, 고용보험, 산재보험', '홈페이지': 'http://www.whanin.com', '주소': '서울 송파구 새말로 117 (문정동, 환인제약) 117', '계열사': '환인제약그룹 (주)비피도 앰브로비앤피(주) 애즈유(주)'}, 'financial': {'사업분석': {'current_value': None}, '매출액': {'current_value': '2,547억 1천만원'}, '영업이익': {'current_value': '147억 3백만원'}, '당기순이익': {'current_value': '138억 2천만원'}, '산업 내 위치': {'current_value': None}, '기업등급': {'current_value': None}, '동종업계 순위': {'current_value': None}}, 'history': [{'year': '2024', 'month': '09', 'events': ['(주)비피도 30% 지분취득']}, {'year': '2022', 'month': '04', 'events': ['(주)마니커 건물 및 토지 양수도 취득 완료']}, {'year': '2022', 'month': '03', 'events': ['한국얀센공장 양수도 취득 완료']}, {'year': '2022', 'month': '02', 'events': ['(주)마니커 건물 및 토지 양수도 계약 체결']}, {'year': '2020', 'month': '11', 'events': ['한국얀센공장 양수도 계약 체결']}, {'year': '2020', 'month': '03', 'events': ['애즈유(주) 설립  및 종속회사 편입', ""헝가리 Gedeon Richter사 조현병치료제 '카리프라진' 국내 도입독점계약 체결""]}, {'year': '2019', 'month': '08', 'events': ['GSK 한국법인과 신경과 의약품 4개(리큅외) 브랜드 전략적 제휴 체결']}, {'year': '2019', 'month': '01', 'events': ['앰브로비앤피(주) 자회사편입']}, {'year': '2018', 'month': '02', 'events': [""뇌전증 신약 '제비닉스' 국내 독점 라이선스 계약 체결""]}, {'year': '2017', 'month': '11', 'events': ['본점소재지 변동: 서울특별시 송파구 법원로 6길 11 (문정동, 환인빌딩)']}, {'year': '2017', 'month': '05', 'events': [""특허권 취득- '유당 불내성 환자에게 투여가 가능하며, 복용편의성이 향상된 게피티니브를 함유하는 약제학적 조성물'""]}, {'year': '2015', 'month': '12', 'events': ['본사 사옥 신축에 따른 신규 시설투자 결정']}, {'year': '2013', 'month': '07', 'events': [""'천궁 및 종대황의 혼합 생약 추출물을 함유하는 호흡기질환의 예방 또는 치료용 조성물' 특허권 취득""]}, {'year': '2012', 'month': '12', 'events': ['타법인 주식 및 출자증권 처분결정']}, {'year': '2012', 'month': '03', 'events': ['대표이사 변경: 이광식 -> 이광식, 이원범(각자대표)']}, {'year': '2008', 'month': '01', 'events': ['중앙연구소 이전 (안성 -> 수원 영통구)']}, {'year': '2007', 'month': '10', 'events': ['리페리돈 3mg 신제품 출시']}, {'year': '2007', 'month': '01', 'events': ['뉴렙톨정 800mg 신제품 출시']}, {'year': '2006', 'month': '10', 'events': ['토피라트 25mg 신제품 출시']}, {'year': '2006', 'month': '07', 'events': ['안성공장 Renovation 완료']}, {'year': '2006', 'month': '04', 'events': ['졸피람정 10mg 신제품 출시']}, {'year': '2006', 'month': '03', 'events': ['니펠에스알정 30mg, 카디아핀정 10mg 신제품 출시']}, {'year': '2006', 'month': '01', 'events': ['메타데이트 CD 10mg/30mg, 토피라트정 100mg 신제품 출시']}, {'year': '2005', 'month': '04', 'events': ['상황버섯 균사체 배양 시설 준공']}, {'year': '2003', 'month': '11', 'events': ['채무부 존재 확인 소송제기']}, {'year': '2003', 'month': '07', 'events': ['스페인Grupo Vita사의 리스페리돈을 독점적원료공급계약 품목허가및출시']}, {'year': '2002', 'month': '04', 'events': ['국내 최초 액상 파모스틴 주사액 발매']}, {'year': '2002', 'month': '03', 'events': ['KGMP 우수업소 선정(경인지방식약청)']}, {'year': '2001', 'month': '08', 'events': ['무차입경영기업 진입']}, {'year': '2000', 'month': '11', 'events': ['신노사문화 우수기업 선정(노동부)']}, {'year': '1997', 'month': '06', 'events': ['환인제약 중앙연구소 준공']}, {'year': '1996', 'month': '07', 'events': ['기업공개 및 상장(1주당 13,500원)']}, {'year': '1994', 'month': '10', 'events': ['환인제약 중앙연구소 설립(과학기술처)']}, {'year': '1994', 'month': '09', 'events': ['장외시장등록(증권업 협회)']}, {'year': '1991', 'month': '10', 'events': ['무역업 신고(의약품 수출입 허가)']}, {'year': '1991', 'month': '07', 'events': ['연구개발전담부서인 제제 연구실 설치']}, {'year': '1990', 'month': '05', 'events': ['유가증권 발행인 등록']}, {'year': '1989', 'month': '10', 'events': ['K.G.M.P 적격판정획득']}, {'year': '1988', 'month': '01', 'events': ['경기 안성군 K.G.M.P 공장 완공']}, {'year': '1987', 'month': '12', 'events': ['경기 안성군 K.G.M.P 공장 신축 준공']}, {'year': '1982', 'month': '12', 'events': ['법인 전환 및 상호 변경 : 환인제약(주)']}, {'year': '1978', 'month': '11', 'events': ['대표자 변경 : 이광식']}, {'year': '1957', 'month': '07', 'events': ['환인제약소 창업(제약허가취득)']}], 'employment': {'recruitments': []}, 'benefits': {}, 'location': {'address': '서울 송파구 새말로 117 (문정동, 환인제약) 117', 'map_url': 'https://maps.naver.com/?mapMode=0&dlevel=12&pinTitle=%ed%99%98%ec%9d%b8%ec%a0%9c%ec%95%bd&lat=37.4830852569732&lng=127.127183729704'}}"	https://www.jobkorea.co.kr/Recruit/GI_Read_Comt_Ifrm?Gno=49357988	상시채용
환인제약	상시 인재pool 등록(영업기획)	['.']	"




환인제약


상시 인재pool 등록(영업기획)












포지션 및 자격요건







영업기획







경력구분 ㆍ경력담당업무ㆍ매출 실적 분석ㆍ영업전략 수립 및 기획 업무자격요건ㆍ4년제 대학(이상) 졸업자ㆍ제약회사 영업기획 경력 3년 이상우대사항ㆍ컴퓨터 활용능력 1급 보유자ㆍSAS 운영 가능자(Power BI 운영 가능자)ㆍIQVIA Data Processing 가능자근무지ㆍ본사(서울)



















접수기간 및 방법
ㆍ접수기간 : 상시채용
ㆍ접수방법 : 당사 채용 홈페이지 온라인 입사지원













기타사항
ㆍ부문 미선택 지원을 하신 경우 지원 내용과 적합한 부문에 결원 발생 시 인사담당자가 추천 안내를 드립니다.






 ㆍ자세한 상세요강은 반드시 채용 홈페이지에서 직접 확인해 주시기 바랍니다.


"	[]	모집분야   .   모집인원   ○명   급여   회사 내규에 따름   근무지주소   서울 송파구 법원로6길 11 (문정동, 환인빌딩)    인근지하철	경력, 대졸↑, 서울 송파구	"{'basic_info': {'산업': '완제 의약품 제조업', '사원수': '664명 | (2026.03.31)', '기업구분': '중견기업', '설립일': '1982.12.16 | (45년차)', '자본금': '97억원3만원 | (2025.12.31)', '매출액': '2,547억 1천만원 | (2025.12.31)', '대표자': '이광식/이원범', '대졸초임': '4,240만원', '주요사업': '의약품(신경정신질환치료제,소화기관용약제,연고) 제조,도매', '4대보험': '건강보험, 고용보험, 산재보험', '홈페이지': 'http://www.whanin.com', '주소': '서울 송파구 새말로 117 (문정동, 환인제약) 117', '계열사': '환인제약그룹 (주)비피도 앰브로비앤피(주) 애즈유(주)'}, 'financial': {'사업분석': {'current_value': None}, '매출액': {'current_value': '2,547억 1천만원'}, '영업이익': {'current_value': '147억 3백만원'}, '당기순이익': {'current_value': '138억 2천만원'}, '산업 내 위치': {'current_value': None}, '기업등급': {'current_value': None}, '동종업계 순위': {'current_value': None}}, 'history': [{'year': '2024', 'month': '09', 'events': ['(주)비피도 30% 지분취득']}, {'year': '2022', 'month': '04', 'events': ['(주)마니커 건물 및 토지 양수도 취득 완료']}, {'year': '2022', 'month': '03', 'events': ['한국얀센공장 양수도 취득 완료']}, {'year': '2022', 'month': '02', 'events': ['(주)마니커 건물 및 토지 양수도 계약 체결']}, {'year': '2020', 'month': '11', 'events': ['한국얀센공장 양수도 계약 체결']}, {'year': '2020', 'month': '03', 'events': ['애즈유(주) 설립  및 종속회사 편입', ""헝가리 Gedeon Richter사 조현병치료제 '카리프라진' 국내 도입독점계약 체결""]}, {'year': '2019', 'month': '08', 'events': ['GSK 한국법인과 신경과 의약품 4개(리큅외) 브랜드 전략적 제휴 체결']}, {'year': '2019', 'month': '01', 'events': ['앰브로비앤피(주) 자회사편입']}, {'year': '2018', 'month': '02', 'events': [""뇌전증 신약 '제비닉스' 국내 독점 라이선스 계약 체결""]}, {'year': '2017', 'month': '11', 'events': ['본점소재지 변동: 서울특별시 송파구 법원로 6길 11 (문정동, 환인빌딩)']}, {'year': '2017', 'month': '05', 'events': [""특허권 취득- '유당 불내성 환자에게 투여가 가능하며, 복용편의성이 향상된 게피티니브를 함유하는 약제학적 조성물'""]}, {'year': '2015', 'month': '12', 'events': ['본사 사옥 신축에 따른 신규 시설투자 결정']}, {'year': '2013', 'month': '07', 'events': [""'천궁 및 종대황의 혼합 생약 추출물을 함유하는 호흡기질환의 예방 또는 치료용 조성물' 특허권 취득""]}, {'year': '2012', 'month': '12', 'events': ['타법인 주식 및 출자증권 처분결정']}, {'year': '2012', 'month': '03', 'events': ['대표이사 변경: 이광식 -> 이광식, 이원범(각자대표)']}, {'year': '2008', 'month': '01', 'events': ['중앙연구소 이전 (안성 -> 수원 영통구)']}, {'year': '2007', 'month': '10', 'events': ['리페리돈 3mg 신제품 출시']}, {'year': '2007', 'month': '01', 'events': ['뉴렙톨정 800mg 신제품 출시']}, {'year': '2006', 'month': '10', 'events': ['토피라트 25mg 신제품 출시']}, {'year': '2006', 'month': '07', 'events': ['안성공장 Renovation 완료']}, {'year': '2006', 'month': '04', 'events': ['졸피람정 10mg 신제품 출시']}, {'year': '2006', 'month': '03', 'events': ['니펠에스알정 30mg, 카디아핀정 10mg 신제품 출시']}, {'year': '2006', 'month': '01', 'events': ['메타데이트 CD 10mg/30mg, 토피라트정 100mg 신제품 출시']}, {'year': '2005', 'month': '04', 'events': ['상황버섯 균사체 배양 시설 준공']}, {'year': '2003', 'month': '11', 'events': ['채무부 존재 확인 소송제기']}, {'year': '2003', 'month': '07', 'events': ['스페인Grupo Vita사의 리스페리돈을 독점적원료공급계약 품목허가및출시']}, {'year': '2002', 'month': '04', 'events': ['국내 최초 액상 파모스틴 주사액 발매']}, {'year': '2002', 'month': '03', 'events': ['KGMP 우수업소 선정(경인지방식약청)']}, {'year': '2001', 'month': '08', 'events': ['무차입경영기업 진입']}, {'year': '2000', 'month': '11', 'events': ['신노사문화 우수기업 선정(노동부)']}, {'year': '1997', 'month': '06', 'events': ['환인제약 중앙연구소 준공']}, {'year': '1996', 'month': '07', 'events': ['기업공개 및 상장(1주당 13,500원)']}, {'year': '1994', 'month': '10', 'events': ['환인제약 중앙연구소 설립(과학기술처)']}, {'year': '1994', 'month': '09', 'events': ['장외시장등록(증권업 협회)']}, {'year': '1991', 'month': '10', 'events': ['무역업 신고(의약품 수출입 허가)']}, {'year': '1991', 'month': '07', 'events': ['연구개발전담부서인 제제 연구실 설치']}, {'year': '1990', 'month': '05', 'events': ['유가증권 발행인 등록']}, {'year': '1989', 'month': '10', 'events': ['K.G.M.P 적격판정획득']}, {'year': '1988', 'month': '01', 'events': ['경기 안성군 K.G.M.P 공장 완공']}, {'year': '1987', 'month': '12', 'events': ['경기 안성군 K.G.M.P 공장 신축 준공']}, {'year': '1982', 'month': '12', 'events': ['법인 전환 및 상호 변경 : 환인제약(주)']}, {'year': '1978', 'month': '11', 'events': ['대표자 변경 : 이광식']}, {'year': '1957', 'month': '07', 'events': ['환인제약소 창업(제약허가취득)']}], 'employment': {'recruitments': []}, 'benefits': {}, 'location': {'address': '서울 송파구 새말로 117 (문정동, 환인제약) 117', 'map_url': 'https://maps.naver.com/?mapMode=0&dlevel=12&pinTitle=%ed%99%98%ec%9d%b8%ec%a0%9c%ec%95%bd&lat=37.4830852569732&lng=127.127183729704'}}"	https://www.jobkorea.co.kr/Recruit/GI_Read_Comt_Ifrm?Gno=49357969	상시채용
㈜화이트스캔	[유니티(UNITY) 개발자] 디지털트윈 경력직 채용	['디지털트윈', '유니티', 'UNITY', '개발자']	 	['https://whitescan.com/images/_jobkorea_always.png']	모집분야   디지털트윈 유니티 UNITY 개발자   모집인원   ○○명   고용형태   정규직   (수습 3개월)   급여   회사 내규에 따름 (면접 후 결정)   근무시간   근무지주소   서울 용산구 한강대로 66 (한강로2가) 402호~406호 (한강로2가, 호반써밋 에이디션)   인근지하철   주5일(월~금)   09:00 ~ 18:00	경력, 초대졸↑, 서울 용산구, 정규직	{'basic_info': {'산업': '솔루션·SI·CRM·ERP', '기업구분': '벤처기업', '설립일': '2016.04.18 | (11년차)', '대표자': '안은희', '주요사업': '빅데이터/AI 플랫폼', '4대보험': '국민연금, 건강보험, 고용보험, 산재보험', '홈페이지': 'https://whitescan.com', '주소': '서울 용산구 한강대로 66 (한강로2가) 402호~406호 (한강로2가, 호반써밋 에이디션)'}, 'financial': {}, 'history': [], 'employment': {'recruitments': []}, 'benefits': {'연금·보험': ['국민연금', '고용보험', '산재보험', '건강보험', '퇴직연금'], '휴무·휴가·행사': ['주5일제', '연차제도', '월차제도', '경조휴가', '반차제도', '포상휴가', '출산휴가', '노동절 휴무', '공휴일 휴무', '다양한 휴가제도', '반반차 제도', '생일 이벤트'], '보상·수당·지원': ['퇴직금', '경조금', '자기개발 지원', '명절선물/명절상여', '주차 지원', '야간교통비 지급', '도서 구입비 지원', '연차수당', '신입정착금'], '사내제도·성장': ['신입 사원 교육', '리더쉽강화교육', '교육/세미나/스터디', '님/닉네임 호칭', '수평적 문화', '자율복장'], '사내시설': ['휴식공간', '쾌적한 업무공간', '탕비실', '사내카페'], '편의·여가·건강': ['저녁 식사 지원', '음료/간식 제공']}, 'location': {'address': '서울 용산구 한강대로 66 (한강로2가) 402호~406호 (한강로2가, 호반써밋 에이디션)', 'map_url': 'https://maps.naver.com/?mapMode=0&dlevel=12&pinTitle=%e3%88%9c%ed%99%94%ec%9d%b4%ed%8a%b8%ec%8a%a4%ec%ba%94&lat=37.5263768730708&lng=126.965925046658'}}	https://www.jobkorea.co.kr/Recruit/GI_Read_Comt_Ifrm?Gno=49357855	2026.06.17(수)
F&F	디지털본부 비즈니스시스템 운영 개발 경력직 채용	['비즈니스시스템', '운영', '개발']	"




F&F


디지털본부비즈니스시스템 운영 개발 경력직 채용












포지션 및 자격요건







비즈니스시스템 운영 개발(담당급 이상)







담당업무
ㆍERP 및 다양한 사내 비즈니스 시스템 설계·개발·운영ㆍ현업 요구사항을 유연하고 견고한 코드로 구현ㆍ인하우스 유저 피드백 기반 완성도 높은 서비스 개발ㆍ장기적 확장 가능한 시스템 구축 및 유지보수 편의성 고려ㆍAI/AX 기술 및 바이브 코딩 활용한 생산성·완성도 향상
자격요건
ㆍ웹 애플리케이션 개발/운영 경력 1년 이상ㆍReact / Java / Oracle 풀스택 개발 가능ㆍReact 기반 프론트엔드 서비스 구축/운영 경험ㆍJava(Spring) 기반 백엔드 개발 및 운영 경험ㆍOracle 등 RDBMS 설계 및 SQL 활용 능숙ㆍAI 코딩 도구(Claude, Cursor 등) 및 바이브 코딩 적극 활용ㆍLLM API 연동 AI 기능 구현 경험 또는 깊은 관심ㆍHTML(5), CSS, JavaScript(ES6) 기초 지식 및 HTTP API 연동 경험

우대사항
ㆍ스트리밍 응답(SSE, WebSocket) 활용 실시간 AI 인터페이스 구현 경험ㆍVercel AI SDK 등 프론트엔드 중심 AI 통합 라이브러리 사용 경험ㆍ챗봇, AI 어시스턴트 등 대화형 UI 컴포넌트 설계·구현 경험ㆍv0, Bolt.new, Figma AI 등 Design-to-Code 툴 UI 생성 자동화 실무 적용 경험ㆍReact Native 개발 및 운영 경험ㆍ코드 구조 개선·최적화 리팩토링 경험ㆍ페어 코딩, 동료 코드 리뷰 등 협업 중심 개발 문화 경험ㆍTypeScript, Flow 등 정적 타입 분석 도구 운영 경험ㆍ주도적 문제 발견·분석 및 솔루션 제안 역량ㆍGit 등 분산 버전 관리 시스템 활용 능숙












기타사항ㆍ접수기간 : 2026. 06. 10 ~ 2026. 07. 05 23:59ㆍ접수방법 : 당사 채용 홈페이지 지원ㆍ자세한 상세요강은 반드시 채용 홈페이지에서 직접 확인해 주시기 바랍니다.   기업 채용 홈페이지 바로가기 click   


"	[]	모집분야   비즈니스시스템 운영 개발   모집인원   ○명   고용형태   정규직   (협의)   급여   회사 내규에 따름   근무지주소   서울 강남구 테헤란로8길 8 (역삼동) 	경력, 서울 강남구, 정규직	{'basic_info': {'산업': '섬유·의류·패션', '사원수': '576명 | ', '기업구분': '대기업', '설립일': '1992.08.27 | (35년차)', '자본금': '38억 3천만원 | (2025.12.31)', '매출액': '1조 8000억 | ', '대표자': '김창수', '대졸초임': '4,760만원', '주요사업': '기타 봉제의복 제조업', '4대보험': '국민연금, 건강보험, 고용보험, 산재보험', '홈페이지': 'https://fnf.recruiter.co.kr/', '주소': '서울 강남구 언주로 541 (역삼동, 에프앤에프사옥본관) 본관', '계열사': 'F&F그룹 (주)에프앤코 (주)F&F홀딩스 (주)엔에스에프 (주)이세아시아 (주)에프앤에프파트너스 (주)에프앤에프엔터테인먼트 (주)에프앤에프로지스틱스'}, 'financial': {'사업분석': {'current_value': None}, '매출액': {'current_value': '1조 6,946억원'}, '영업이익': {'current_value': '5,244억 5천만원'}, '당기순이익': {'current_value': '3,994억 8천만원'}, '산업 내 위치': {'current_value': None}, '기업등급': {'current_value': None}, '동종업계 순위': {'current_value': None}}, 'history': [], 'employment': {'recruitments': []}, 'benefits': {'연금·보험': ['국민연금', '고용보험', '산재보험', '건강보험'], '휴무·휴가·행사': ['주5일제', '연차제도', '월차제도', '반차제도', '리프레시 휴가', '출산휴가', '육아휴직', '워크샵/MT', '체육대회', '야유회'], '보상·수당·지원': ['퇴직금', '경조금', '인센티브', '자녀교육비', '차량유류비', '장기근속 포상', '가족 의료비 지원', '임직원 교육비', '자기개발 지원', '연월차제도수당', '직책수당', '장기근속수당', '도서 구입비 지원', '성과급', '복리후생 지원', '임직원 할인'], '사내제도·성장': ['신입 사원 교육', '직무능력향상교육', '리더쉽강화교육'], '사내시설': ['휴식공간', '카페테리아', '사내정원', '의무실', '주차장', '수면실', '여성전용휴게실', '흡연공간', '장애인용 주차장', '장애인용 승강기', '장애인용 화장실'], '편의·여가·건강': ['사내 동호회', '건강검진', '저녁 식사 지원', '아침 식사 지원']}, 'location': {'address': '서울 강남구 언주로 541 (역삼동, 에프앤에프사옥본관) 본관', 'map_url': 'https://maps.naver.com/?mapMode=0&dlevel=12&pinTitle=%e3%88%9c%ec%97%90%ed%94%84%ec%95%a4%ec%97%90%ed%94%84&lat=37.506227569847&lng=127.040445122735'}}	https://www.jobkorea.co.kr/Recruit/GI_Read_Comt_Ifrm?Gno=49357661	2026.07.05(일)채용 시 마감
F&F	디지털본부 AX TF 경력직 채용	['AX', 'TF']	"




F&F


디지털본부 AX TF 경력직 채용












포지션 및 자격요건







AX TF(대리급 이상)







담당업무
ㆍ사내 반복 업무·워크플로우 자동화 AI Agent 설계 및 구축ㆍLLM API, MCP, RAG 등 활용한 현업용 AI 도구·서비스 제작ㆍAI 활용 과제 발굴 및 PoC부터 사내 운영 적용까지 책임 리드ㆍMCP 서버 표준화, 에이전트 실행 환경, 메타데이터 관리 등 AI 자산 운영ㆍ전사가 지속 확장 가능한 AI 기반 구축
자격요건
ㆍ관련 경력 5년 이상ㆍAI 보조 도구(Claude Code, Cursor 등) 활용한 개발·업무 생산성 향상 경험ㆍLLM API, RAG, 프롬프트 엔지니어링, AI Agent 등 AI 기술 학습·실무 적용 경험ㆍPython, Node.js 등 자동화 도구·백엔드 서비스 개발 경험ㆍAPI 연동, 데이터 처리, 워크플로우 자동화 경험ㆍ현업 요구사항을 솔루션으로 구현한 경험ㆍ주도적인 업무 추진 및 책임감 있는 리딩

우대사항
ㆍMCP, LangChain, LangGraph 등 AI 통합 프레임워크 활용 또는     Agent 파이프라인 구성·운영 경험ㆍMulti-step 추론 및 Tool Use 활용 AI Agent 워크플로우 설계·구현·운영 경험ㆍLLM Gateway(LiteLLM, Cloudflare AI Gateway 등) 또는     AI 거버넌스 체계 구축·운영 경험ㆍ사내 생산성 도구·포털 기획 및 운영 경험ㆍ클라우드(AWS, GCP 등) 환경 개발 경험












기타사항ㆍ접수기간 : 2026. 06. 10 ~ 2026. 07. 05 23:59ㆍ접수방법 : 당사 채용 홈페이지 지원ㆍ자세한 상세요강은 반드시 채용 홈페이지에서 직접 확인해 주시기 바랍니다.   기업 채용 홈페이지 바로가기 click   


"	[]	모집분야   AX TF   모집인원   ○명   고용형태   정규직   (협의)   급여   회사 내규에 따름   근무지주소   서울 강남구 테헤란로8길 8 (역삼동) 	경력, 서울 강남구, 정규직	{'basic_info': {'산업': '섬유·의류·패션', '사원수': '576명 | ', '기업구분': '대기업', '설립일': '1992.08.27 | (35년차)', '자본금': '38억 3천만원 | (2025.12.31)', '매출액': '1조 8000억 | ', '대표자': '김창수', '대졸초임': '4,760만원', '주요사업': '기타 봉제의복 제조업', '4대보험': '국민연금, 건강보험, 고용보험, 산재보험', '홈페이지': 'https://fnf.recruiter.co.kr/', '주소': '서울 강남구 언주로 541 (역삼동, 에프앤에프사옥본관) 본관', '계열사': 'F&F그룹 (주)에프앤코 (주)F&F홀딩스 (주)엔에스에프 (주)이세아시아 (주)에프앤에프파트너스 (주)에프앤에프엔터테인먼트 (주)에프앤에프로지스틱스'}, 'financial': {'사업분석': {'current_value': None}, '매출액': {'current_value': '1조 6,946억원'}, '영업이익': {'current_value': '5,244억 5천만원'}, '당기순이익': {'current_value': '3,994억 8천만원'}, '산업 내 위치': {'current_value': None}, '기업등급': {'current_value': None}, '동종업계 순위': {'current_value': None}}, 'history': [], 'employment': {'recruitments': []}, 'benefits': {'연금·보험': ['국민연금', '고용보험', '산재보험', '건강보험'], '휴무·휴가·행사': ['주5일제', '연차제도', '월차제도', '반차제도', '리프레시 휴가', '출산휴가', '육아휴직', '워크샵/MT', '체육대회', '야유회'], '보상·수당·지원': ['퇴직금', '경조금', '인센티브', '자녀교육비', '차량유류비', '장기근속 포상', '가족 의료비 지원', '임직원 교육비', '자기개발 지원', '연월차제도수당', '직책수당', '장기근속수당', '도서 구입비 지원', '성과급', '복리후생 지원', '임직원 할인'], '사내제도·성장': ['신입 사원 교육', '직무능력향상교육', '리더쉽강화교육'], '사내시설': ['휴식공간', '카페테리아', '사내정원', '의무실', '주차장', '수면실', '여성전용휴게실', '흡연공간', '장애인용 주차장', '장애인용 승강기', '장애인용 화장실'], '편의·여가·건강': ['사내 동호회', '건강검진', '저녁 식사 지원', '아침 식사 지원']}, 'location': {'address': '서울 강남구 언주로 541 (역삼동, 에프앤에프사옥본관) 본관', 'map_url': 'https://maps.naver.com/?mapMode=0&dlevel=12&pinTitle=%e3%88%9c%ec%97%90%ed%94%84%ec%95%a4%ec%97%90%ed%94%84&lat=37.506227569847&lng=127.040445122735'}}	https://www.jobkorea.co.kr/Recruit/GI_Read_Comt_Ifrm?Gno=49357523	2026.07.05(일)채용 시 마감
㈜테크핀레이팅스	[신용평가사] AI전략 (5년 이상)	['AI전략']	  	['//file2.jobkorea.co.kr/Net/Mng/DownImage/CorpEditor?file_No=1593146']	모집분야   AI전략   모집인원   ○명   고용형태   정규직   (수습 3개월)   급여   회사 내규에 따름   근무시간   근무지주소   서울 중구 을지로 29 (을지로1가, 더존을지타워) 10층   인근지하철   주5일(월~금)   09:00 ~ 18:00	경력3년↑, 대졸↑, 서울 중구, 정규직	{'basic_info': {'산업': '그 외 기타 금융 지원 서비스업', '사원수': '42명 | ', '기업구분': '중견기업', '설립일': '2022.07.05 | (5년차)', '자본금': '- | ', '매출액': '- | ', '대표자': '옥형석', '대졸초임': '4,500만원', '주요사업': '금융서비스/매출채권 중개', '4대보험': '국민연금, 건강보험, 고용보험, 산재보험', '홈페이지': 'https://www.techfinratings.com/', '주소': '서울 중구 을지로 29 (을지로1가, 더존을지타워) 10층', '계열사': '더존ICT그룹 (주)키컴 (주)전자신문인터넷 (주)더존비즈온 (주)더존넥스트 (주)더존이엔에이치 (주)더존비앤에프 (주)비즈니스워치 (주)전자신문사 (주)휴앤락그룹 (주)택스워치 (주)더존비앤씨티 바이오테크이노밸리자산관리(주) 바이오테크이노밸리피에프브이(주)'}, 'financial': {'기업등급': {'current_value': None}}, 'history': [], 'employment': {'recruitments': []}, 'benefits': {'연금·보험': ['국민연금', '고용보험', '산재보험', '건강보험'], '휴무·휴가·행사': ['경조휴가'], '보상·수당·지원': ['경조금'], '사내시설': ['구내식당', '헬스시설', '카페테리아']}, 'location': {'address': '서울 중구 을지로 29 (을지로1가, 더존을지타워) 10층', 'map_url': 'https://maps.naver.com/?mapMode=0&dlevel=12&pinTitle=%e3%88%9c%ed%85%8c%ed%81%ac%ed%95%80%eb%a0%88%ec%9d%b4%ed%8c%85%ec%8a%a4&lat=37.5664966850631&lng=126.981048290218'}}	https://www.jobkorea.co.kr/Recruit/GI_Read_Comt_Ifrm?Gno=49357500	2026.07.31(금)
F&F	디지털본부 프론트엔드 개발 경력직 채용	['프론트엔드', '개발']	"




F&F


디지털본부 프론트엔드 개발 경력직 채용












포지션 및 자격요건







프론트엔드 개발(대리급 이상)







담당업무
ㆍ다양한 요구사항을 유연하고 견고한 코드로 구현ㆍ인하우스 유저들의 빠르고 정확한 피드백으로 완성도 높은 서비스 개발ㆍ장기적으로 확장 가능한 시스템 구축 및 유지보수 편의성 고려

자격요건
ㆍReact 기반 서비스 구축/운영 경력 5년 이상ㆍAI 코딩 도구를 활용한 개발 생산성 향상 경험ㆍ웹 애플리케이션 개발/운영 경력 3년 이상 또는 준하는 역량ㆍHTML(5), CSS, JavaScript(ES6) 탄탄한 기초 지식ㆍTypeScript 개발 및 운영 경험ㆍHTTP API 연동 경험ㆍLLM API 연동 경험 또는 AI 기능 포함 UI/UX 구현에 대한 관심

우대사항
ㆍ스트리밍 응답(SSE, WebSocket) 활용 실시간 AI 인터페이스 구현 경험ㆍVercel AI SDK 등 프론트엔드 중심 AI 통합 라이브러리 사용 경험ㆍ챗봇, AI 어시스턴트 등 대화형 UI 컴포넌트 설계·구현 경험ㆍv0, Bolt.new, Figma AI 등 Design-to-Code 툴 UI 생성 자동화 실무 적용 경험ㆍReact Native 개발 및 운영 경험ㆍ코드 구조 개선·최적화 리팩토링 경험ㆍ페어 코딩, 동료 코드 리뷰 등 협업 중심 개발 문화 경험ㆍTypeScript, Flow 등 정적 타입 분석 도구 운영 경험ㆍ주도적 문제 발견·분석 및 솔루션 제안 역량ㆍGit 등 분산 버전 관리 시스템 활용 능숙












기타사항ㆍ접수기간 : 2026. 06. 10 ~ 2026. 07. 05 23:59ㆍ접수방법 : 당사 채용 홈페이지 지원ㆍ자세한 상세요강은 반드시 채용 홈페이지에서 직접 확인해 주시기 바랍니다.   기업 채용 홈페이지 바로가기 click   


"	[]	모집분야   프론트엔드 개발   모집인원   ○명   고용형태   정규직   (협의)   급여   회사 내규에 따름   근무지주소   서울 강남구 테헤란로8길 8 (역삼동) 	경력, 서울 강남구, 정규직	{'basic_info': {'산업': '섬유·의류·패션', '사원수': '576명 | ', '기업구분': '대기업', '설립일': '1992.08.27 | (35년차)', '자본금': '38억 3천만원 | (2025.12.31)', '매출액': '1조 8000억 | ', '대표자': '김창수', '대졸초임': '4,760만원', '주요사업': '기타 봉제의복 제조업', '4대보험': '국민연금, 건강보험, 고용보험, 산재보험', '홈페이지': 'https://fnf.recruiter.co.kr/', '주소': '서울 강남구 언주로 541 (역삼동, 에프앤에프사옥본관) 본관', '계열사': 'F&F그룹 (주)에프앤코 (주)F&F홀딩스 (주)엔에스에프 (주)이세아시아 (주)에프앤에프파트너스 (주)에프앤에프엔터테인먼트 (주)에프앤에프로지스틱스'}, 'financial': {'사업분석': {'current_value': None}, '매출액': {'current_value': '1조 6,946억원'}, '영업이익': {'current_value': '5,244억 5천만원'}, '당기순이익': {'current_value': '3,994억 8천만원'}, '산업 내 위치': {'current_value': None}, '기업등급': {'current_value': None}, '동종업계 순위': {'current_value': None}}, 'history': [], 'employment': {'recruitments': []}, 'benefits': {'연금·보험': ['국민연금', '고용보험', '산재보험', '건강보험'], '휴무·휴가·행사': ['주5일제', '연차제도', '월차제도', '반차제도', '리프레시 휴가', '출산휴가', '육아휴직', '워크샵/MT', '체육대회', '야유회'], '보상·수당·지원': ['퇴직금', '경조금', '인센티브', '자녀교육비', '차량유류비', '장기근속 포상', '가족 의료비 지원', '임직원 교육비', '자기개발 지원', '연월차제도수당', '직책수당', '장기근속수당', '도서 구입비 지원', '성과급', '복리후생 지원', '임직원 할인'], '사내제도·성장': ['신입 사원 교육', '직무능력향상교육', '리더쉽강화교육'], '사내시설': ['휴식공간', '카페테리아', '사내정원', '의무실', '주차장', '수면실', '여성전용휴게실', '흡연공간', '장애인용 주차장', '장애인용 승강기', '장애인용 화장실'], '편의·여가·건강': ['사내 동호회', '건강검진', '저녁 식사 지원', '아침 식사 지원']}, 'location': {'address': '서울 강남구 언주로 541 (역삼동, 에프앤에프사옥본관) 본관', 'map_url': 'https://maps.naver.com/?mapMode=0&dlevel=12&pinTitle=%e3%88%9c%ec%97%90%ed%94%84%ec%95%a4%ec%97%90%ed%94%84&lat=37.506227569847&lng=127.040445122735'}}	https://www.jobkorea.co.kr/Recruit/GI_Read_Comt_Ifrm?Gno=49357204	2026.07.05(일)채용 시 마감
보고정보시스템	상담업무 U2L  개발자 모집	['상담업무', 'U2L']	"




보고정보시스템


상담업무 U2L  개발자 모집




IBM, 삼성 SDS, LG EDS등 국내 우수의 SI업체들과 제휴하여 공공, 제조, 서비스, T금융, 
SOC, 국방, 응용시스템 등 사회 각요소에 최적의 Solution으로 최상의 System을 제공하고
 있습니다. 










포지션 및 자격요건







상담업무 U2L ( 1명 ) 







담당업무
ㆍ상담업무 U2L


스킬
ㆍC, C++, JAVA

자격요건
ㆍ학력 : 초대졸이상
ㆍ경력 : 경력10년↑. 넷스루 솔루션 구축/운영 경험 또는 ""금융권 통계/로그분석 솔루션 운영 경험자. C/C++ 분석설계 고급, 소스 분석 및 설계 가능자. 컴파일 및 빌드 가능자

우대사항
. 넷스루 솔루션 구축/운영 경험 또는 ""금융권 통계/로그분석 솔루션 운영 경험자. C/C++ 분석설계 고급, 소스 분석 및 설계 가능자. 컴파일 및 빌드 가능자















전형절차
ㆍ서류전형 > 1차면접 > 2차면접 > 임원면접 > 최종합격
ㆍ면접일정은 추후 통보됩니다.













유의사항
ㆍ허위사실이 발견될 경우 채용이 취소될 수 있습니다.









"	[]	모집분야   상담업무 U2L   모집인원   1명   고용형태   프리랜서      급여   회사 내규에 따름 (면접 후 결정)   근무시간   근무지주소   서울 중구 서소문로 127 (서소문동, 시청역2호선) 시청, 명동, 양재역 등   인근지하철   주5일(월~금)   09:00 ~ 18:00	경력10년↑, 초대졸↑, 서울 중구, 프리랜서	{'company_name': '보고정보시스템', 'founded': '설립 24년차', 'employee_count': '185명', 'company_type': '중소기업', 'revenue': '356억 원', 'reasons_to_join': ['구성원의 다양성을 존중하는 기업문화', '임직원의 업무 역량 성장을 적극적으로 지원', '규모 있는 프로젝트 수행으로 다양한 기술습득', '연봉인상률이 높고 임직원을 위한 다양한 복지혜택'], 'history': [{'year': '2020년', 'events': ['LG CNS Smart SMA 플랫폼 운영 _소셜빅데이터 분석']}, {'year': '2019년', 'events': ['대한민국 디지털 경영혁신 대상 수상', '국민은행 챗봇 시스템 구축_대화모델 구축']}, {'year': '2018년', 'events': ['GS 건설 최적 공정제어 솔루션 개발', 'KT 협력업체, LG CNS Prime Partner 사 선정']}, {'year': '2017년', 'events': ['고용노동부 청년친화 강소기업']}, {'year': '2016년', 'events': ['KTDS 협력사 선정']}, {'year': '2014년', 'events': ['한국산업인력공단 재직자 일학습병행제 참여 기업']}, {'year': '2010년', 'events': ['기술보증기금 A+ Member 선정']}, {'year': '2009년', 'events': ['기업부설 연구소 설립']}, {'year': '2007년', 'events': ['LG CNS 우수협력업체 선정 수상']}, {'year': '2000년', 'events': ['정보통신부 장관상 수상 (중소기업청 협력 ERP 지원사업 최우수상)']}, {'year': '1998년', 'events': ['보고정보시스템㈜ 설립']}], 'benefits': [{'title': '경조회 운영', 'description': '각종 경조사 발생 시 경조금과 휴가 지원'}, {'title': '포상 제도', 'description': '10년 근속 시 선물과 휴가 지급, 매년 우수사원 표창 및 포상'}, {'title': '명절 선물', 'description': '설과 추석에 상품권 지급'}, {'title': '휴양소제공', 'description': '제주/여수/속초 휴양소, 콘도, 리조트 이용 가능'}, {'title': '기숙사 운영', 'description': '장거리 출퇴근자를 위한 기숙사 운영'}, {'title': '건강검진', 'description': '전 직원 연 1회 건강검진 지원'}, {'title': '기타지원', 'description': '연2회 워크숍, 월1회 1인당 30,000원 회식비 지원'}], 'talents': [{'type': '기여', 'description': '맡은 일에 최선을 다하여 기업의 성장과 고객 사업 성공에 기여하는 인재'}, {'type': '성장', 'description': '노력과 열정으로 끊임없이 성장하고 이를 통해 기업을 발전시키는 인재'}, {'type': '성실', 'description': '모든 일에 책임감을 갖고 성실한 태도로 임하는 인재'}], 'recruit_process': [{'step': '01', 'name': '서류전형'}, {'step': '02', 'name': '1차 면접'}, {'step': '03', 'name': '2차 적성검사'}, {'step': '04', 'name': '입사'}], 'jobs': [], 'address': '서울시 금천구 벚꽃로 286. 508호 (가산동 60-15, 리더스타워)', 'website': 'www.bogois.co.kr', 'phone': '02-6283-1800~1881'}	https://www.jobkorea.co.kr/Recruit/GI_Read_Comt_Ifrm?Gno=49357150	2026.06.26(금)
한국비앤에스시스템(주)	금융 수신,여신,외환 개발자 모집(Java, ProC, Proframe)	['금융권', '수신/여신/외환', '개발자']	"





한국비앤에스시스템(주)


금융 수신/여신/외환 개발자 모집(Java, Pro*C, Proframe)




한국비앤에스시스템(주)는 2014년에 설립된 회사로 자본금 1억 2,000만원, 매출액 19억, 사원수 11명 규모의 중소기업입니다. 서울 금천구 가산디지털1로 205  (가산동)에 위치하고 있으며, 차세대구축(JAVA), 정보계(DW)구축, 데이터전환, 차세대ISP컨설팅, SI, SM사업을 하고 있습니다.







포지션 및 자격요건







금융권 수신/여신/외환 자바 개발자 ( ○○명 ) 







담당업무ㆍ워드 프로필 첨부 필수 (프로필 內 희망단가 및 투입가능 월 표기 필수 ) 
ㆍ금융권 수신/여신/외환 개발자 모집 (Java, Pro*C, Proframe) ㆍ모집인력: 고급/중급/초급 각 0명ㆍ투입기간: 2026.10 ~ 24개월이상 (역할/등급에 따라 투입월이 다를 수 있음) ㆍ근무장소: 서울시 강서구 화곡동 (가양역 8번출구에서 500미터)ㆍ금융권 개발경험 필수이며 가급적 경험이 많으신분 우선 지원예정입니다. 

스킬
ㆍJAVA

자격요건
ㆍ학력 : 대졸이상
ㆍ경력 : 경력




















전형절차
ㆍ서류전형 > 1차면접 > 최종합격
ㆍ면접일정은 추후 통보됩니다.













유의사항
ㆍ허위사실이 발견될 경우 채용이 취소될 수 있습니다.









"	[]	모집분야   금융권 수신/여신/외환 개발자   모집인원   ○○명   고용형태   프리랜서      직급/직책   급여   회사 내규에 따름 (면접 후 결정)   근무시간   근무지주소   서울 강서구 공항대로 390 (화곡동, 새마을금고아이티센터)    주5일(월~금)   09:00 ~ 18:00	경력, 대졸↑, 서울 강서구, 프리랜서, 주임~대리급 외	{'basic_info': {'산업': '솔루션·SI·CRM·ERP', '사원수': '11명 | ', '기업구분': '중소기업', '설립일': '2014.10.27 | (13년차)', '자본금': '1억 2,000만원 | ', '매출액': '19억 | ', '대표자': '박근대', '주요사업': '차세대구축(JAVA), 정보계(DW)구축, 데이터전환, 차세대ISP컨설팅, SI, SM', '4대보험': '국민연금, 건강보험, 고용보험, 산재보험', '홈페이지': 'http://www.kbns.co.kr', '주소': '서울 금천구 가산디지털1로 205  (가산동) 1303호'}, 'financial': {'매출액': {'current_value': '29억 2천만원'}, '영업이익': {'current_value': '1억 5,811만원'}, '당기순이익': {'current_value': '1억 3,703만원'}, '산업 내 위치': {'current_value': None}, '기업등급': {'current_value': None}, '총자산 증가율': {'current_value': '13억 6천만원'}}, 'history': [], 'employment': {'recruitments': []}, 'benefits': {'연금·보험': ['국민연금', '고용보험', '산재보험', '건강보험', '퇴직연금'], '휴무·휴가·행사': ['주5일제', '연차제도', '정기휴가', '포상휴가'], '보상·수당·지원': ['퇴직금', '경조금', '인센티브', '자기개발 지원']}, 'location': {'address': '서울 금천구 가산디지털1로 205  (가산동) 1303호', 'map_url': 'https://maps.naver.com/?mapMode=0&dlevel=12&pinTitle=%ed%95%9c%ea%b5%ad%eb%b9%84%ec%95%a4%ec%97%90%ec%8a%a4%ec%8b%9c%ec%8a%a4%ed%85%9c(%ec%a3%bc)&lat=37.4839340594047&lng=126.879581676644'}}	https://www.jobkorea.co.kr/Recruit/GI_Read_Comt_Ifrm?Gno=49356602	2026.07.11(토)채용 시 마감
㈜조인아이티	생보.운영개발/Java,exBuilder&마케팅관련or영업관리경험자/등 상세참조/.	['생명', '영업관리', '운영/개발']	"





㈜조인아이티


생보.운영개발/Java,exBuilder&마케팅관련or영업관리경험자/등 상세참조/.












포지션 및 자격요건







생명 영업관리 운영/개발 ( ○명 ) 







생보. 영업관리 운영/개발- 스킬: Java, exBuilder & 마케팅 관련 또는 영업관리 경험자- 기간: 6월말(or 7월부터) ~ 2027년6월말(이후 연장)- 장소: 여의도- 등급: 초급~중급(2명)- 비고: 경력증빙 제출, 근무시간(08;30~18:00), 점심시간(1시30분)

 ☞지원_성명_공고명_일반 워드이력서,SKILL INVENTORY,,,경력년수,경력증빙년수,단가,투입가능일,사업자여부, 부탁드립니다---.  bearhcw@naver.com  



















전형절차
ㆍ서류전형 > 1차면접 > 2차면접 > 임원면접 > 최종합격
ㆍ면접일정은 추후 통보됩니다.













유의사항
ㆍ허위사실이 발견될 경우 채용이 취소될 수 있습니다.









"	[]	모집분야   생명 영업관리 운영/개발   모집인원   ○명   고용형태   프리랜서      급여   회사 내규에 따름   근무시간   근무지주소   서울 영등포구 여의동로 343 (여의도동, 여의나루역)    인근지하철   주5일(월~금)   09:00 ~ 18:00	경력3년↑, 학력무관, 서울 영등포구, 프리랜서	{'basic_info': {'산업': '응용 소프트웨어 개발 및 공급업', '사원수': '18명 | (2023.03.16)', '기업구분': '중소기업', '설립일': '2007.04.17 | (20년차)', '자본금': '5,000만원 | (2023.12.31)', '매출액': '18억 8천만원 | (2023.12.31)', '대표자': '전준수', '주요사업': '소프트웨어개발,시스템운영및보수', '4대보험': '국민연금, 건강보험, 고용보험, 산재보험', '홈페이지': 'http://-', '주소': '경기 안양시 동안구 안양판교로 20 (관양동, 신한데뷰오피스텔) 812호'}, 'financial': {'매출액': {'current_value': '18억 8천만원'}, '영업이익': {'current_value': '190만원'}, '당기순이익': {'current_value': '496만원'}, '기업등급': {'current_value': None}}, 'history': [{'year': '2012', 'month': '04', 'events': ['회사 이전: 안양 관양동']}, {'year': '2009', 'month': '04', 'events': ['회사 이전: 서울 서초동']}, {'year': '2007', 'month': '12', 'events': ['정보관리실 데이터 운영관리']}, {'year': '2007', 'month': '10', 'events': ['KT BMS 시스템 용역(포스데이타)']}, {'year': '2007', 'month': '09', 'events': ['엔투지 물류시스템 개선(포스데이타)']}, {'year': '2007', 'month': '08', 'events': ['현대제철 일관제철 정보화 기본계획 수립(오토에버시스템즈)']}, {'year': '2007', 'month': '07', 'events': ['하나로텔레콤 코러스 성능개발 용역(포스데이타)']}, {'year': '2007', 'month': '05', 'events': ['현대하이스코 ADM운영 용역(오토에버시스템즈: 아토스 경유)', '한국자산관리공사 SM기술용역 계약(동양시스템즈)', '하나로텔레콤 OSS운영 용역 계약(포스데이타: 아토스 경유)', '엔투지 정보시스템 운영 용역(포스데이타: 아토스 경유)']}, {'year': '2007', 'month': '04', 'events': ['(주)조인아이티 설립']}], 'employment': {'recruitments': []}, 'benefits': {}, 'location': {'address': '경기 안양시 동안구 안양판교로 20 (관양동, 신한데뷰오피스텔) 812호', 'map_url': 'https://maps.naver.com/?mapMode=0&dlevel=12&pinTitle=%e3%88%9c%ec%a1%b0%ec%9d%b8%ec%95%84%ec%9d%b4%ed%8b%b0&lat=37.4002624921417&lng=126.978062751519'}}	https://www.jobkorea.co.kr/Recruit/GI_Read_Comt_Ifrm?Gno=49356429	2026.07.11(토)채용 시 마감
㈜조인아이티	생보.운영개발/Java,exBuilder&경험(장기보험,사고지급,사고조사/상세참조.	['생보', '클레임', '운영/개발']	"





㈜조인아이티


생보.운영개발/Java,exBuilder&경험(장기보험,사고지급,사고조사/상세참조.












포지션 및 자격요건







생보 클레임 운영/개발 ( ○명 ) 




생보. 클레임(사고지급) 운영/개발- 스킬: Java, exBuilder & 생보사 장기보험, 사고지급, 사고조사 경험자- 기간: 6월말(or 7월부터)  ~ 2027년6월말(이후 연장)- 장소: 여의도- 등급: 고급( 2명 )- 비고: 경력증빙 제출, 근무시간(08;30~18:00), 점심시간(1시간30분) ☞지원_성명_공고명_일반 워드이력서,SKILL INVENTORY,,,경력년수,경력증빙년수,단가,투입가능일,사업자여부, 부탁드립니다---.  bearhcw@naver.com  



















전형절차
ㆍ서류전형 > 1차면접 > 2차면접 > 임원면접 > 최종합격
ㆍ면접일정은 추후 통보됩니다.













유의사항
ㆍ허위사실이 발견될 경우 채용이 취소될 수 있습니다.









"	[]	모집분야   생보 클레임 운영/개발   모집인원   ○명   고용형태   프리랜서      급여   회사 내규에 따름   근무시간   근무지주소   서울 영등포구 여의동로 343 (여의도동, 여의나루역)    인근지하철   주5일(월~금)   09:00 ~ 18:00	경력9년↑, 학력무관, 서울 영등포구, 프리랜서	{'basic_info': {'산업': '응용 소프트웨어 개발 및 공급업', '사원수': '18명 | (2023.03.16)', '기업구분': '중소기업', '설립일': '2007.04.17 | (20년차)', '자본금': '5,000만원 | (2023.12.31)', '매출액': '18억 8천만원 | (2023.12.31)', '대표자': '전준수', '주요사업': '소프트웨어개발,시스템운영및보수', '4대보험': '국민연금, 건강보험, 고용보험, 산재보험', '홈페이지': 'http://-', '주소': '경기 안양시 동안구 안양판교로 20 (관양동, 신한데뷰오피스텔) 812호'}, 'financial': {'매출액': {'current_value': '18억 8천만원'}, '영업이익': {'current_value': '190만원'}, '당기순이익': {'current_value': '496만원'}, '기업등급': {'current_value': None}}, 'history': [{'year': '2012', 'month': '04', 'events': ['회사 이전: 안양 관양동']}, {'year': '2009', 'month': '04', 'events': ['회사 이전: 서울 서초동']}, {'year': '2007', 'month': '12', 'events': ['정보관리실 데이터 운영관리']}, {'year': '2007', 'month': '10', 'events': ['KT BMS 시스템 용역(포스데이타)']}, {'year': '2007', 'month': '09', 'events': ['엔투지 물류시스템 개선(포스데이타)']}, {'year': '2007', 'month': '08', 'events': ['현대제철 일관제철 정보화 기본계획 수립(오토에버시스템즈)']}, {'year': '2007', 'month': '07', 'events': ['하나로텔레콤 코러스 성능개발 용역(포스데이타)']}, {'year': '2007', 'month': '05', 'events': ['현대하이스코 ADM운영 용역(오토에버시스템즈: 아토스 경유)', '한국자산관리공사 SM기술용역 계약(동양시스템즈)', '하나로텔레콤 OSS운영 용역 계약(포스데이타: 아토스 경유)', '엔투지 정보시스템 운영 용역(포스데이타: 아토스 경유)']}, {'year': '2007', 'month': '04', 'events': ['(주)조인아이티 설립']}], 'employment': {'recruitments': []}, 'benefits': {}, 'location': {'address': '경기 안양시 동안구 안양판교로 20 (관양동, 신한데뷰오피스텔) 812호', 'map_url': 'https://maps.naver.com/?mapMode=0&dlevel=12&pinTitle=%e3%88%9c%ec%a1%b0%ec%9d%b8%ec%95%84%ec%9d%b4%ed%8b%b0&lat=37.4002624921417&lng=126.978062751519'}}	https://www.jobkorea.co.kr/Recruit/GI_Read_Comt_Ifrm?Gno=49356390	2026.07.11(토)채용 시 마감
㈜굿씽크	[[[이천/7월부터/React와 하이닉스경험자/ 고급3분/년말까지 이후연장]]]	['자바', 'react', 'vue', '리엑트']	"




㈜굿씽크

[[[이천/7월부터/React와 하이닉스경험자/ 고급3분/년말까지 이후연장]]]












포지션 및 자격요건







포지션 ( 고급3명 ) 


<ooooo React 개발 프로젝트>기간 : 7월부터 ~ 년말까지장소 : 경기도 이천기술 : React 코딩만 + 하이닉스 경험 필수. 이 조건 해당되면 인터뷰 없이도 가능.등급 : 고급2명-단가 : 3.3% 계약직 고급(680만원), 체제비 포함.  출퇴근가능, 곳곳에 셔틀뻐스   아래 이메일로 경력서 주시면 신속히 처리 됩니다.  jon@dareun.co.kr자격요건
ㆍ학력 : 전문대 2년 이상.

우대사항
ㆍ상세내용을 입력하세요
ㆍ상세내용을 입력하세요



















전형절차
ㆍ서류전형 > 1차면접  > 최종합격
ㆍ면접일정은 추후 통보됩니다.













유의사항
ㆍ허위사실이 발견될 경우 채용이 취소될 수 있습니다.









"	[]	모집분야   자바 react vue 리엑트   모집인원   3명   고용형태   계약직   (근무기간 7개월)   급여   월급 680~680만원   근무시간   근무지주소   서울 강서구 양천로 551-17 (가양동, 한화비즈메트로1차) A동 203호 한화비즈메트로1차   인근지하철   주5일(월~금)   09:00 ~ 18:00	경력9년↑, 초대졸↑, 서울 강서구, 계약직, 680만원 이상(월)	{'basic_info': {'산업': '시스템 소프트웨어 개발 및 공급업', '사원수': '16명 | (2022.06.28)', '기업구분': '중소기업', '설립일': '2014.08.13 | (13년차)', '자본금': '2억원 | (2025.12.31)', '매출액': '35억 4천만원 | (2025.12.31)', '대표자': '김은상', '주요사업': '시스템\u3000소프트웨어\u3000개발\u3000및\u3000공급업', '4대보험': '국민연금, 건강보험, 고용보험, 산재보험', '홈페이지': 'http://www.gdthink.co.kr', '주소': '서울 강서구 양천로 551-17 (가양동, 한화비즈메트로1차) A동 203호 한화비즈메트로1차'}, 'financial': {'매출액': {'current_value': '35억 4천만원'}, '영업이익': {'current_value': '8,418만원'}, '당기순이익': {'current_value': '1,087만원'}, '산업 내 위치': {'current_value': None}, '기업등급': {'current_value': None}, '동종업계 순위': {'current_value': None}}, 'history': [{'year': '2020', 'month': '01', 'events': ['경영혁신형 중소기업(Main-Biz) 등록']}, {'year': '2019', 'month': '01', 'events': ['본사사옥매입이전(가양동)']}, {'year': '2018', 'month': '01', 'events': ['자본금 증자(2억)']}, {'year': '2017', 'month': '01', 'events': ['사무실 확장 이전(가산동 KCC웰츠밸리)']}, {'year': '2016', 'month': '01', 'events': ['자본금 증자(5천만원)']}, {'year': '2015', 'month': '01', 'events': ['Think-HR v1.0 솔루션 출시(인사관리솔루션)']}, {'year': '2014', 'month': '01', 'events': ['소프트포유 HR 및 SI사업부 인수', '굿씽크 법인 설립(마포구 상수동)']}], 'employment': {'recruitments': []}, 'benefits': {}, 'location': {'address': '서울 강서구 양천로 551-17 (가양동, 한화비즈메트로1차) A동 203호 한화비즈메트로1차', 'map_url': 'https://maps.naver.com/?mapMode=0&dlevel=12&pinTitle=%e3%88%9c%ea%b5%bf%ec%94%bd%ed%81%ac&lat=37.5591552508388&lng=126.860991993399'}}	https://www.jobkorea.co.kr/Recruit/GI_Read_Comt_Ifrm?Gno=49355857	2026.07.11(토)
위쉬정보기술㈜	판교 SK Data포털 java웹시스템 개발	['판교', 'SK', 'Data포털', 'java웹시스템', '개발']	"

판교 SK Data포털 java웹시스템 개발

 

         모집분야 및 자격요건 모집부분담당업무자격요건모집인원SKData 포털- 위치 : 판교- 기간 : 4개월- 기술 :  java- 등급 : 5년이상 0명  



 





서류전형






실무자면접






임원면접






최종합격







 

- 이력서양식 : 잡코리아온라인 이력서, 지원자자유 이력서- 접수방법 : 잡코리아 온라인 채용시스템


 

- 이력서, 자기소개서 제출 - 최종합격 후 졸업증명서, 최종학교 전 학년 성적 증명서, 공인시험 및 기타 자격증 사본(소지자에 한함), 취업보호대상증명서(대상자에 한함) 제출



 

- 허위사실이 발견될 경우 채용이 취소될 수 있습니다.



 "	['http://i.jobkorea.kr/content/images/yocruit/yctr/gen/skin/blue/step_shape_7_light.gif?v4', 'http://i.jobkorea.kr/content/images/yocruit/yctr/gen/skin/blue/icn_shape_7.gif', 'http://i.jobkorea.kr/content/images/yocruit/yctr/gen/hd_doc.png', 'http://i.jobkorea.kr/content/images/yocruit/yctr/gen/icn_arr_step.png', 'http://i.jobkorea.kr/content/images/yocruit/yctr/gen/hd_step.png', 'http://i.jobkorea.kr/content/images/yocruit/yctr/gen/hd_req.png', 'http://i.jobkorea.kr/content/images/yocruit/yctr/gen/skin/blue/step_shape_7.gif?v4', 'http://i.jobkorea.kr/content/images/yocruit/yctr/gen/hd_how.png', 'http://i.jobkorea.kr/content/images/yocruit/yctr/gen/hd_guid.png']	모집분야   판교 SK Data포털 java웹시스템 개발   모집인원   ○○명   고용형태   정규직      ,    계약직   (협의)   ,    프리랜서   (협의)   급여   회사 내규에 따름 (면접 후 결정)   근무시간   근무지주소   서울 구로구 구로동 222-7 코오롱디지털타워 A동311호   인근지하철   주5일(월~금)	경력무관, 학력무관, 서울 구로구, 정규직 외	{'basic_info': {'산업': '응용 소프트웨어 개발 및 공급업', '사원수': '81명 | (200712)', '기업구분': '중소기업', '설립일': '2000.02.01 | (27년차)', '자본금': '5억원 | ', '매출액': '80억 | ', '대표자': '이종수', '주요사업': '소프트웨어 자문,개발,공급', '4대보험': '국민연금, 건강보험, 고용보험, 산재보험', '홈페이지': 'http://www.wishit.co.kr', '주소': '서울 구로구 구로동 222-7 코오롱디지털타워빌란트 1차 311호'}, 'financial': {'기업등급': {'current_value': None}}, 'history': [{'year': '2002', 'month': '01', 'events': ['국내 60여개 기업 ERP 구축사업']}, {'year': '2001', 'month': '04', 'events': ['중소기업청 중소기업 IT지원업체선정']}, {'year': '2000', 'month': '02', 'events': ['Wish-ERP Package 출시', '위쉬정보기술(주) 법인등록']}], 'employment': {'recruitments': []}, 'benefits': {'연금·보험': ['국민연금', '고용보험', '산재보험', '건강보험', '퇴직연금'], '보상·수당·지원': ['임직원 교육비', '자기개발 지원', '도서 구입비 지원'], '편의·여가·건강': ['건강검진']}, 'location': {'address': '서울 구로구 구로동 222-7 코오롱디지털타워빌란트 1차 311호', 'map_url': 'https://maps.naver.com/?mapMode=0&dlevel=12&pinTitle=%ec%9c%84%ec%89%ac%ec%a0%95%eb%b3%b4%ea%b8%b0%ec%88%a0%e3%88%9c&lat=37.483507960708&lng=126.896537167252'}}	https://www.jobkorea.co.kr/Recruit/GI_Read_Comt_Ifrm?Gno=49355580	2026.07.11(토)
위쉬정보기술㈜	명동 우리은행 AI Agent 구축 Python	['명동', '우리은행', 'AI', 'Agent구축', 'Python']	"

명동 우리은행 AI Agent 구축 Python

 

         모집분야 및 자격요건 모집부분담당업무자격요건모집인원우리은행AI Agent 개발- 근무지 : 명동- 기술 : Python, Google adk- 등급 : 1년 이상- 기간 : ~2027.07 0명   



 





서류전형






실무자면접






임원면접






최종합격







 

- 이력서양식 : 잡코리아온라인 이력서, 지원자자유 이력서- 접수방법 : 잡코리아 온라인 채용시스템


 

- 이력서, 자기소개서 제출 - 최종합격 후 졸업증명서, 최종학교 전 학년 성적 증명서, 공인시험 및 기타 자격증 사본(소지자에 한함), 취업보호대상증명서(대상자에 한함) 제출



 

- 허위사실이 발견될 경우 채용이 취소될 수 있습니다.



 "	['http://i.jobkorea.kr/content/images/yocruit/yctr/gen/skin/blue/step_shape_7_light.gif?v4', 'http://i.jobkorea.kr/content/images/yocruit/yctr/gen/skin/blue/icn_shape_7.gif', 'http://i.jobkorea.kr/content/images/yocruit/yctr/gen/hd_doc.png', 'http://i.jobkorea.kr/content/images/yocruit/yctr/gen/icn_arr_step.png', 'http://i.jobkorea.kr/content/images/yocruit/yctr/gen/hd_step.png', 'http://i.jobkorea.kr/content/images/yocruit/yctr/gen/hd_req.png', 'http://i.jobkorea.kr/content/images/yocruit/yctr/gen/skin/blue/step_shape_7.gif?v4', 'http://i.jobkorea.kr/content/images/yocruit/yctr/gen/hd_how.png', 'http://i.jobkorea.kr/content/images/yocruit/yctr/gen/hd_guid.png']	모집분야   명동 우리은행 AI Agent구축 Python   모집인원   ○○명   고용형태   정규직      ,    계약직   (협의)   ,    프리랜서   (협의)   급여   회사 내규에 따름 (면접 후 결정)   근무시간   근무지주소   서울 구로구 구로동 222-7 코오롱디지털타워 A동311호   인근지하철   주5일(월~금)	경력무관, 학력무관, 서울 구로구, 정규직 외	{'basic_info': {'산업': '응용 소프트웨어 개발 및 공급업', '사원수': '81명 | (200712)', '기업구분': '중소기업', '설립일': '2000.02.01 | (27년차)', '자본금': '5억원 | ', '매출액': '80억 | ', '대표자': '이종수', '주요사업': '소프트웨어 자문,개발,공급', '4대보험': '국민연금, 건강보험, 고용보험, 산재보험', '홈페이지': 'http://www.wishit.co.kr', '주소': '서울 구로구 구로동 222-7 코오롱디지털타워빌란트 1차 311호'}, 'financial': {'기업등급': {'current_value': None}}, 'history': [{'year': '2002', 'month': '01', 'events': ['국내 60여개 기업 ERP 구축사업']}, {'year': '2001', 'month': '04', 'events': ['중소기업청 중소기업 IT지원업체선정']}, {'year': '2000', 'month': '02', 'events': ['Wish-ERP Package 출시', '위쉬정보기술(주) 법인등록']}], 'employment': {'recruitments': []}, 'benefits': {'연금·보험': ['국민연금', '고용보험', '산재보험', '건강보험', '퇴직연금'], '보상·수당·지원': ['임직원 교육비', '자기개발 지원', '도서 구입비 지원'], '편의·여가·건강': ['건강검진']}, 'location': {'address': '서울 구로구 구로동 222-7 코오롱디지털타워빌란트 1차 311호', 'map_url': 'https://maps.naver.com/?mapMode=0&dlevel=12&pinTitle=%ec%9c%84%ec%89%ac%ec%a0%95%eb%b3%b4%ea%b8%b0%ec%88%a0%e3%88%9c&lat=37.483507960708&lng=126.896537167252'}}	https://www.jobkorea.co.kr/Recruit/GI_Read_Comt_Ifrm?Gno=49355549	2026.07.11(토)
위드위㈜	[위드위] AI 엔지니어 정규직 채용	['AI', '엔지니어']	"




위드위㈜


[위드위] AI 엔지니어 채용




위드위 주식회사에서 차세대 비전 AI 및 멀티모달 센서 융합 기술을 이끌어갈 AI 엔지니어를 모십니다!위드위는 일반적인 카메라(RGB) 비전 기술을 넘어, 근적외선(NIR)과 중적외선(MID-IR) 등 다양한 스펙트럼 데이터를 융합하여 기존에는 판별하기 어려웠던 복합 재질과 미세 오염을 정밀하게 식별하는 혁신적인 AI 솔루션을 개발합니다. 단일 센서의 한계를 뛰어넘는 `하이브리드 멀티모달(Multi-modal) AI`를 통해 산업 현장의 난제를 해결하고, 당사와 함께 압도적인 기술 성장을 이뤄낼 역량 있는 분들의 많은 지원을 기다립니다.특정 알고리즘에 얽매이지 않고, 데이터의 특성에 맞는 최적의 AI 아키텍처를 스스로 고민하고 유연하게 설계해 나갈 주도적인 엔지니어분들을 환영합니다.







포지션 및 자격요건







포지션 ( 0명 ) 







 [ 담당업무 ] 비전 및 멀티모달 AI 모델 연구/개발: 2D/3D 이미지 및 다양한 센서 데이터를 종합적으로 분석하여 객체를 탐지하고 분류하며, 미세한 불량이나 이상을 찾아내는 AI 모델 설계 및 고도화End-to-End 딥러닝 파이프라인 구축: 해결하고자 하는 문제와 데이터 특성(시공간적 변화, 형태 패턴 등)에 최적화된 딥러닝 아키텍처를 직접 설계하고, 학습부터 평가, 실환경 배포까지의 전 과정 수행다중 센서 데이터 융합 및 전처리 고도화: 이기종 센서(카메라, 적외선 등)에서 수집되는 복합 데이터의 물리적 오차를 정합(Alignment)하고, 노이즈를 제거하여 AI가 학습하기 가장 좋은 형태의 데이터 파이프라인 구축실환경 맞춤형 모델 최적화: 산업 현장의 다양한 변수(동적 속도, 진동, 환경 변화 등) 속에서도 빠르고 안정적으로 동작할 수 있도록 AI 모델을 튜닝하고 추론(Inference) 속도 개선

 [ 자격요건 ]학력: 학사 이상 (컴퓨터공학, 인공지능, 통계학, 전자공학, 수학 등 이공계열 전공자)경력: 관련 실무 경력 1년 이상필수 역량:Python 기반의 프로그래밍 및 머신러닝/딥러닝 모델 개발 역량을 갖추신 분PyTorch, TensorFlow 등 하나 이상의 딥러닝 프레임워크 활용에 능숙하신 분컴퓨터 비전(CV) 및 딥러닝 기초 이론에 대한 탄탄한 이해도를 바탕으로 모델을 설계할 수 있는 분스스로 AI 문제를 정의하고, 데이터 기반으로 원인을 분석하여 유연하게 해결책을 도출할 수 있는 분하드웨어 및 백엔드 등 타 직무의 팀원들과 협업하기 위한 원활한 소통 능력을 갖추신 분

 [ 우대사항 ] 기술 및 도메인 경험:멀티모달(Multi-modal), 초분광(Hyperspectral), 3D 뎁스(Depth) 등 다양한 형태의 데이터를 다루거나 융합(Sensor Fusion)해 본 경험지도/비지도 학습을 아우르는 다양한 방법론을 활용하여 이상 탐지(Anomaly Detection) 모델을 구축해 본 경험머신비전, 재활용 선별, 스마트 팩토리 등 실제 산업 현장의 데이터를 다루고 상용화해 본 경험개발 및 최적화 역량:Edge Device(NVIDIA Jetson, 산업용 PC 등) 환경에서의 AI 모델 경량화 및 최적화/배포 경험C/C++ 기반의 영상처리 알고리즘 기획 및 구현 능력연구 및 성장:관련 분야(AI/ML, 컴퓨터 비전 등) 석사 혹은 박사 학위 소지자새로운 기술 트렌드나 논문을 빠르게 파악하고, 이를 실제 서비스 코드에 접목하는 데 흥미가 있으신 분[ 근무 조건 ]근무 형태: 정규직 (수습기간 3개월 / 급여 100% 지급)근무 시간: 유연근무제 시행 (시차출퇴근제 등 자율적인 업무 문화)급여: 면접 후 경력과 역량에 따라 협의 (이전 연봉 대비 상향 조정 가능)[ 복리후생 ]유연한 근무: 시차출퇴근제 등 유연근무제 운영, 자유로운 연차 사용생활 지원: 4대 보험, 퇴직연금, 중식 제공(또는 식대), 야근 시 석식 지원업무 환경: 고사양 PC(워크스테이션급) 및 듀얼 모니터 지원, 커피/간식 무제한 제공보상/포상: 성과에 따른 인센티브 및 스톡옵션 부여 기회 (기여도에 따라 협의), 명절 선물 및 경조사 지원



















전형절차
ㆍ서류전형 > 1차면접  > 최종합격
ㆍ면접일정은 추후 통보됩니다.













유의사항
ㆍ허위사실이 발견될 경우 채용이 취소될 수 있습니다.









"	[]	모집분야   AI 엔지니어   모집인원   ○명   고용형태   정규직      급여   회사 내규에 따름 (면접 후 결정)   근무시간   근무지주소   서울 금천구 가산디지털2로 169-16 (가산동) 413,414호   인근지하철   주5일(월~금)   09:00 ~ 18:00   탄력근무제	경력무관, 학력무관, 서울 금천구, 정규직	{'basic_info': {'산업': '산업용 로봇 제조업', '사원수': '10명 | ', '기업구분': '중소기업', '설립일': '2022.10.28 | (5년차)', '자본금': '1억 571만원 | (2025.12.31)', '매출액': '14억 2천만원 | (2025.12.31)', '대표자': '김경욱', '주요사업': '산업용 로봇 제조업,응용 소프트웨어 개발 및 공급업', '4대보험': '국민연금, 건강보험, 고용보험, 산재보험', '홈페이지': '-', '주소': '충북 진천군 덕산읍 구산2길 9 (구산리) 위드위 주식회사'}, 'financial': {'매출액': {'current_value': '14억 2천만원'}, '영업이익': {'current_value': '4,776만원'}, '당기순이익': {'current_value': '4,387만원'}, '산업 내 위치': {'current_value': None}, '기업등급': {'current_value': None}, '총자산 증가율': {'current_value': '6억 3,647만원'}, '동종업계 순위': {'current_value': None}}, 'history': [], 'employment': {'recruitments': []}, 'benefits': {}, 'location': {'address': '충북 진천군 덕산읍 구산2길 9 (구산리) 위드위 주식회사', 'map_url': 'https://maps.naver.com/?mapMode=0&dlevel=12&pinTitle=%ec%9c%84%eb%93%9c%ec%9c%84%e3%88%9c&lat=36.8780295489382&lng=127.516137516191'}}	https://www.jobkorea.co.kr/Recruit/GI_Read_Comt_Ifrm?Gno=49355249	상시채용
㈜자이트솔루션	손해보험 영업관리 운영 (SM)	['Java', '웹프로그래머']	"





                        ㈜자이트솔루션
                    
손해보험 영업관리 운영(SM)

㈜자이트솔루션은 1993년에 설립된 회사로 자본금 5억 5,000만원, 매출액 110억, 사원수 150명 규모이며, 한국인터넷전문가협회에서 주관한 웹 어워드 코리아 2015 수상기업입니다.  서울 금천구 가산동에 위치하고 있으며, 증권,금융, S/W 프로그램개발 및 H/W 판매, 유지보수, 웹접근성, 웹표준, 컨설팅사업을 하고 있습니다.




모집분야 및 자격요건

모집분야 및 자격요건


모집분야 
담당업무 
자격요건 
원 



손해보험 운영 (SM)

- 영업관리 운영- 수수료1. 등급 : 중급 2. 스킬 : java, NCRM, terastream, postgresql3. 근무기간 : 2026.07 ~ 2027.054. 근무장소 : 을지로5. 근무시간 : 09:00 ~18:006. 우대사항 : 보험사 프로젝트 경험자7. 단가/계약형태 : 협의 / 프리랜서8. 지원시 프로필 첨부 및 희망 단가 제시 요망 9. 기타 : 경력증빙자료 제출 가능해야 함

○명 





근무조건



근무형태 : 프리랜서근무지 : 서울 > 중구
근무요일 : 주5일 근무시간 : 09시 00분 ~ 18시 00분 급여 : 회사내규에 따름(면접 후 결정)





전형절차




서류전형 > 면접  > 최종합격

※ 면접일정은 추후 통보됩니다.





접수방법



채용시 까지




접수방법 : 잡코리아 접수 
이력서 : 잡코리아이력서 





제출서류



이력서, 자기소개서 제출 





기타사항



허위사실이 발견될 경우 채용이 취소될 수 있습니다.






㈜자이트솔루션 취업 준비의 시작은 에서!
 "	['http://i.jobkorea.kr/content//images/ver_1/mtc/register/tx_edit_copy.png']	모집분야   Java 웹프로그래머   모집인원   ○명   고용형태   프리랜서   (근무기간 11개월)   급여   회사 내규에 따름 (면접 후 결정)   근무시간   근무지주소   서울 중구 을지로3가 을지로3가역 인근   인근지하철   주5일(월~금)   09:00 ~ 18:00	경력6년↑, 학력무관, 서울 중구, 프리랜서	{'basic_info': {'산업': '솔루션·SI·CRM·ERP', '사원수': '150명 | ', '기업구분': '중소기업', '설립일': '1993.12.08 | (34년차)', '자본금': '5억 5,000만원 | ', '매출액': '110억 | ', '대표자': '강성철', '주요사업': '증권/금융/공공 프로그램 개발 및 유지보수, SW개발 및 운영', '4대보험': '국민연금, 건강보험, 고용보험, 산재보험', '홈페이지': 'http://www.zait.co.kr', '주소': '서울 금천구 가산디지털1로 168 (가산동, 우림라이온스밸리) B동 1112호'}, 'financial': {}, 'history': [], 'employment': {'recruitments': []}, 'benefits': {'휴무·휴가·행사': ['연차제도', '경조휴가'], '보상·수당·지원': ['경조금', '인센티브', '우수사원 포상제도'], '편의·여가·건강': ['저녁 식사 지원']}, 'location': {'address': '서울 금천구 가산디지털1로 168 (가산동, 우림라이온스밸리) B동 1112호', 'map_url': 'https://maps.naver.com/?mapMode=0&dlevel=12&pinTitle=%e3%88%9c%ec%9e%90%ec%9d%b4%ed%8a%b8%ec%86%94%eb%a3%a8%ec%85%98&lat=37.4799713590291&lng=126.882637049883'}}	https://www.jobkorea.co.kr/Recruit/GI_Read_Comt_Ifrm?Gno=49355149	2026.07.11(토)
㈜에스디씨아이티	[정규직]  H-ERP 시스템 운영/개발 ITO 정규직 모집	['SM/SI', '프로젝트']	"




㈜에스디씨아이티


[정규직] 2025년 (주)SD CIT 협회운영팀 각 분야별 인재 채용




(주)SD CIT는 당신의 미래와 함께 합니다. 당신의 미래가치는 어디에 있나요? 세상에 던지는 그 질문에 (주)SD CIT가 함께 할 것입니다. 당신이 가진 열정의 방향이 맞는다면 걸음 걸음에 온 무게를 실어 도전해보세요. 당신이 만든 SW가 세상을 움직입니다.● [정규직] H-ERP 시스템 운영/개발 ITO 정규직 모집㈜SD CIT는 2005년에 설립된 회사로 2024년 기준, 매출액 275억(정규직 85명)의 작지만 꾸준히 성장하고 있는 중소기업 입니다. 본사는 경기 과천시 지식정보타운에 위치하고  ERP 솔루션,기타 솔루션 제공,구축 및  SI(System Integration), SM(System Management) 사업을 수행하고 있습니다. 당사가 진행중인 운영 ITO업무를 담당하실 직원분을 모집합니다. 많은 지원 부탁드립니다.




● 포지션 및 자격요건

운영 ITO[시스템 운영 및 개발자](0명) [모집 직군]ㆍ운영 ITO : H-ERP 시스템 운영/개발 [자격 요건]ㆍ경력 : IT업무경력 7년 이상(기술자 등급 중급이상)              ERP 프로젝트, 보상, 분양, 임대 관련 업무 / ERP 물류 또는 재무 관련 업무ㆍ우대사항 : SM업무에 대한 경험 및 대 고객 서비스 경험 인력 [필수 역량]ㆍ개발능력 중 이상, SM경력 2년 이상, 고객과 커뮤니케이션 능력ㆍXflatForm, JSP, Spring(JDK1.8), UBIreport, Tibero, SVN, JenKins     애플리케이션 장애 트러블슈팅● 근무요건ㆍ 근무장소 : 서울특별시 중구ㆍ 근무기간 : 2026-06-01~ㆍ 근무시간 : 09:00 ~ 18:00            ㆍ 고용형태 : 정규직ㆍ 보수수준 :  회사 내규 (협의)
● 전형절차ㆍ서류전형 >  인터뷰(실무자 및 담당임원) >  합격ㆍ인터뷰 일정은 서류합격자에 한하여 추후 협의 후 통보합니다. ㆍ 채용마감시점까지 인터뷰 제안이 없는 경우는 서류전형을 통과하지 못한 것으로, 모든 지원자분들께 결과 통지를 해드리지 못하는 점 양해 부    탁드립니다.ㆍ일부 증빙서류(경력/소득 증빙 등)는 최종 합격 전, 처우협의를 위해 요청할 수 있습니다.● 유의사항ㆍ입사지원 서류에 허위사실이 발견될 경우, 채용확정 이후라도 채용이 취소될 수 있습니다.ㆍ채용서류의 반환과 파기는 관련법(채용절차 공정화에 관한 법률, 개인정보 보호법 등)에 따라 처리됩니다.


 "	['//file2.jobkorea.co.kr/Net/Mng/DownImage/CorpEditor?file_No=1190391']	모집분야   SM/SI 프로젝트   모집인원   ○명   고용형태   정규직   (수습 3개월)   직급/직책   급여   회사 내규에 따름 (면접 후 결정)   근무시간   근무지주소   서울 중구 을지로5길 26 (수하동, 미래에셋센터원(MiraeAssetCENTER1))    인근지하철   주5일(월~금)   09:00 ~ 06:00	경력7년↑, 학력무관, 서울 중구, 정규직, 과장~차장급 외	{'basic_info': {'산업': '솔루션·SI·CRM·ERP', '사원수': '85명 | ', '기업구분': '중소기업', '설립일': '2005.12.15 | (22년차)', '자본금': '5,000만원 | ', '매출액': '275억 | ', '대표자': '윤웅희', '주요사업': 'ERP 솔루션,기타 솔루션 제공 및 구축,  SI/SM 사업', '4대보험': '국민연금, 건강보험, 고용보험, 산재보험', '홈페이지': 'http://sdcit.co.kr/', '주소': '경기 과천시 과천대로7길 33 (갈현동, 디테크타워과천) 지식정보타운 디테크타워 A동 9층'}, 'financial': {}, 'history': [], 'employment': {'recruitments': []}, 'benefits': {'연금·보험': ['국민연금', '고용보험', '산재보험', '건강보험'], '휴무·휴가·행사': ['주5일제', '연차제도', '반차제도', '육아휴직', '남성출산휴가', '워크샵/MT', '야유회', '공휴일 휴무', '주말 휴무'], '보상·수당·지원': ['퇴직금', '인센티브', '장기근속 포상', '장기근속수당', '회식비 지원'], '사내제도·성장': ['수평적 문화', '자율복장', '주40시간', '칼퇴 권장'], '사내시설': ['탕비실'], '편의·여가·건강': ['가족 건강검진']}, 'location': {'address': '경기 과천시 과천대로7길 33 (갈현동, 디테크타워과천) 지식정보타운 디테크타워 A동 9층', 'map_url': 'https://maps.naver.com/?mapMode=0&dlevel=12&pinTitle=%e3%88%9c%ec%97%90%ec%8a%a4%eb%94%94%ec%94%a8%ec%95%84%ec%9d%b4%ed%8b%b0&lat=37.4137789559863&lng=126.97707708504'}}	https://www.jobkorea.co.kr/Recruit/GI_Read_Comt_Ifrm?Gno=49354693	2026.07.11(토)
㈜ 호디	웹프로그래머 [Java, JSP, JavaScript]  (신입 및 경력) 채용	['웹', '개발자']	"




㈜ 호디


웹프로그래머 [Java, JSP, JavaScript]  (신입 및 경력) 채용




21세기 기업의 가장 큰 재산이 무엇인지 아십니까? 영업력?  자본력?  기술력?
위의 3가지중 2가지만 갖추어도 좋은 회사라고 합니다. 하지만 저희는 이 3가지가 아닙니다. 
저희들은 인력이야 말로 기업의 최대 재산이라고 생각합니다. 사람이 일을 하는것이지 돈이
 일을 하지는 않습니다. 좋은 인재가 영업, 개발, 자본을 만들수 있는 힘이 있기 때문입니다. 








포지션 및 자격요건







웹 개발자 ( 1명 ) 







담당업무
ㆍ도서관(솔루션) 웹어플리케이션 개발 및 유지보수

스킬
ㆍJAVA, Javascript, JSP, Node.js, Oracle, PostgreSQL, Python, React, Spring Boot, Linux

자격요건
ㆍ학력 : 학력무관
ㆍ경력 : 신입·경력

우대사항
ㆍLinux / Tomcat & Nginx를 이용한 WAS 서버 구축 경험
ㆍReact.js / Typescript를 이용한 웹사이트 구축 경험ㆍGit을 이용한 형상관리 경험 및 Git-flow 협업 경험ㆍDBMS (Oracle, My-SQL, PostgreSQL 관리 경험



















전형절차
ㆍ서류전형 > 1차면접 > 2차면접 필요시(코딩테스트) > 임원면접 > 최종합격ㆍ1차 면접 후 필요에 따라 코딩테스트 및 임원면접이 있을 수 있습니다.
ㆍ면접일정은 추후 통보됩니다.













유의사항
ㆍ허위사실이 발견될 경우 채용이 취소될 수 있습니다.









"	[]	모집분야   웹 개발자   모집인원   1명   고용형태   정규직   (수습 3개월)   ,    병역특례   (보충역, 산업기능요원, 전직가능)   직급/직책      급여   회사 내규에 따름 (면접 후 결정)   근무시간   근무지주소   서울 강서구 마곡동 800-16 2층 호디 R&D센터   인근지하철   주5일(월~금)   09:00 ~ 18:00	신입·경력, 학력무관, 서울 강서구, 정규직 외, 주임~대리급	{'basic_info': {'산업': '솔루션·SI·CRM·ERP', '사원수': '25명 | ', '기업구분': '중소기업', '설립일': '2004 | (23년차)', '자본금': '2억원 | ', '매출액': '40억 | ', '대표자': '이용훈', '대졸초임': '3,600만원', '주요사업': '도서관솔루션개발, 전력/연구개발, SI정보화컨설팅, 데이터베이스, 보안 및 네트워크', '4대보험': '국민연금, 건강보험, 고용보험, 산재보험', '홈페이지': 'http://www.hodi.co.kr', '주소': '서울 강서구 마곡중앙2로 39 (마곡동) 2층'}, 'financial': {}, 'history': [], 'employment': {'recruitments': []}, 'benefits': {'연금·보험': ['국민연금', '고용보험', '산재보험', '건강보험', '퇴직연금'], '휴무·휴가·행사': ['주5일제', '연차제도', '반차제도', '노동절 휴무', '워크샵/MT', '공휴일 휴무', '자유로운 휴가문화', '주말 휴무'], '보상·수당·지원': ['퇴직금', '경조금', '인센티브', '장기근속 포상', '임직원 교육비', '야간근로수당', '명절선물/명절상여', '야간교통비 지급', '도서 구입비 지원', '성과급', '교통비', '복지포인트', '회식비 지원'], '사내제도·성장': ['수평적 문화', '자율복장', '좌식근무', '칼퇴 권장'], '사내시설': ['휴식공간', '헬스시설', '카페테리아', '사내정원', '주차장', '샤워실', '전용사옥', '쾌적한 업무공간'], '편의·여가·건강': ['저녁 식사 지원', '코로나 지원']}, 'location': {'address': '서울 강서구 마곡중앙2로 39 (마곡동) 2층', 'map_url': 'https://maps.naver.com/?mapMode=0&dlevel=12&pinTitle=%e3%88%9c+%ed%98%b8%eb%94%94&lat=37.5578908344741&lng=126.831187920586'}}	https://www.jobkorea.co.kr/Recruit/GI_Read_Comt_Ifrm?Gno=49354611	2026.07.11(토)
㈜디씨미디어	[PHP 웹개발자 모집] 꾸준히 노력하는 웹 개발자를 모십니다	['PHP', '웹프로그래머']	  	['//file2.jobkorea.co.kr/Net/Mng/DownImage/CorpEditor?file_No=1569876']	모집분야   PHP 웹프로그래머   모집인원   1명   고용형태   정규직      직급/직책   급여   연봉 4,000~8,000만원 (면접 후 결정)   근무시간   근무지주소   서울 금천구 가산디지털2로 101  (가산동) A동 1301호   인근지하철   주5일(월~금)   09:00 ~ 18:00	경력5년↑, 학력무관, 서울 금천구, 정규직, 4,000~8,000만원, 과장~차장급	{'basic_info': {'산업': '응용 소프트웨어 개발 및 공급업', '사원수': '6명 | (2021.12.31)', '기업구분': '중소기업', '설립일': '2021.02.04 | (6년차)', '자본금': '3억원 | ', '매출액': '- | ', '대표자': '김권수', '주요사업': '응용 소프트웨어 개발,공급', '4대보험': '국민연금, 건강보험, 고용보험, 산재보험', '홈페이지': '-', '주소': '서울 구로구 디지털로26길 123 (구로동, 지플러스타워) 1107호'}, 'financial': {}, 'history': [], 'employment': {'recruitments': []}, 'benefits': {'연금·보험': ['국민연금', '고용보험', '산재보험', '건강보험'], '휴무·휴가·행사': ['주5일제', '연차제도', '월차제도', '반차제도', '리프레시 휴가'], '보상·수당·지원': ['퇴직금', '경조금', '휴일근로수당', '임직원 할인'], '편의·여가·건강': ['점심 식사 지원']}, 'location': {'address': '서울 구로구 디지털로26길 123 (구로동, 지플러스타워) 1107호', 'map_url': 'https://maps.naver.com/?mapMode=0&dlevel=12&pinTitle=%e3%88%9c%eb%94%94%ec%94%a8%eb%af%b8%eb%94%94%ec%96%b4&lat=37.483095502125&lng=126.897719151417'}}	https://www.jobkorea.co.kr/Recruit/GI_Read_Comt_Ifrm?Gno=49354312	2026.07.11(토)
㈜스노우온카드	Java 백엔드 SM 개발자 채용	['Java', '백엔드', '개발']	"
 


 
 
 

㈜스노우온카드 Java SM 운영 및 안드로이드 모바일 개발자 채용
㈜스노우온카드는 2017년 설립된 회사로 서울 용산구 후암로 79-1(동자동, 남송빌딩)에 위치하고 있으며, Mobile Payment, Smart
                        Card, HCE, Cloud Payment 사업을 하고 있습니다.

 
 

 홈페이지
                                ⇒
  
 

 
모집부문 


모집부문 정보








구분
주요업무
자격요건 및 우대사항
인원

 


Java 백엔드 개발


교통 시스템 개발 및 유지보수
Payment 서비스 및 솔루션 개발
모바일 결제 시스템 유지보수




[자격요건]
경력 : 신입, 경력 (3년차 이상)
Java, Spring 개발
데이터베이스 설계 및 관리
서비스 개발 및 API 개발 능력


[우대사항]
AWS Cloud 사용 능력
암호화 및 보안 관련 기술 보유자
금융 관련 프로젝트 및 솔루션 개발 경험
SI & SM 개발 및 근무


○명





 




근무조건


고용형태 : 정규직
근무주소 : 서울 용산구 후암로 79-1 (동자동, 남송빌딩) 2층/인근지하철 1호선 서울(역) 10번 출구 300m(도보4분)
근무요일 : 주 5일
근무시간 : 10시 00분 ~ 19시 00분
급여조건 : 회사내규에따름(면접 후 결정)



  


복리후생


모집부문 정보





 


  


4대보험, 퇴직금


  


점심식사 제공




  


성과급





각종 경조금지원







  


기타사항


당사는 모바일 결제 솔루션 전문 기업으로서 금융, 통신, 교통 분야의 사업을 수행하고 있습니다.
개발을 좋아하고 개발자로 성장하실 분이면 학력 및 전공 제한 없이 누구나 지원할 수 있습니다.
국내 및 해외 사업 관계로 해외여행에 결격사유가 없는 분이어야 합니다.
허위사실이 발견될 경우 채용이 취소될 수 있습니다.
잡코리아 이력서로 지원해 주십시오(워드/파일 첨부 지원 불가).



 


 
 "	['https://file1.jobkorea.co.kr/Mng/2026/3/nathali_48719438_기존이미지.png', 'https://file1.jobkorea.co.kr/Mng/2025/2/nathali_0211_03.png', 'https://file1.jobkorea.co.kr/Mng/2025/2/nathali_0211_02.png', 'https://file1.jobkorea.co.kr/Mng/2025/2/nathali_0211_01.png', 'https://file1.jobkorea.co.kr/Mng/2025/2/nathali_0211_05.png']	모집분야   Java 백엔드 개발   모집인원   ○명   고용형태   정규직   (수습 3개월)   급여   회사 내규에 따름 (면접 후 결정)   근무시간   근무지주소   서울 용산구 후암로 79-1 (동자동, 남송빌딩) 2층   인근지하철   주5일(월~금)   10:00 ~ 19:00	신입·경력, 초대졸↑, 서울 용산구 외, 정규직	{'basic_info': {'산업': '응용 소프트웨어 개발 및 공급업', '사원수': '33명 | ', '기업구분': '중소기업', '설립일': '2017.07.24 | (10년차)', '자본금': '5,000만원 | (2025.12.31)', '매출액': '30억 9천만원 | (2025.12.31)', '대표자': '권대만', '주요사업': '소프트웨어개발 및 판매', '4대보험': '국민연금, 건강보험, 고용보험, 산재보험', '홈페이지': 'http://www.snowoncard.com', '주소': '서울 용산구 후암로 79-1 (동자동, 남송빌딩) 2층'}, 'financial': {'매출액': {'current_value': '30억 9천만원'}, '영업이익': {'current_value': '3억 9,662만원'}, '당기순이익': {'current_value': '3억 8,986만원'}, '산업 내 위치': {'current_value': None}, '기업등급': {'current_value': None}, '총자산 증가율': {'current_value': '28억 1천만원'}}, 'history': [], 'employment': {'recruitments': []}, 'benefits': {'연금·보험': ['국민연금', '고용보험', '산재보험', '건강보험'], '보상·수당·지원': ['퇴직금', '경조금', '차량유류비', '자기개발 지원', '성과급'], '편의·여가·건강': ['건강검진', '점심 식사 지원', '저녁 식사 지원']}, 'location': {'address': '서울 용산구 후암로 79-1 (동자동, 남송빌딩) 2층', 'map_url': 'https://maps.naver.com/?mapMode=0&dlevel=12&pinTitle=%e3%88%9c%ec%8a%a4%eb%85%b8%ec%9a%b0%ec%98%a8%ec%b9%b4%eb%93%9c&lat=37.5529580750563&lng=126.976309524095'}}	https://www.jobkorea.co.kr/Recruit/GI_Read_Comt_Ifrm?Gno=49354072	2026.07.11(토)
스튜디오 초이스㈜	2026년 스튜디오 초이스 경력직 공개 채용	['TV', 'VOD', '마케팅', '및', '프로모션', '담당,', 'TV', 'VOD', '편성', '담당,', '영화', '극장', '배급/마케팅', '담당,', '해외', '영화', '수입', '담당,', 'AI', '영상', '콘텐츠', '제작/운영', '담당,', '경영관리/인사/총무', '담당,', '경영기획', '담당(팀장/리더급),', '콘텐츠', '등록/메타', '관리담당(계약직)']	          포지션 및 자격요건         TV VOD 콘텐츠 마케팅 및 프로모션 운영 담당     담당업무   영화, 방송, 해외시리즈 등 VOD 콘텐츠 마케팅 및 프로모션 전략 수립 콘텐츠 공급사(CP)와 프로모션 기획 및 실행 프로모션 대상 콘텐츠 선정 및 콘텐츠 공급사(CP) 협의 케이블 TV SO(종합유선방송사업자) 대상 프로모션 협의 및 커뮤니케이션 프로모션 배너, 포스터, 마케팅 소재 제작 요청 및 관리 프로모션 결과 분석 및 효과 측정 마케팅 예산 집행 및 정산 관리 월별 마케팅 비용 운영 현황 및 고객 데이터 관리 콘텐츠 서비스 실적 및 가입자 데이터 분석 SO 대상 프로모션 관련 문의 대응     자격요건   학력 : 4년제 대학교 졸업 이상 경력 : 콘텐츠 마케팅, 콘텐츠 사업 운영, 플랫폼 마케팅 실무 경력 5년 이상 영화, 방송, OTT, 유료방송, 디지털 콘텐츠 서비스 등 콘텐츠 산업에 대한 이해도를 보유한 분 콘텐츠 기반 마케팅 및 프로모션 기획, 운영 경험을 보유한 분 콘텐츠 공급사(CP), 플랫폼, 방송사 등과의 협업 및 커뮤니케이션 경험을 보유한 분 데이터 기반으로 프로모션 성과를 분석하고 개선 방안을 도출할 수 있는 분 원활한 대내외 커뮤니케이션 및 협업 역랑을 갖춘 분 엑셀, 파워포인트 등 문서 작성 및 데이터 관리 역량을 보유한 분 주도적으로 업무를 추진하고 다양한 이해관계자와 협업할 수 있는 분     우대사항   유료방송, 케이블TV, IPTV, OTT, 콘텐츠 플랫폼, 콘텐츠 공급사 등 관련 업계 근무 경험 콘텐츠 마케팅, CRM 마케팅, 프로모션 기획 및 운영 경험 영화, 방송, 해외시리즈, 애니메이션, 키즈, 성인 콘텐츠 등 장르별 콘텐츠 운영 경험 콘텐츠 공급사(CP), 플랫폼 사업자와의 네트워크를 보유한 분 가입자 데이터 분석 프로모션 성과 분석 및 리포트 작성 경험 신규 서비스 론칭 및 상품 프로모션 기획 경험 콘텐츠 시장 및 미디어 트렌드에 대한 관심이 높은 분          TV VOD 콘텐츠 편성 담당     담당업무   케이블TV 및 N-Screen 향 VOD 콘텐츠 편성 및 운영 케이블TV사업자(SO)별 콘텐츠 편성 스케줄 관리 및 서비스 콘텐츠 서비스 현황 및 편성 정보 관리 콘텐츠 운영 현황 모니터링 및 이슈 대응 콘텐츠 등록, 전송 관련 운영 현황 모니터링 및 이슈 대응 SO 매출 데이터 취합, 검증 및 정산 업무 수행 SO 및 유관부서와의 커뮤니케이션을 통한 서비스 운영 지원 서비스 현황 및 실적 보고 작성     자격요건   학력 : 4년제 대학교 졸업 이상 경력 : 콘텐츠 편성, 서비스 운영, 정산 관련 실무 경력 7년 이상 과/차장급 케이블TV, IPTV, OTT, N-Screen 등 미디어 플랫폼 편성, 운영 업무 경험 보유 콘텐츠 등록, 메타데이터 관리, 서비스 운영 프로세스에 대한 이해 보유 데이터 취합, 검증 및 정산 업무 수행 경험 보유 내, 외부 이해관계자와 원활하게 소통할 수 있는 커뮤니케이션 역량 보유 꼼꼼한 업무 처리 능력과 책임감을 갖춘 분 엑셀 및 파워포인트를 활용한 데이터 정리 및 관리 역량 보유     우대사항   유료방송, 케이블TV, IPTV, OTT, 콘텐츠 플랫폼 등 동종 업계 근무 경험 콘텐츠 편성, 등록, 전송, 정산 업무 경험 보유 영화, 방송, 해외시리즈, 애니메이션, 키즈, 성인 콘텐츠 등 장르별 콘텐츠 운영 경험 SO(케이블TV 사업자) 및 콘텐츠 사업자 대응 경험 보유 메타데이터 관리 및 콘텐츠 운영 시스템 사용 경험 보유          영화 극장 배급/마케팅 담당     담당업무   영화 극장 배급 업무- 극장 개봉 전략 수립 및 극장 개봉관 관리, 극장 커뮤니케이션, 박스오피스 모니터링 및 극장 매출 관리, 해외 극장배급 관리 등 영화 마케팅 담당- 영화 마케팅 전략 수립 및 극장 마케팅 주도, 극장 프로모션 (시사회, GV, 무대인사, 티켓 프로모션 등) 기획 및 운영, 온/오프 홍보사 커뮤니케이션 및 마케팅 회의 참석 등  극장 개봉 작품 딜리버리 업무 (한글자막 감수 포함) 극장 배급 작 수급 P&A 집행 관리 및 극장 부금 정산 관리 영화 투자 검토 및 진행(투자 정산 포함) 영화, 시리즈, 애니메이션 등 콘텐츠 수급, 배급, 유통 업무     자격요건   학력 : 4년제 대학교 졸업 이상 경력 : 영화 극장 배급 경력 3년 이상(포스트 코로나 기간 3년 이상)으로, 위 담당 업무에 대한 전문성과 인적 네크워크 보유 한국 영화 극장 배급 경력 2편 이상 보유 영화 투자 검토 및 집행 경력 1편 이상 보유 비즈니스 레벨의 영어 능통자 적극적이고 외향적인 성향, 원활한 커뮤니케이션 역량 보유     우대사항   영화 배급사 근무 경험자 우대 일본어 혹은 중국어 능통자 우대 장르 구분 없이 디지털 콘텐츠 산업에 전반적인 관심이 높은 자 우대 콘텐츠 펀드 관련 이해도가 높고 지식이 있는 자 우대          해외 영화 수입 담당     담당업무   해외 영화 수입 업무- 해외 세일즈사 커뮤니케이션, 국/내외 필름(콘텐츠) 마켓 미팅 진행을 통해 신규 라인업 검토 및 확보 판권 계약 진행- 판권 계약 조건 수립 및 계약 진행, 계약서 검토 및 체결 관리 판권관리- 직수급 작품 판권 관리 및 로열티 리포트 작성, 오버리지 관리 해외 선재 수급 - 본편, 예고편, 포스터 key-art 등 해외 선재 수급 본편 번역 관리- 자막 번역 의뢰 및 감수 영화, 시리즈, 애니메이션 등 콘텐츠 수급, 배급, 유통 업무     자격요건   학력 : 4년제 대학교 졸업 이상 경력 : 영화 수입 경력 3년 이상(포스트 코로나 포함)으로, 위 담당 업무에 대한 전문성과 인적 네크워크 보유 EFM, Marche du Film, AFM 바이어 참석 경력 비즈니스 레벨의 영어 능통자 적극적이고 외향적인 성향, 원활한 커뮤니케이션 역량 보유     우대사항   영화 수입/배급사/유통사 근무 경험자 우대 일본어 혹은 중국어 능통자 우대 장르 구분 없이 디지털 콘텐츠 산업에 전반적인 관심이 높은 자 우대           AI 영상 콘텐츠 제작/운영 담당     담당업무   AI 영상 제작 파이프라인 구축, 운용 및 자체 영상 콘텐츠 제작 AI 제작 프로세스의 솔루션화 및 내부 시스템 적용     자격요건   학력 : 4년제 대학교 졸업 이상(전공 무관) 필수사항 : AI 영상, 이미지 생성 툴을 활용한 실제 공개 포트폴리오 제출 필수 (유튜브 채널, SNS, 개인 프로젝트 등) 트렌드에 민감하며, 자기 주도적 업무 수행 및 빠른 실행력 기술 역량 : AI 이미지(Midjourney 등) 및 영상 생성 툴(Veo·Runway·Kling·Pika 등) 중심의 실무 제작 경험 및 출력 품질 제어 프로세스 설계 역량 : LLM API(Claude·OpenAI) 연동 자동화 워크플로 및 노코드 툴(Make, Zapier, n8n) 혹은 Python 기반 스크립트 작성 경험  : 프롬프트 엔지니어링 심화 이해 - 단순 사용이 아닌 출력 품질 제어 및 파이프라인 설계 가능 수준 : AI 생성 콘텐츠 관련 IP 권리 검증 및 저작권 리스크에 대한 이해 사업/기획 역량 : 유료방송 · OTT · 디지털 미디어 플랫폼 시장 구조 및 콘텐츠 유통 생태계 이해 : 데이터 기반 의사결정 습관 (유튜브 Analytics·GA·Tableau 등 분석 툴 활용 가능)     우대사항   AI 연계 미디어 플랫폼 신규 사업 아이디어를 기반으로 기획, 직접 제작, 데이터 검증, 사업화까지 성공하여 실질적인 전환(Conversion) 구조나 매출 확대를 이뤄내신 분  시장 통찰 및 타깃 페르소나 분석을 바탕으로 맞춤형 콘텐츠 포맷을 설계하고 전개(제작 및 운영)해 본 경험자     기타   서류 전형 이후 '생성형 AI 숏폼 제작'을 주제로 한 약식 과제 전형이 추가될 수 있음          경영관리/인사/총무 담당     담당업무   경영기획 및 전략 수립 지원 : 회사의 중장기 경영 전략 및 사업 계획 수립, 신사업 타당성 검토 및 실행 지원 성과관리 : 전사 KPI 수립 및 실적 관리, 사업 부문별 성과 분석 및 개선 방안 도출 인사 기획 : 조직 관리 및 성과 향상을 위한 인사 전략 및 제도 기획, 채용/평가/보상 체계 운영 경영 지원 : 경영진의 합리적인 의사결정을 위한 데이터 분석 및 보고, 이사회 업무 수행 총무 : 사무환경 관리(임차, 시설, 비품/소모품 구매 및 재고 관리), 법인 차량/자산 관리, 각종 인허가/등기 및 관공서 업무, 사내 행사, 복리후생 운영, 외부 협력사 계약 및 관리 등     자격요건   학력 : 4년제 대학교 졸업 이상 경력 : 경영기획, 인사, 총무 등 관련 실무 경력 5년 이상으로, 위 담당 업무에 대한 높은 전문성 보유 경영기획, 인사 등 경영관리 전반에 대한 깊은 이해와 실무 경험을 갖추신 분 전략적 사고와 뛰어난 문제 해결 능력을 보유하신 분 다양한 직무를 주도적으로 기획 및 운영할 수 있는 멀티태스킹 역량을 보유하신 분     우대사항   동종업계(미디어/콘텐츠, IT) 근무 경험이 있으신 분 상장사 또는 이에 준하는 규모의 기업에서 근무 경험이 있으신 분 기업의 경영기획/전략 부서 근무 경험이 있으신 분 노무/법무/컴플라이언스 관련 실무 경험이 있으신 분 ERP 시스템에 대한 활용 경험이 있으신 분          경영기획 담당 팀장/리더    담당업무   경영기획 및 전략 수립 : 회사의 중장기 경영 전략 및 사업 계획 수립, 신사업 타당성 검토 및 실행 총괄 성과관리 : 전사 KPI 체계 설계 및 운영, 사업 부문별 성과 분석/평가 및 경영진 보고 재무 관리 : 예산 편성 및 실적 관리, 손익 분석 및 재무 건전성 모니터링, 자금 운용 및 유동성 관리, 투자 검토 및 의사결정 지원 회계 관리 : 월/분기/연간 결산 총괄, 재무제표 작성 및 외부 감사 대응, IFRS 기준 회계 처리 및 공시 관리 세무 관리 : 법인세, 부가세 등 세무 신고 및 납부 관리, 세무조사 대응 및 절세 전략 수립, 이전가격 및 국제 거래 관련 세무 이슈 검토 주주사 관리 : 주주사 지분 및 투자 관리, 주주사 대상 경영 현황 보고 및 정기 커뮤니케이션 운영, 주주총회 및 이사회 관련 주주사 대응 업무 경영 지원 : 경영진의 합리적인 의사결정을 위한 전략적 분석 및 보고, 이사회/주주총회/전사 회의체 등 주요 경영회의 운영 총괄 조직 관리 : 경영기획 부서 팀원 육성 및 성과 관리, 유관 부서 협업 조율 및 업무 프로세스 개선     자격요건   학력 : 4년제 대학교 졸업 이상(경영학, 경제학, 회계학 등 관련 전공 우대) 경력 : 경영기획, 인사, 총무 등 관련 실무 경력 10년 이상으로, 팀장급 이상 리더 경험 보유 경영 전략 수립, 재무회계, 예산 관리, 손익 분석, 주주사 관리 등 경영기획/관리 전반에 높은 전문성을 갖추신 분 데이터 기반의 전략적 사고와 뛰어난 문제 해결 능력을 보유하신 분 경영진 및 유관 부서와의 원활한 커뮤니케이션 및 협업 능력을 보유하신 분 팀원을 육성하고 조직 성과를 이끌어낼 수 있는 리더십을 보유하신 분     우대사항   동종업계(미디어/콘텐츠, IT) 근무 경험이 있으신 분 상장사 또는 이에 준하는 규모의 기업에서 근무 경험이 있으신 분 IFRS(국제회계기준) 및 외부 감사 대응 경험이 있으신 분 M&A, 투자 유치, 사업 구조 재편 등 전략적 과제 수행 경험이 있으신 분 신사업 기획 또는 사업 개발 경험이 있으신 분 공인회계사(CPA), MBA 등 관련 자격 또는 학위 보유자          콘텐츠 등록/메타 관리 담당(계약직)    담당업무   콘텐츠 등록/메타 관리  장르별 CP(콘텐츠 제공사) VOD 등록 및 메타데이터 입력·검수 기전송건 재편성, 종료일 변경, 결방 처리 등 콘텐츠 라이프사이클 관리 프로모션·이벤트·프리미엄관·무료관 상품 등록 및 메타 반영     자격요건   학력 : 초대졸 이상 경력 : 관련 업무 2년 이상 MS Office(Excel, Word) 활용 가능자 꼼꼼한 데이터 입력·검수 능력 및 숫자 감각 다수 CP·SO와의 커뮤니케이션에 무리 없는 협업 능력 VOD 메타데이터 등록·편성 실무 경험 방송 편성운행 또는 송출 업무 이해 콘텐츠 유통 플랫폼 운영 경험 정산 프로세스(매출 집계, 세금계산서 발행 요청) 실무 경험     우대사항   케이블TV, IPTV, OTT 등 유료방송 업계 근무 경험 Adobe Photoshop 활용 가능자 GTQ(그래픽기술자격) 또는 MOS 자격증 보유자 VOD 관련 시스템 사용 경험 정산·회계 관련 기초 지식 보유자 방송/미디어 콘텐츠에 대한 관심과 이해도가 높은 분               (공통) 근무 조건       고용 형태 : 정규직 / 계약직 (수습기간 3개월) 급여 : 내규에 따름 (면접 후 경력에 따라 협의) 근무지 : 서울특별시 마포구 상암산로 76, 15층 (상암동, YTN뉴스퀘어) (우)03926         스튜디오 초이스 복리후생 제도       스튜디오 초이스는 구성원의 행복한 삶과 성장을 최우선으로 생각하며, 최적의 업무 환경과 복리후생 제도를 운영하고 있음  [생활 안정과 가족을 위한 든든한 지원]  선택형 복지포인트, 자녀 학자금, 전국 법인 콘도 이용권, 매년 종합 건강검진, 의료비 및 출산비, 경조사 휴가 및 경조금, 4대 보험 및 퇴직연금    [성장과 리프레시를 위한 재충전]  생일 리프레시 연차, 국내외 세미나/포럼 참여(부산국제영화제 등), 희망 도서 지원, 명절 선물 및 생일 케이크, 동호회 활동    [최고의 효율을 위한 업무 환경]  중식 및 석식 제공, 통신비 및 차량유지비(직책별 차등), 스마트 회의실(대형 전자칠판), 사내 카페테리아 등            전형절차         서류전형     1차면접     2차면접    최종합격           접수 기간 및 방법       접수기간 : 2026년 6월 11일 (목) ~ 7월 1일(수) 제출서류 : 이력서 및 경력기술서 (자유 양식) 접수방법 : 채용사이트 온라인 지원       홈페이지 바로가기       기타 문의사항        문의사항은 이메일로 연락 바랍니다.(채용담당자 이메일 : recruit@studiochoice.kr)           	['//file2.jobkorea.co.kr/Net/Mng/DownImage/CorpEditor?file_No=1757028']	모집분야   TV VOD 마케팅 및 프로모션 담당, TV VOD 편성 담당, 영화 극장 배급/마케팅 담당, 해외 영화 수입 담당, AI 영상 콘텐츠 제작/운영 담당, 경영관리/인사/총무 담당, 경영기획 담당(팀장/리더급), 콘텐츠 등록/메타 관리담당(계약직)   모집인원   ○명   고용형태   정규직      ,    계약직      급여   회사 내규에 따름 (면접 후 결정)   근무시간   근무지주소   서울 마포구 상암산로 76 (상암동, YTN 뉴스퀘어) 15층 스튜디오초이스   인근지하철   주5일(월~금)   09:00 ~ 18:00	경력2년↑, 초대졸↑, 서울 마포구, 정규직 외	{'basic_info': {'산업': '방송·케이블·프로덕션', '사원수': '45명 | ', '기업구분': '중소기업', '설립일': '2007.02.28 | (20년차)', '자본금': '- | ', '매출액': '400억 | ', '대표자': '김형만', '주요사업': '디지털 케이블TV VOD 제작 및 공급', '4대보험': '국민연금, 건강보험, 고용보험, 산재보험', '홈페이지': 'https://studiochoice.kr/', '주소': '서울 마포구 상암산로 76 (상암동, YTN 뉴스퀘어) 15층 스튜디오초이스'}, 'financial': {}, 'history': [], 'employment': {'recruitments': []}, 'benefits': {'연금·보험': ['국민연금', '고용보험', '산재보험', '건강보험'], '보상·수당·지원': ['자기개발 지원', '명절선물/명절상여']}, 'location': {'address': '서울 마포구 상암산로 76 (상암동, YTN 뉴스퀘어) 15층 스튜디오초이스', 'map_url': 'https://maps.naver.com/?mapMode=0&dlevel=12&pinTitle=%ec%8a%a4%ed%8a%9c%eb%94%94%ec%98%a4+%ec%b4%88%ec%9d%b4%ec%8a%a4%e3%88%9c&lat=37.5791324586529&lng=126.892376309831'}}	https://www.jobkorea.co.kr/Recruit/GI_Read_Comt_Ifrm?Gno=49347857	2026.07.01(수)채용 시 마감
제이엠씨컨설팅㈜	풀스택(React 프론트, Java백앤드) 개발자	['풀스택', '개발자']	           제이엠씨컨설팅㈜ 풀스택(React 프론트, Java백앤드) 개발자                         JMC는 SAP의 GOLD Partner사로서 SAP CX/BRIM/BTP 솔루션 분야에 특화된 전문 컨설팅 기업입니다. 또한 SAP Korea로부터 고객 경험 관리(CX) 부문을 수상하여 전문성과 수행 역량을 인정받았습니다. 비록 큰 규모의 조직은 아니지만, SAP CX/BRIM/BTP 분야에서서는 국내 최고 수준의 전문성을 보유한 기업으로 평가받고 있으며, 다양한 B2B 고객사 솔루션 구축 및 컨설팅 경험을 바탕으로 고객 비즈니스 혁신을 지원하고 있습니다. 특히 최근 2년간 빠른 성장세를 이어가고 있으며, 지속적인 사업 확장과 함께 회사와 동반 성장할 역량 있는 인재를 모시고 있습니다.           모집분야 및 자격요건     모집분야 및 자격요건 정보      모집분야 주요 업무 자격요건 및 우대사항      풀스택(React 프론트, Java백앤드) 개발자   React 기반 프론트엔드 화면 설계 및 구현 SpringBoot 기반 RESTAPI 및 백엔드 비즈니스 로직 개발 AWS클라우드 환경에서의 서비스 구축 및 배포 데이터베이스 설계 및 연동 프론트엔드-백엔드 전 영역에 걸친 기능 개발 및 유지보수 코드리뷰, 기술문서 작성등 협업활동     자격요건 학력 : 학사 이상 경력 : 3년 이상 React, JavaScript/TypeScript 기반 프론트엔드 개발 경험 Java, Spring Boot 기반 백엔드 개발 경험 REST API 설계 및 개발 경험 RDBMS(MySQL, PostgreSQL 등) 설계 및 SQL 작성 능력 Git 기반 협업 및 형상관리 경험 프론트엔드와 백엔드를 아우르는 풀스택 개발 경험 해외 여행에 결격 사유가 없는 자 남성의 경우 병역을 필하였거나 면제된 자   우대사항 AWS 주요 서비스(EC2, S3, RDS, ECS/EKS, Lambda 등) 활용 경험  CI/CD 파이프라인 구축 및 운영 경험 (Jenkins, GitHub Actions 등) Docker/Kubernetes 등 컨테이너 환경 경험 대규모 트래픽 또는 엔터프라이즈 서비스 개발ㆍ운영 경험 SI 프로젝트 수행 경험 애자일(Scrum/Kanban) 개발 방법론 경험   기술 스택 Frontend : React, TypeScript Backend : Spring Boot, Java Infra/Cloud : AWS DB : [MySQL/PostgreSQL/Oracle 등] 협업/형상관리 : Git, [Jira/Confluence 등]                 근무형태   프로젝트 특성에 따라 고객사 또는 본사(합정역) 근무         함께하면 이런 점들이 좋아요     SAP 솔루션 교육지원     비즈니스 영어 교육 지원     직무 관련 도서 지원     건강검진비 지원     리프레시 휴가 제도     명절선물 or 상여금 지급     경조사 휴가 및 보조금 지원           합류 여정은 이렇게 진행돼요         STEP.01 서류전형   STEP.02 1차면접   STEP.03 임원면접   STEP.04 최종합격   * 면접일정은 추후 통보됩니다.        이 기간동안 모집해요   ~ 상시채용          지원 시 유의해주세요   허위사실이 발견될 경우 채용이 취소될 수 있습니다.          	['https://imgs.jobkorea.co.kr/img3/_thumb/960x0//Co_AgiImage/2024/10/JK_CO_IMAGE_I1fdpyf24102318485117_187252.png', 'https://file1.jobkorea.co.kr/Mng/2026/6/jmckor2023_260610_j01.png', 'https://imgs.jobkorea.co.kr/img3/_thumb/960x0//Co_AgiImage/2024/10/JK_CO_IMAGE_ng66L1d24102318484334_187243.png']	모집분야   풀스택 개발자   모집인원   ○명   고용형태   정규직      급여   회사 내규에 따름   근무지주소   서울 마포구 잔다리로 61 (서교동) 3/4층   인근지하철	경력3년↑, 대졸↑, 서울 마포구, 정규직	{'basic_info': {'산업': '솔루션·SI·CRM·ERP', '사원수': '46명 | ', '기업구분': '중소기업', '설립일': '2023.08.23 | (4년차)', '대표자': '신휘재', '주요사업': 'SAP CX / BRIM / BTP 솔루션 구축 및 유지보수', '4대보험': '국민연금, 건강보험, 고용보험, 산재보험', '홈페이지': 'https://www.jmckor.com', '주소': '서울 마포구 잔다리로 61 (서교동) 3/4층'}, 'financial': {}, 'history': [], 'employment': {'recruitments': []}, 'benefits': {'연금·보험': ['국민연금', '고용보험', '산재보험', '건강보험'], '보상·수당·지원': ['경조금', '명절선물/명절상여', '도서 구입비 지원', '성과급'], '사내시설': ['카페테리아']}, 'location': {'address': '서울 마포구 잔다리로 61 (서교동) 3/4층', 'map_url': 'https://maps.naver.com/?mapMode=0&dlevel=12&pinTitle=%ec%a0%9c%ec%9d%b4%ec%97%a0%ec%94%a8%ec%bb%a8%ec%84%a4%ed%8c%85%e3%88%9c&lat=37.5532161958539&lng=126.917364242848'}}	https://www.jobkorea.co.kr/Recruit/GI_Read_Comt_Ifrm?Gno=49347963	상시채용
㈜해커스어학원	[경력] AI 풀스택개발자 채용	['AI', '풀스택개발자']	          해커스교육그룹[경력] AI 풀스택개발자 채용   해커스교육그룹이 교육분야 최고의 권위를 이어나갈 인재를 모집합니다.      담당업무 및 자격/우대사항    AI 풀스택개발[채용시 마감]     구분    경력      고용형태    정규직      담당업무    LLM 기반 서비스 개발 : LLM(Large Language Model)을 활용한 교육 서비스 기획 및 개발 AI 에이전트 개발 : 학습자와 상호작용하는 AI 챗봇, 튜터링 시스템 개발 업무 자동화 : 사내 LLM을 활용한 자동화 프로세스 적용 및 개선      자격사항     학력/전공 무관 Python, Java, Node.js 중 하나 이상의 언어로 백엔드 개발 경험이 있는 분 React, Vue.js 등 모던 프론트엔드 프레임워크 사용 경험이 있는 분 AI/ML 기술에 관심이 많고 새로운 기술 습득에 적극적인 분 실질적인 LLM관련 프로젝트 수행경험 및 결과물(포트폴리오)이 있는 분      우대사항    LangChain, LangGraph 등 LLM 프레임워크 활용 경험 AI 챗봇 또는 RAG 시스템 개발 경험 교육 서비스 또는 EdTech 분야 개발 경험 업무 프로세스 자동화 구축 경험      연봉사항    연봉 : 면접 후 결정 공통사항 : 퇴직금 별도      근무환경    근무지 : 강남역 본사(강남역 9번출구 도보 5분) 근무시간 : 09시 ~ 18시      전형절차    서류전형 ⇒ 면접 ⇒ 신체검사 ⇒ 최종합격      접수방법     해커스 채용사이트 지원 ▶  잡코리아 온라인 입사지원              서류 발표 : 합격자에 한하여 개별 연락 서류 발표 : 합격자에 한하여 개별 연락        기타사항   채용절차의 공정화에 관한 법률 제11조에 따라 최종합격자를 제외한 지원자를 대상으로 기 제출한 채용서류(오프라인으로 제출한 서류)를 반환 받을 수 있습니다. 반환 청구 가능한 서류는 합격자발표일로부터 30일내에 반환을 청구할 수 있으며, 해당 기간내에 반환을 청구하지 않을 경우 파기됩니다. 단, 홈페이지 또는 전자우편을 통해 제출한 일체의 서류 및 당사의 요청이 없음에도 자발적으로 제출한 서류는 반환 청구 대상에 포함되지 않으며, 해커스교육그룹 개인정보처리방침에 따라서 3년간 보관된 후 파기됩니다.  오프라인 채용서류의 반환을 희망하는 경우 해커스교육그룹 채용 홈페이지 Q&A 메뉴를 통해  반환을 청구해주시기 바라며, 접수일로부터 14일 이내에 요청한 서류를 등기우편으로 발송해 드립니다. (반환비용은 당사에서 부담)  공인자격/외국어 시험 성적은 유효기간 내의 것만 인정합니다.(원서접수마감일 기준) 지원서 및 제출하신 서류에 허위사실이 확인 될 경우 해당자의 합격을 취소할 수 있으며, 입사 이후라도 입사가 취소될 수 있습니다.  지원서 외 서류(졸업증명서, 성적증명서, 어학성적표 등)은 최종합격자에 한하여 추후 제출합니다.   기타 문의사항은 해커스 채용사이트의 FAQ를 참고하시거나, Q&A로 문의주시기 바랍니다.                  	['https://file1.jobkorea.co.kr/Mng/2026/3/kwang168_0304_7.jpg', 'https://file1.jobkorea.co.kr/Mng/2023/11/kwang168_1116_001.jpg', 'https://file1.jobkorea.co.kr/Mng/2017/10/kwang168_1020_icon.jpg']	모집분야   AI 풀스택개발자   모집인원   ○명   고용형태   정규직      급여   회사 내규에 따름 (면접 후 결정, 퇴직금 별도)   근무시간   근무지주소   서울 서초구 서초4동 1316-15 현대성우빌딩 1층, 2층,   인근지하철   09:00 ~ 18:00	경력, 학력무관, 서울 서초구, 정규직		https://www.jobkorea.co.kr/Recruit/GI_Read_Comt_Ifrm?Gno=49345601	상시채용
메이저맵	메이저맵 프론트앤드 개발자(Next.js) 모집	['프론트엔드', '개발자']	"




메이저맵


프론트앤드 개발자(Next.js) 모집




`사람과 정보를 연결한다’는 미션을 품고, 중고등학생을 위한 진로정보플랫폼 <메이저맵>을 운영하고 있습니다.일반계 학생 15%가 사용하고 있으며, 매일 1,000명 이상의 학생들이 접속합니다.현재 메이저맵은 더 빠르고, 쾌적하며, 확장성 있는 서비스를 제공하기 위해 Next.js 기반으로 프론트엔드 아키텍처를 고도화하고 있습니다. 
데이터의 가치를 정교한 화면으로 구현하고, 전국 수십만 명의 학생과 교육 관계자들에게 최고의 사용자 경험(UX)을 선물할 동료를 찾습니다.







포지션 및 자격요건







프론트앤드 개발자(Next.js) ( 1명 ) 







이런 업무를 해요- 메이저맵 웹/앱 서비스 고도화 - 서비스 바로가기- Next.js 기반의 프론트엔드 신규 기능 개발 및 고도화- 컴포넌트 주도 개발(CDP) 기반의 재사용 가능한 UI 컴포넌트 설계- SEO(검색엔진 최적화) 및 웹 접근성 향상- 백엔드 개발자, 프로덕트 디자이너, 기획자와의 긴밀한 협업을 통한 유저 시나리오 구체화 
이런 역량이 필요해요
- 프론트엔드 개발 경력 3년 이상 (또는 이에 준하는 실무 역량을 갖추신 분)- React 및 Next.js(App Router/Pages Router)에 대한 깊은 이해와 실무 개발 경험- TypeScript를 활용한 안정적인 타입 스크립팅 및 개발 경험- HTML5, CSS3에 대한 숙련된 이해- Git 기반의 협업 문화에 적극적이신 분
 
우대사항
- 대규모 트래픽 서비스의 프론트엔드 성능 최적화 경험이 있으신 분- 복잡한 데이터 시각화(D3.js, Chart.js 등) 및 인터랙티브 웹 개발 경험이 있으신 분- CI/CD 파이프라인(GitHub Actions, Vercel, AWS 등) 구축 및 배포 경험이 있으신 분- 교육 산업(EdTech) 또는 데이터 플랫폼 서비스에 관심이 많으신 분












근무환경ㆍ근무기간 : 빠른 입사 선호 (3개월 수습기간)ㆍ근무시간 : 09:00 ~18:00 (일 8시간, 주 5일 근무)ㆍ급여 : 면접 후 내규에 따름






전형절차
ㆍ서류전형 > 1차면접 > 컬처핏 확인 및 임원 면접 > 최종합격
ㆍ면접 대상자분께는 서류접수 후 3일 내로 통보해 드립니다.













유의사항
ㆍ허위사실이 발견될 경우 채용이 취소될 수 있습니다.









"	[]	모집분야   프론트엔드 개발자   모집인원   1명   고용형태   정규직   (수습 3개월)   직급/직책      급여   회사 내규에 따름 (면접 후 결정)   근무시간   근무지주소   서울 중구 청계천로 40 (다동, 한국관광공사서울센터) 1010호   인근지하철   주5일(월~금)   09:00 ~ 18:00	경력3년↑, 학력무관, 서울 중구, 정규직, 팀원	{'basic_info': {'산업': '응용 소프트웨어 개발 및 공급업', '사원수': '13명 | (2022.08.04)', '기업구분': '중소기업', '설립일': '2020.05.28 | (7년차)', '자본금': '3,966만원 | (2025.12.31)', '매출액': '12억 2백만원 | (2025.12.31)', '대표자': '이중훈', '대졸초임': '3,100만원', '주요사업': '응용 소프트웨어 개발 및 공급업', '4대보험': '국민연금, 건강보험, 고용보험, 산재보험', '홈페이지': 'https://www.majormap.kr', '주소': '서울 중구 청계천로 40 (다동, 한국관광공사서울센터) 1010호'}, 'financial': {'매출액': {'current_value': '12억 2백만원'}, '영업이익': {'current_value': '-9억 5,212만원'}, '당기순이익': {'current_value': '-6억 2,497만원'}, '산업 내 위치': {'current_value': None}, '기업등급': {'current_value': None}, '총자산 증가율': {'current_value': '31억 4천만원'}}, 'history': [{'year': '2021', 'month': '04', 'events': ['글로벌 창업사관학교(중소기업벤처부) 선정기업']}, {'year': '2021', 'month': '03', 'events': ['교육부, 국토부, KERIS 세종 스마트시티 국가시범도시 건설 프로젝트, 에듀테크 실증기업 선정']}, {'year': '2021', 'month': '02', 'events': ['신규 서비스 및 기술 알고리즘 관련 특허 3건 출원', '(주) 메이저맵 부설 연구소 설립']}, {'year': '2021', 'month': '01', 'events': ['한국콘텐츠진흥원 CKL기업지원센터 입주기업 선정']}, {'year': '2020', 'month': '12', 'events': ['4차 산업혁명 대비 디지털 기반 진로지도 모델구축을 위한 연구용역 컨설팅 (강릉원주대)']}, {'year': '2020', 'month': '11', 'events': ['신용보증기금 4.0 창업경진대회 우수상 수상']}, {'year': '2020', 'month': '09', 'events': ['창업진흥원 초기창업패키지 수행기업 선정, 수행완료']}, {'year': '2020', 'month': '08', 'events': ['블루투자포인트 파트너스 투자 유치', '서울대학교 캠퍼스타운 입주 스타트업 선정']}, {'year': '2020', 'month': '07', 'events': ['강릉원주대학교 LINC+사업단 업무협약 체결']}, {'year': '2020', 'month': '06', 'events': ['(주)캠퍼스멘토 업무협약 체결']}, {'year': '2020', 'month': '05', 'events': ['(주)메이저맵 설립']}], 'employment': {'recruitments': []}, 'benefits': {}, 'location': {'address': '서울 중구 청계천로 40 (다동, 한국관광공사서울센터) 1010호', 'map_url': 'https://maps.naver.com/?mapMode=0&dlevel=12&pinTitle=%eb%a9%94%ec%9d%b4%ec%a0%80%eb%a7%b5&lat=37.5685382687504&lng=126.981654392431'}}	https://www.jobkorea.co.kr/Recruit/GI_Read_Comt_Ifrm?Gno=49352303	2026.07.10(금)
㈜에이솔	여의도역 금융권 FDS 개발	['여의도', '금융권', 'FDS', '개발']	"





㈜에이솔


여의도역 금융권 FDS 개발




㈜에이솔은 2003년에 설립된 회사로 자본금 1억 3,000만원, 매출액 179억 1천만원, 사원수 210명 규모의 중소기업입니다. 서울 금천구 디지털로9길 46 (가산동, 이앤씨드림타워7차)에 위치하고 있으며, SI/SM/ERP구축/솔루션판매/아웃소싱사업을 하고 있습니다.







포지션 및 자격요건







여의도 금융권  FDS 개발 ( 6명 ) 







담당업무
ㆍ카드사 FDS 개발
ㆍ상세내용을 입력하세요

스킬
ㆍJAVA, Vue.js

자격요건
ㆍ학력 : 초대졸이상
ㆍ경력 : 경력6년↑

우대사항
ㆍ카드사 FDS 경험자 우대
ㆍ상세내용을 입력하세요



















전형절차
ㆍ서류전형 > 1차면접 > 2차면접 > 임원면접 > 최종합격
ㆍ면접일정은 추후 통보됩니다.













유의사항
ㆍ허위사실이 발견될 경우 채용이 취소될 수 있습니다.









"	[]	모집분야   여의도 금융권  FDS 개발   모집인원   6명   고용형태   계약직   (근무기간 6개월)   ,    프리랜서   (근무기간 6개월)   급여   회사 내규에 따름   근무시간   근무지주소   서울 영등포구 의사당대로 101 (여의도동, 여의도역) 인근   인근지하철   주5일(월~금)   09:00 ~ 18:00	경력6년↑, 초대졸↑, 서울 영등포구, 계약직 외	{'basic_info': {'산업': '전시, 컨벤션 및 행사 대행업', '사원수': '6명 | (2024.05.10)', '기업구분': '중소기업', '설립일': '2012.02.06 | (15년차)', '자본금': '5,000만원 | (2024.12.31)', '매출액': '32억 6천만원 | (2024.12.31)', '대표자': '이정우', '주요사업': '행사,광고,홍보 대행,행사,강연 기획,온라인소프트웨어 개발/비주거용건물 임대', '4대보험': '국민연금, 건강보험, 고용보험, 산재보험', '홈페이지': 'http://www.ccon.co.kr', '주소': '서울 강남구 논현로149길 31 (논현동, 동남빌딩) 1층 2호'}, 'financial': {'매출액': {'current_value': '32억 6천만원'}, '영업이익': {'current_value': '7,175만원'}, '당기순이익': {'current_value': '5,552만원'}, '산업 내 위치': {'current_value': None}, '기업등급': {'current_value': None}, '총자산 증가율': {'current_value': '10억 9천만원'}, '동종업계 순위': {'current_value': None}}, 'history': [{'year': '2012', 'month': '02', 'events': ['(주)써클커넥션 설립']}], 'employment': {'recruitments': []}, 'benefits': {'연금·보험': ['국민연금', '고용보험', '산재보험', '건강보험'], '휴무·휴가·행사': ['주5일제', '반차제도'], '보상·수당·지원': ['퇴직금', '정기보너스', '휴일근로수당', '야간교통비 지급', '성과급'], '사내제도·성장': ['수평적 문화', '자율복장', '주52시간'], '편의·여가·건강': ['점심 식사 지원', '식사 지원', '음료/간식 제공']}, 'location': {'address': '서울 강남구 논현로149길 31 (논현동, 동남빌딩) 1층 2호', 'map_url': 'https://maps.naver.com/?mapMode=0&dlevel=12&pinTitle=%e3%88%9c%ec%8d%a8%ed%81%b4%ec%bb%a4%eb%84%a5%ec%85%98&lat=37.5177604145247&lng=127.026055327841'}}	https://www.jobkorea.co.kr/Recruit/GI_Read_Comt_Ifrm?Gno=49352297	2026.06.23(화)
㈜시선아이티	(주)시선아이티 생성형 AI 기반 플랫폼 개발자 채용(경력)	['LLM', '서비스', '개발자,', '응용프로그램', '개발자']	"




㈜시선아이티


(주) 시선아이티 생성형 AI 기반 플랫폼 개발자 채용(경력) 




(주)시선아이티는 GIS 기술과 LLM 을 융합하여 지능형 서비스 플랫폼을 선도하는 전문 기업입니다.시선아이티는 기후에너지환경부 주관 `AI 응용제품 신속상용화 지원사업(환경)`의 주관기관으로 선정되어, 기후변화로 인한 돌발홍수 등 재해·재난 현장에서 국민의 생명을 선제적으로 보호할 생성형 AI 플랫폼 구축 프로젝트를 추진하고 있습니다.국제표준 애자일 방법론을 적용하여 실무 중심의 유연하고 속도감 있게 진행하는 이번 상용화 프로젝트에서, 최고 수준의 기술적 성장을 함께 이뤄낼 우수한 인재를 모십니다. 핵심역량은 성장지향성, 성실성, 동료와 협업능력을 요구합니다. 



※ [필수] 지원 시 희망 포지션을 반드시 기재해 주시기 바랍니다.


포지션 및 자격요건







LLM 서비스 개발자 (1명 ) 







담당업무
ㆍLLM 기반 AI 응용서비스(RAG, AI Agent) 기획, 아키텍처 설계 및 개발ㆍ자체 LLM 플랫폼을 활용한  AI 응용 서비스 개발ㆍAI 서비스 고도화를 위한 데이터(공간정보 및 영상, 텍스트 데이터 등) 수집/전처리/인덱싱 체계 등 파이프라인 구축

자격요건
 ㆍ경력 : AI 서비스 개발 실무 3년 이상 (총 소프트웨어 개발 경력 5년 이상) ㆍ학력 : 초대졸 이상  ㆍLLM 기반 RAG 및 AI Agent 워크플로우 자동화 구현 경험 ㆍ전자정부프레임워크 또는 스프링기반 웹서비스 개발 실무 경험 ㆍ공공기관망(행정망, 폐쇄망, 온프레미스 환경)에 AI 서비스/모델을 배포하고 운영해 본 경험 ㆍCursor, Claude 등 AI 코딩 도구 활용능력우대사항 ㆍAI 서비스 프로젝트의 PM/PL 역할을 수행하며 기획/설계를 주도하신 분 ㆍ 공공 SI 또는 공간정보(GIS) 관련 프로젝트 수행 경험자 ㆍ vLLM, SGLang 등 LLM 고성능 추론·서빙 엔진 활용 및 오픈소스 LLM 온프레미스 서빙 경험자 ㆍ LLM/멀티모달 모델 파인튜닝(Full, PEFT, SFT 등) 및 데이터셋 구축 경험자 ㆍ 관련 분야(컴퓨터공학, 데이터사이언스, 공간정보학 등) 석사 또는 박사 학위 보유자









응용프로그램 개발자(1명) 







담당업무 ㆍLLM 기반 응용서비스 개발 및 아키텍처 설계   - LLM 기반 AI 응용서비스(RAG, AI Agent)의 서비스 기획, 웹 아키텍처 설계 및 구현   - 회사의 자체 LLM 플랫폼을 활용하여 재해·재난 현장에 필요한 맞춤형 AI 응용 서비스 개발 ㆍ 웹·모바일 서비스 구현 및 AI 결과 시각화 표출   - AI가 분석한 데이터를 대형 모니터링 대시보드 및 모바일 어플리케이션(앱/웹) 화면에 직관적으로 시각화(표출)   - 사용자가 AI 기능을 매끄럽게 사용할 수 있도록 Front-end와 Back-end 간의 유기적인 연동 개발   - 현장 중심의 실시간 대응을 위한 모바일 앱 UI/UX 최적화 및 안정적인 모바일 연동 기능 구현
자격요건
ㆍ경력 : 소프트웨어 개발 경력 3년 이상ㆍ학력 : 초대졸 이상 ㆍ전자정부프레임워크 또는 스프링기반 웹서비스 개발 실무 경험ㆍReact, Next.js 및 상태 관리 라이브러리(Zustand, Recoil 등)를 활용한 컴포넌트 기반 웹 개발이 가능하신 분ㆍJava, Spring Boot 또는 전자정부프레임워크(eGovFrame) 기반의 RESTful API 설계 및 개발 역량을 보유하신 분ㆍPostgreSQL 등 관계형 데이터베이스(RDBMS) 활용에 능숙하신 분ㆍCursor, Claude 등 AI 코딩 도구 활용능력

우대사항
ㆍ 공공 SI 또는 GIS 관련 프로젝트 수행 경험자
ㆍOpenLayers, Cesium.js 등 2D/3D 라이브러리를 활용하여 지도 위에 실시간 데이터나 AI 결과를 표출해 본 경험자ㆍ 공공기관 웹 표준, 디지털 정부 UI/UX 가이드라인, 웹 접근성(KWCAG) 준수 경험자



















전형절차
ㆍ서류전형 > 1차면접 > 임원면접 > 최종합격
ㆍ면접일정은 추후 통보됩니다.













유의사항
ㆍ허위사실이 발견될 경우 채용이 취소될 수 있습니다.









"	[]	모집분야   LLM 서비스 개발자, 응용프로그램 개발자   모집인원   2명   고용형태   정규직   (수습 3개월)   직급/직책      급여   회사 내규에 따름 (면접 후 결정)   근무시간   근무지주소   서울 금천구 가산디지털1로 205 (가산동, 케이씨씨 웰츠밸리) 1302호   인근지하철   주5일(월~금)   09:30 ~ 18:30	경력3년↑, 초대졸↑, 서울 금천구, 정규직	{'basic_info': {'산업': '솔루션·SI·CRM·ERP', '사원수': '66명 | ', '기업구분': '중소기업', '설립일': '2012.06.13 | (15년차)', '자본금': '5,000만원 | ', '매출액': '40억 | ', '대표자': '정종윤', '대졸초임': '3,400만원', '주요사업': '공공 SI 수행,시스템유지보수,지리정보 DB 구축', '4대보험': '국민연금, 건강보험, 고용보험, 산재보험', '홈페이지': 'http://seesunit.com', '주소': '서울 금천구 가산디지털1로 205 (가산동, 케이씨씨 웰츠밸리) 1302호'}, 'financial': {'매출액': {'current_value': '50억 4천만원'}, '영업이익': {'current_value': '1억 3,850만원'}, '당기순이익': {'current_value': '1억 746만원'}, '산업 내 위치': {'current_value': None}, '기업등급': {'current_value': None}, '총자산 증가율': {'current_value': '50억 7천만원'}, '동종업계 순위': {'current_value': None}}, 'history': [], 'employment': {'recruitments': []}, 'benefits': {'연금·보험': ['국민연금', '고용보험', '산재보험', '건강보험'], '휴무·휴가·행사': ['주5일제', '연차제도', '경조휴가', '반차제도', '리프레시 휴가', '포상휴가', '노동절 휴무', '워크샵/MT'], '보상·수당·지원': ['퇴직금', '자격증 수당', '명절선물/명절상여', '도서 구입비 지원', '성과급'], '편의·여가·건강': ['건강검진'], '기타': ['도서구입지원']}, 'location': {'address': '서울 금천구 가산디지털1로 205 (가산동, 케이씨씨 웰츠밸리) 1302호', 'map_url': 'https://maps.naver.com/?mapMode=0&dlevel=12&pinTitle=%e3%88%9c%ec%8b%9c%ec%84%a0%ec%95%84%ec%9d%b4%ed%8b%b0&lat=37.4839340594047&lng=126.879581676644'}}	https://www.jobkorea.co.kr/Recruit/GI_Read_Comt_Ifrm?Gno=49352289	2026.07.10(금)
메이저맵	메이저맵 파이썬 백엔드 개발자(FastAPI / GCP) 모집	['파이썬', '백엔드', '개발자']	"




메이저맵


파이썬 백엔드 개발자(FastAPI / GCP) 모집




`사람과 정보를 연결한다’는 미션을 품고, 중고등학생을 위한 진로정보플랫폼 <메이저맵>을 운영하고 있습니다.일반계 학생 15%가 사용하고 있으며, 매일 1,000명 이상의 학생들이 접속합니다.전국 4년제 대학교의 학과 및 수업자료, 진로설계에 유용한 다양한 콘텐츠를 제공하고 있습니다.메이저맵 서비스를 안정적으로, 속도감있게 만들어주실 백엔드 개발자분을 모십니다.







포지션 및 자격요건







파이썬 백엔드 개발자(FastAPI / GCP) ( 1명 ) 







이런 업무를 해요ㆍ메이저맵 웹/앱 서비스 고도화 - 서비스 바로가기ㆍFastAPI 기반 서버 사이드 설계 및 개발ㆍAI 모델 서빙 및 연동 : LLM(OpenAI, Anthropic 등) 및 자체 AI 모델을 서비스 API에 효율적으로 통합ㆍGCP 기반 인프라 운영 : Cloud Run, Vertex AI 등을 활용한 안정적인 서비스 배포 및 모니터링ㆍ시스템 아키텍처 개선 : 확장성 있는 데이터 모델 설계 및 기존 비즈니스 로직의 고도화ㆍ소규모 정예 협업 : 기획자/디자이너/프론트엔드 개발자와 긴밀하게 소통하며 제품의 방향성 결정 
이런 역량이 필요해요
ㆍ백엔드 개발 경력 3년 이상 (또는 그에 준하는 실력을 갖춘 분)ㆍPython 및 FastAPI 프레임워크 실무 경험을 갖춘 분ㆍGoogle Cloud Platform(GCP) 환경에서 인프라를 구축하고 운영해 본 경험이 있는 분ㆍRDBMS(PostgreSQL, MySQL 등)의 성능 최적화 및 데이터 모델링 역량이 있는 분ㆍ새로운 기술(특히 AI/LLM)을 학습하고 제품에 적용하는 데 거부감이 없으신 분
 
우대사항
ㆍAI/ML에 대한 높은 관심 및 실무 적용 경험 : 각종 LLM API를 활용한 서비스 개발 및 프롬프트 엔지니어링 경험ㆍGCP의 매니지드 서비스(Cloud Run, Vertex AI, BigQuery 등) 활용 능력ㆍDocker 및 Kubernetes를 이용한 컨테이너 기반 운영 경험ㆍ테스트 코드 작성(Pytest 등) 및 CI/CD 파이프라인 구축 숙련자 












근무환경ㆍ근무기간 : 빠른 입사 선호 (3개월 수습기간)ㆍ근무시간 : 09:00 ~18:00 (일 8시간, 주 5일 근무)ㆍ급여 : 면접 후 내규에 따름






전형절차
ㆍ서류전형 > 1차면접 > 컬처핏 확인 및 임원 면접 > 최종합격
ㆍ면접 대상자분께는 서류접수 후 3일 내로 통보해 드립니다.













유의사항
ㆍ허위사실이 발견될 경우 채용이 취소될 수 있습니다.









"	[]	모집분야   파이썬 백엔드 개발자   모집인원   1명   고용형태   정규직   (수습 3개월)   직급/직책      급여   회사 내규에 따름 (면접 후 결정)   근무시간   근무지주소   서울 중구 청계천로 40 (다동, 한국관광공사서울센터) 1010호   인근지하철   주5일(월~금)   09:00 ~ 18:00	경력3년↑, 학력무관, 서울 중구, 정규직, 팀원	{'basic_info': {'산업': '응용 소프트웨어 개발 및 공급업', '사원수': '13명 | (2022.08.04)', '기업구분': '중소기업', '설립일': '2020.05.28 | (7년차)', '자본금': '3,966만원 | (2025.12.31)', '매출액': '12억 2백만원 | (2025.12.31)', '대표자': '이중훈', '대졸초임': '3,100만원', '주요사업': '응용 소프트웨어 개발 및 공급업', '4대보험': '국민연금, 건강보험, 고용보험, 산재보험', '홈페이지': 'https://www.majormap.kr', '주소': '서울 중구 청계천로 40 (다동, 한국관광공사서울센터) 1010호'}, 'financial': {'매출액': {'current_value': '12억 2백만원'}, '영업이익': {'current_value': '-9억 5,212만원'}, '당기순이익': {'current_value': '-6억 2,497만원'}, '산업 내 위치': {'current_value': None}, '기업등급': {'current_value': None}, '총자산 증가율': {'current_value': '31억 4천만원'}}, 'history': [{'year': '2021', 'month': '04', 'events': ['글로벌 창업사관학교(중소기업벤처부) 선정기업']}, {'year': '2021', 'month': '03', 'events': ['교육부, 국토부, KERIS 세종 스마트시티 국가시범도시 건설 프로젝트, 에듀테크 실증기업 선정']}, {'year': '2021', 'month': '02', 'events': ['신규 서비스 및 기술 알고리즘 관련 특허 3건 출원', '(주) 메이저맵 부설 연구소 설립']}, {'year': '2021', 'month': '01', 'events': ['한국콘텐츠진흥원 CKL기업지원센터 입주기업 선정']}, {'year': '2020', 'month': '12', 'events': ['4차 산업혁명 대비 디지털 기반 진로지도 모델구축을 위한 연구용역 컨설팅 (강릉원주대)']}, {'year': '2020', 'month': '11', 'events': ['신용보증기금 4.0 창업경진대회 우수상 수상']}, {'year': '2020', 'month': '09', 'events': ['창업진흥원 초기창업패키지 수행기업 선정, 수행완료']}, {'year': '2020', 'month': '08', 'events': ['블루투자포인트 파트너스 투자 유치', '서울대학교 캠퍼스타운 입주 스타트업 선정']}, {'year': '2020', 'month': '07', 'events': ['강릉원주대학교 LINC+사업단 업무협약 체결']}, {'year': '2020', 'month': '06', 'events': ['(주)캠퍼스멘토 업무협약 체결']}, {'year': '2020', 'month': '05', 'events': ['(주)메이저맵 설립']}], 'employment': {'recruitments': []}, 'benefits': {}, 'location': {'address': '서울 중구 청계천로 40 (다동, 한국관광공사서울센터) 1010호', 'map_url': 'https://maps.naver.com/?mapMode=0&dlevel=12&pinTitle=%eb%a9%94%ec%9d%b4%ec%a0%80%eb%a7%b5&lat=37.5685382687504&lng=126.981654392431'}}	https://www.jobkorea.co.kr/Recruit/GI_Read_Comt_Ifrm?Gno=49352276	2026.07.10(금)채용 시 마감
㈜그랩록	[의왕시] 은행사 기업뱅킹 ,공통, 고급, 5MM	['은행사', '기업뱅킹', '/공통']	"





㈜그랩록


[의왕시] 은행사 기업뱅킹 ,공통, 고급, 5MM




㈜그랩록은 2017년에 설립된 회사로 매출액 31 사원수 37명 규모의 중소기업입니다. 서울 금천구 가산디지털1로 58  (가산동)에 위치하고 있으며, 소프트웨어개발, 시스템 통합사업을 하고 있습니다.







포지션 및 자격요건







은행사 기업뱅킹 /공통  




등급 : 고급 기간 : 2026.07.01~2026.11.30스킬 : java, jsp업무 : 공통, 뱅킹, ,(공통메인 따로 있음, AA아님)장소 : 인덕원우대 : 농협경험자 분, 관련업무 경험자기타 : 경력증빙 필수 



















전형절차
ㆍ서류전형 > 1차면접 > 2차면접 > 임원면접 > 최종합격
ㆍ면접일정은 추후 통보됩니다.













유의사항
ㆍ허위사실이 발견될 경우 채용이 취소될 수 있습니다.









"	[]	모집분야   은행사 기업뱅킹 /공통   모집인원   1명   고용형태   프리랜서   (근무기간 5개월)   급여   회사 내규에 따름   근무시간   근무지주소   서울 금천구 가산디지털1로 58  (가산동) .   인근지하철   주5일(월~금)   09:00 ~ 18:00	경력10년↑, 초대졸↑, 서울 금천구, 프리랜서	{'basic_info': {'산업': '솔루션·SI·CRM·ERP', '사원수': '37명 | ', '기업구분': '중소기업', '설립일': '2017.03.23 | (10년차)', '자본금': '- | ', '매출액': '3만원 | ', '대표자': '.', '주요사업': '소프트웨어개발, 시스템 통합', '4대보험': '국민연금, 건강보험, 고용보험, 산재보험', '홈페이지': '-', '주소': '서울 금천구 가산디지털1로 58  (가산동) .'}, 'financial': {}, 'history': [], 'employment': {'recruitments': []}, 'benefits': {}, 'location': {'address': '서울 금천구 가산디지털1로 58  (가산동) .', 'map_url': 'https://maps.naver.com/?mapMode=0&dlevel=12&pinTitle=%e3%88%9c%ea%b7%b8%eb%9e%a9%eb%a1%9d&lat=37.4712504727794&lng=126.886588010844'}}	https://www.jobkorea.co.kr/Recruit/GI_Read_Comt_Ifrm?Gno=49352227	2026.07.10(금)
㈜LIG시스템	[LIG그룹] LIG시스템 각 부문별 신입/경력직 채용	['응용', 'SM', '(경력)_운영지원개발,', '응용', 'SM', '(경력)_시스템', '운영(PLM),', '응용', 'SM', '(경력)_생산도메인개발및유지보수,', '응용', 'SM', '(경력)_시스템개발', '및', '유지보수,', '응용', 'SM', '(경력)_제조AX사업', '발굴', '및', '이행,', '인프라', '(신입),', '인프라', '(경력),', '개발', '(경력),', 'Vertical', 'AI', '(경력),', 'AI', '플랫폼', '(경력),', 'AI', '데이터', '플랫폼', '(경력)']	            	['http://file1.jobkorea.co.kr/Mng/2026/6/ligsystem_260612-1.png']	모집분야   응용 SM (경력)_운영지원개발, 응용 SM (경력)_시스템 운영(PLM), 응용 SM (경력)_생산도메인개발및유지보수, 응용 SM (경력)_시스템개발 및 유지보수, 응용 SM (경력)_제조AX사업 발굴 및 이행, 인프라 (신입), 인프라 (경력), 개발 (경력), Vertical AI (경력), AI 플랫폼 (경력), AI 데이터 플랫폼 (경력)   모집인원   ○○명   고용형태   정규직      ,    계약직      급여   회사 내규에 따름   근무시간   근무지주소   서울 용산구 한남대로 98 (한남동, 일신빌딩) 5층, LIG시스템   인근지하철   주5일(월~금)   09:00 ~ 18:00	신입·경력, 초대졸↑, 서울 용산구 외, 정규직 외	{'basic_info': {'산업': '응용 소프트웨어 개발 및 공급업', '사원수': '442명 | (2026.03.30)', '기업구분': '중견기업', '설립일': '2005.01.01 | (22년차)', '자본금': '70억원 | (2025.12.31)', '매출액': '1,331억 4천만원 | (2025.12.31)', '대표자': '홍길준', '주요사업': '소프트웨어 자문,개발,보험,연금,전산시스템용역 제공,인터넷 정보/컴퓨터,주변장치,S/W 도소매/전자상거래', '4대보험': '국민연금, 건강보험, 고용보험, 산재보험', '홈페이지': 'http://www.ligs.co.kr', '주소': '서울 용산구 한남대로 98 (한남동, 일신빌딩) 5층, LIG시스템', '계열사': '엘아이지그룹 엘아이지정밀기술(주) (주)엘아이지아큐버 (주)엘아이지휴세코 (주)예카투어 엘아이지디펜스앤에어로스페이스(주) (주)명성라이픽스 (주)소프트원 (주)엘아이지 (주)화인 (주)서빅 (주)케이제이렌탈 (주)엘아이지홈앤밀 엘아이지풍산프로테크(주) (주)웨이티즈 엘엔지옵트로닉스(주) (주)위키부동산중개법인 블랑제리길(주)'}, 'financial': {'매출액': {'current_value': '1,331억 4천만원'}, '영업이익': {'current_value': '44억 9천만원'}, '당기순이익': {'current_value': '55억 3천만원'}, '산업 내 위치': {'current_value': None}, '기업등급': {'current_value': None}, '총자산 증가율': {'current_value': '819억 4천만원'}, '동종업계 순위': {'current_value': None}}, 'history': [{'year': '2023', 'month': '02', 'events': ['(주)소프트원 인수']}, {'year': '2014', 'month': '12', 'events': ['엘아이지엔설팅(주) 합병']}, {'year': '2014', 'month': '11', 'events': ['선진교통안전대상 국민안전처장관상 수상']}, {'year': '2010', 'month': '07', 'events': ['미국 Attivio사와 국내 총판 파트너십 체결']}, {'year': '2009', 'month': '05', 'events': ['1,500백만원으로 자본금 증자']}, {'year': '2008', 'month': '06', 'events': ['LIG넥스원 IT운영 아웃소싱 계약체결']}, {'year': '2007', 'month': '04', 'events': ['LIG건설 통합정보시스템 계약체결']}, {'year': '2005', 'month': '01', 'events': ['LIG손해보험 IT운영 아웃소싱 계약체결']}, {'year': '2004', 'month': '11', 'events': ['(주)엘아이지시스템 설립']}], 'employment': {'recruitments': []}, 'benefits': {'연금·보험': ['국민연금', '고용보험', '산재보험', '건강보험'], '휴무·휴가·행사': ['주5일제', '연차제도', '월차제도', '정기휴가', '경조휴가', '반차제도', '리프레시 휴가', '창립일 휴무', '노동절 휴무', '워크샵/MT', '체육대회'], '보상·수당·지원': ['퇴직금', '경조금', '인센티브', '자녀교육비', '장기근속 포상', '우수사원 포상제도', '임직원 교육비', '자기개발 지원', '야간근로수당', '휴일근로수당', '연월차제도수당', '직책수당', '휴가비', '성과급'], '사내제도·성장': ['신입 사원 교육', '직무능력향상교육', '자격증취득지원'], '사내시설': ['휴식공간'], '편의·여가·건강': ['건강검진']}, 'location': {'address': '서울 용산구 한남대로 98 (한남동, 일신빌딩) 5층, LIG시스템', 'map_url': 'https://maps.naver.com/?mapMode=0&dlevel=12&pinTitle=%e3%88%9cLIG%ec%8b%9c%ec%8a%a4%ed%85%9c&lat=37.5371417347607&lng=127.005481254746'}}	https://www.jobkorea.co.kr/Recruit/GI_Read_Comt_Ifrm?Gno=49351304	2026.06.30(화)
㈜벨텍소프트	[경력] C# 개발자 채용	['C#개발자']	"




㈜벨텍소프트


 [ C# 개발 ] 정규직 채용




㈜벨텍소프트는 2017년에 설립된 회사로 자본금 1억 5,000만원, 매출액 50억, 사원수 28명 규모의 중소기업입니다. 서울 송파구 법원로11길 7 (문정동, 문정현대지식산업센터1-2)에 위치하고 있으며, 머신러닝 및 인공지능사업을 하고 있습니다.







포지션 및 자격요건







포지션 ( 1명 ) 







담당업무
ㆍC# 개발ㆍ분석, 설계, 솔루션기반 

자격요건ㆍ경력 : 4 ~5년(KOSA 경력증명서 확인)ㆍ학력 : 학력무관ㆍ팀, 파견 근무 프로젝트 수행가능자ㆍ근무지 : 천호동 - 출,퇴근 가능자
우대사항ㆍ장기근무자
ㆍ관련 학과 전공자
ㆍ관련 자격증 보유자(정보처리기사, 산업기사 등)ㆍ상황도 관련 업무 근무자 우대ㆍ국방 및 공공프로젝트 유경험자ㆍ팀원간 원활한 의사소통 및 협업 가능한 근무 및 급여 조건ㆍ정규직ㆍ급여 : 면접 후 협의(경력에 따라 상이)



















전형절차
ㆍ서류전형 > 1차면접 > 2차면접 > 임원면접 > 최종합격
ㆍ면접일정은 추후 통보됩니다.













유의사항
ㆍ허위사실이 발견될 경우 채용이 취소될 수 있습니다.









"	[]	모집분야   C#개발자   모집인원   1명   고용형태   정규직      급여   회사 내규에 따름 (면접 후 결정)   근무시간   근무지주소   서울 송파구 법원로11길 7 (문정동, 문정현대지식산업센터1-2) C동 1414호   주5일(월~금)   09:00 ~ 18:00	경력4년↑, 학력무관, 서울 송파구 외, 정규직	{'basic_info': {'산업': '솔루션·SI·CRM·ERP', '사원수': '28명 | ', '기업구분': '중소기업', '설립일': '2017.02.01 | (10년차)', '자본금': '1억 5,000만원 | ', '매출액': '50억 | ', '대표자': '황종휘', '주요사업': '머신러닝 및 인공지능', '4대보험': '국민연금, 건강보험, 고용보험, 산재보험', '홈페이지': 'https://www.belltechsoft.co.kr/', '주소': '서울 송파구 법원로11길 7 (문정동, 문정현대지식산업센터1-2) C동 1414호'}, 'financial': {}, 'history': [], 'employment': {'recruitments': []}, 'benefits': {'연금·보험': ['국민연금', '고용보험', '산재보험', '건강보험'], '휴무·휴가·행사': ['주5일제', '연차제도', '워크샵/MT'], '보상·수당·지원': ['퇴직금', '장기근속 포상', '도서 구입비 지원'], '편의·여가·건강': ['저녁 식사 지원']}, 'location': {'address': '서울 송파구 법원로11길 7 (문정동, 문정현대지식산업센터1-2) C동 1414호', 'map_url': 'https://maps.naver.com/?mapMode=0&dlevel=12&pinTitle=%e3%88%9c%eb%b2%a8%ed%85%8d%ec%86%8c%ed%94%84%ed%8a%b8&lat=37.4853599916486&lng=127.119230746859'}}	https://www.jobkorea.co.kr/Recruit/GI_Read_Comt_Ifrm?Gno=49352138	2026.07.10(금)
메이팜소프트	웹프로젝트 수행 개발 경력자 채용	['웹프로젝트', '수행', '개발자']	"




메이팜소프트


웹프로젝트 수행 개발 경력자 채용




큐비언트에이아이는 2016년에 설립된 회사로 자본금 3억원, 매출액 35억원, 사원수 25명 규모의 고용노동부에서 선정한 서울형 강소기업입니다.  서울 송파구 문정동에 위치하고 있으며, 정형&비정형 데이터 수집 및 분석, 검색, 지능형 챗봇, 컴퓨터비전관련 연구개발 및 컨설팅사업을 하고 있습니다.







포지션 및 자격요건







웹프로젝트 수행 개발자 ( 1명 ) 



풀스택 웹프로젝트 수행 개발 경력자 채용 (1명)? 파이썬 및 자바 기반 프로젝트 수행? 언어모델 기반 대화서비스 구현? 자사 언어모델 솔루션 기반으로 고객사의 데이터 이용 대화 서비스 구현? Opensearch, elasticsearch 기반 검색 서비스 구축? 관련 SI성 프로젝트 수행

스킬
ㆍSLLM, RAG, JAVA, API, Docker, Python

핵심역량

                                                                ㆍ
                                                                        성실성,
메타인지, 계획성, 협동심, 창의성
                                                            

자격요건
ㆍ학력 : 초대졸이상
ㆍ경력 : 경력5년↑

우대사항
ㆍ유관업무 경력자 (3년)
ㆍ전공 : 컴퓨터공학계열



















전형절차
ㆍ서류전형 > 1차면접 > 2차면접 > 임원면접 > 최종합격
ㆍ면접일정은 추후 통보됩니다.













유의사항
ㆍ허위사실이 발견될 경우 채용이 취소될 수 있습니다.









"	[]	모집분야   웹프로젝트 수행 개발자   모집인원   1명   고용형태   정규직   (수습 3개월)   급여   회사 내규에 따름 (면접 후 결정)   근무시간   근무지주소   서울 송파구 법원로11길 25 (문정동, 에이치비지니스파크) A동 1108호   인근지하철   주5일(월~금)   09:30 ~ 18:30	경력3년↑, 초대졸↑, 서울 송파구, 정규직	{'basic_info': {'산업': '솔루션·SI·CRM·ERP', '사원수': '25명 | ', '기업구분': '벤처기업', '설립일': '2016.08.30 | (11년차)', '대표자': '민윤정', '주요사업': '정형&비정형 데이터 수집 및 분석, 검색, 지능형 챗봇, 컴퓨터비전관련 연구개발 및 컨설팅', '4대보험': '국민연금, 건강보험, 고용보험, 산재보험', '홈페이지': 'http://www.qubientai.com', '주소': '서울 송파구 법원로11길 25 (문정동, 에이치비지니스파크) A동 1108호'}, 'financial': {}, 'history': [], 'employment': {'recruitments': []}, 'benefits': {'연금·보험': ['국민연금', '고용보험', '산재보험', '건강보험', '퇴직연금'], '휴무·휴가·행사': ['주5일제', '연차제도', '경조휴가', '반차제도', '창립일 휴무', '창립일 행사', '주말 휴무'], '보상·수당·지원': ['퇴직금', '경조금', '장기근속 포상', '각종 수당', '자기개발 지원', '휴일근로수당', '자격증 수당', '명절선물/명절상여', '야간교통비 지급', '각종 기념일 선물', '도서 구입비 지원', '성과급', '문화생활 지원', '복지포인트', '상여금', '창립일 선물', '청년내일채움공제', '청년추가고용장려금', '회식비 지원'], '사내제도·성장': ['리더쉽강화교육', '멘토링 제도'], '사내시설': ['쾌적한 업무공간', '탕비실'], '편의·여가·건강': ['아침 식사 지원', '음료/간식 제공']}, 'location': {'address': '서울 송파구 법원로11길 25 (문정동, 에이치비지니스파크) A동 1108호', 'map_url': 'https://maps.naver.com/?mapMode=0&dlevel=12&pinTitle=%eb%a9%94%ec%9d%b4%ed%8c%9c%ec%86%8c%ed%94%84%ed%8a%b8&lat=37.4849501097965&lng=127.116227795549'}}	https://www.jobkorea.co.kr/Recruit/GI_Read_Comt_Ifrm?Gno=49352116	2026.07.10(금)
㈜노버스메이	솔루션 개발 및 유지보수 담당자 채용	['SW', '솔루션', '개발,', '유지보수,', '운영']	"




㈜노버스메이




"	['//file2.jobkorea.co.kr/Net/Mng/DownImage/CorpEditor?file_No=1752767']	모집분야   SW 솔루션 개발, 유지보수, 운영   모집인원   ○명   고용형태   정규직   (수습 3개월)   직급/직책      급여   회사 내규에 따름 (면접 후 결정)   근무시간   근무지주소   서울 송파구 마천동 88-3  노버스빌딩   인근지하철   주5일(월~금)   09:00 ~ 18:00	경력3년↑, 대졸↑, 서울 송파구, 정규직, 팀원	{'basic_info': {'산업': '시스템 소프트웨어 개발 및 공급업', '사원수': '65명 | ', '기업구분': '중소기업', '설립일': '2014.02.25 | (13년차)', '자본금': '1억원 | (2025.12.31)', '매출액': '45억 4천만원 | (2025.12.31)', '대표자': '박민효/이창민', '주요사업': '시스템,응용소프트웨어 개발,공급/컴퓨터,주변기기,소프트웨어 도소매,전자상거래,무역(수입),통신 판매', '4대보험': '국민연금, 건강보험, 고용보험, 산재보험', '홈페이지': 'http://www.novusmay.com', '주소': '서울 송파구 마천로39길 33 (마천동) (주)노버스메이'}, 'financial': {'매출액': {'current_value': '45억 4천만원'}, '영업이익': {'current_value': '12억 8천만원'}, '당기순이익': {'current_value': '11억 9백만원'}, '산업 내 위치': {'current_value': None}, '기업등급': {'current_value': None}, '총자산 증가율': {'current_value': '96억 5천만원'}, '동종업계 순위': {'current_value': None}}, 'history': [{'year': '2022', 'month': '01', 'events': ['Safe Pro v2 / Safe Pro 문서제로개발 관계회사']}, {'year': '2020', 'month': '05', 'events': ['기업부설연구소 설립, SK인포섹 노버스솔루션 총판 체결, ADT캡스 유통 협력 체결']}, {'year': '2019', 'month': '04', 'events': ['LG U+와 총판공급 계약 체결 - 근무관리솔루션 : U+근무관리솔루션']}, {'year': '2019', 'month': '02', 'events': ['본점을 서울시 송파구 마천로39길 33(마천동, 노버스빌딩) 소재로 이전']}, {'year': '2016', 'month': '10', 'events': ['(주)노버스메이로 사명변경']}, {'year': '2015', 'month': '08', 'events': ['Novus band 모듈 개발']}, {'year': '2015', 'month': '03', 'events': ['USB 보안 개발']}, {'year': '2014', 'month': '02', 'events': ['(주)엠소프트 설립']}], 'employment': {'recruitments': []}, 'benefits': {'연금·보험': ['국민연금', '고용보험', '산재보험', '건강보험'], '휴무·휴가·행사': ['주5일제', '연차제도', '월차제도', '반차제도', '워크샵/MT', '야유회'], '보상·수당·지원': ['퇴직금']}, 'location': {'address': '서울 송파구 마천로39길 33 (마천동) (주)노버스메이', 'map_url': 'https://maps.naver.com/?mapMode=0&dlevel=12&pinTitle=%e3%88%9c%eb%85%b8%eb%b2%84%ec%8a%a4%eb%a9%94%ec%9d%b4&lat=37.5002941126383&lng=127.149218348361'}}	https://www.jobkorea.co.kr/Recruit/GI_Read_Comt_Ifrm?Gno=49352079	2026.07.10(금)
㈜이엘온소프트	금융 솔루션 경력직 개발자 모집	['R&D', '경력직', '개발자', '모집']	 	['https://inhouse-public.s3.ap-northeast-2.amazonaws.com/img/2026010_%E1%84%89%E1%85%A9%E1%86%AF%E1%84%85%E1%85%AE%E1%84%89%E1%85%A7%E1%86%AB%E1%84%80%E1%85%A2%E1%84%87%E1%85%A1%E1%86%AF%E1%84%90%E1%85%B5%E1%86%B7.png']	모집분야   R&D 경력직 개발자 모집   모집인원   ○명   고용형태   정규직   (수습 3개월)   급여   회사 내규에 따름 (면접 후 결정)   근무시간   근무지주소   서울 구로구 디지털로 306 (구로동, 대륭포스트타워2차) 707호   인근지하철   주5일(월~금)   09:00 ~ 18:00   탄력근무제	경력, 초대졸↑, 서울 구로구, 정규직	{'basic_info': {'산업': '솔루션·SI·CRM·ERP', '사원수': '48명 | ', '기업구분': '중소기업', '설립일': '2014.01.03 | (13년차)', '자본금': '4억 9,600만원 | ', '매출액': '69억 | ', '대표자': '민선기', '주요사업': '금융 컴플라이언스 솔루션 개발 및 시스템 구축', '4대보험': '국민연금, 건강보험, 고용보험, 산재보험', '홈페이지': 'http://www.elonsoft.co.kr', '주소': '서울 구로구 디지털로 306 (구로동, 대륭포스트타워2차) 707호'}, 'financial': {}, 'history': [], 'employment': {'recruitments': []}, 'benefits': {'연금·보험': ['국민연금', '고용보험', '산재보험', '건강보험', '퇴직연금'], '휴무·휴가·행사': ['주5일제', '연차제도', '경조휴가', '반차제도', '리프레시 휴가', '출산휴가', '육아휴직', '워크샵/MT', '공휴일 휴무', '반반차 제도', '자유로운 휴가문화'], '보상·수당·지원': ['퇴직금', '장기근속 포상', '자기개발 지원', '야간교통비 지급', '도서 구입비 지원', '휴가비', '성과급', '복리후생 지원', '회식비 지원', '웰컴키트'], '사내제도·성장': ['신입 사원 교육', '직무능력향상교육', '자격증취득지원', '교육/세미나/스터디', '자율복장'], '사내시설': ['탕비실'], '편의·여가·건강': ['건강검진', '저녁 식사 지원', '음료/간식 제공']}, 'location': {'address': '서울 구로구 디지털로 306 (구로동, 대륭포스트타워2차) 707호', 'map_url': 'https://maps.naver.com/?mapMode=0&dlevel=12&pinTitle=%e3%88%9c%ec%9d%b4%ec%97%98%ec%98%a8%ec%86%8c%ed%94%84%ed%8a%b8&lat=37.4859971103115&lng=126.897744362856'}}	https://www.jobkorea.co.kr/Recruit/GI_Read_Comt_Ifrm?Gno=49351955	2026.08.09(일)
유코카캐리어스㈜	2026 상반기 EUKOR Car Carriers 신입사원(정규직)	['홈페이지', '지원']	"               Wallenius Wilhelmsen Wallenius Wilhelmsen is a global leader in integrated vehicle transportation and logistics. We help our customers manage their supply chain from the factory to the end consumer. Our goal is to transform shipping and logistics. With over 9,000 employees from 108 different countries working in 28 locations, we strive to be customers’ preferred integrated logistics partner. Together, we are building resilient, connected, data-driven, decarbonized solutions fit for the future.  EUKOR Car Carriers Founded in 2002, EUKOR Car Carriers is a global provider of automotive transportation services and an integral member of the Wallenius Wilhelmsen family. With a focus on the efficient and secure transport of automobiles, high & heavy cargo, and breakbulk, EUKOR operates a fleet of specialized Roll-On Roll-Off (RORO) vessels tailored to meet diverse customer needs. Our extensive global network and deep market knowledge enable us to deliver optimal transportation solutions for customers around the world.     Job Description   모집분야 및 자격요건 정보   모집 부문 업무 내용 지원하기     Business Operations   [주요업무] 항로 및 선복 관리 : 완성차 및 중장비 등을 자동차 전용선에 선적하기 위한 선적 계획 작성, 유럽/미주/중동/아프리카/ 중남미 항로 별 운항 및 영업전략 수립 배선 및 고객 관리 : 선박 운영 및 항로별 영업전략 수립을 위한 고객과의 커뮤니케이션 진행 실적 및 운항 관리  [자격요건] 전공무관   지원하기    Digital Solutions Shipping (IT)    [주요업무] 비즈니스 요구사항 분석 및 기술 명세 정의  아키텍처 표준에 기반한 애플리케이션 설계 및 개발  웹 애플리케이션 및 API 기반의 Front-end / Back-end 개발 참여  시스템 테스트, 품질 관리 및 성능 개선 활동 수행  기존 시스템 유지보수 및 장애 대응  다양한 조직(비즈니스, 아키텍처, 데이터 등)과 협업하여 안정적인 시스템 구축  설계 문서, 개발 프로세스 및 운영 절차 문서화   [자격 요건] 컴퓨터공학, 소프트웨어공학 또는 관련 전공 학사 이상  아래 기술 중 하나 이상 경험 :  Java 기반 개발 (Spring Framework 경험 우대)  .NET (C# / ASP.NET) 개발 경험 CI/CD 파이프라인 경험 (Azure DevOps, GitHub Actions, Jenkins 등) 우대  Web 기술 이해 (HTML, CSS, REST API, JSON)  데이터베이스 기초 지식 (MS SQL, Oracle 등)  소프트웨어 개발 생명주기(SDLC) 및 테스트 프로세스 이해   [우대사항] 높은 책임감과 주도적인 업무 수행 능력  문제 해결 능력 및 새로운 기술 학습 의지    지원하기             공통 자격요건 및 우대요건   [공통 자격요건] 4년제 대학 졸업자  남성의 경우 병역의무를 필한 자 또는 면제자  해외 여행에 결격사유가 없는 자  말하기와 쓰기 모두 능통한 영어 구사 능력을 보유한 자  [우대사항] 해운산업에 대한 깊은 관심과 열정을 보유한 자  글로벌 마인드를 갖춘 자  책임감이 강하며, 긍정적/적극적인 자세를 보유한 자  원활한 커뮤니케이션 및 협업 능력을 보유한 자 뛰어난 컴퓨터 활용능력을 보유한 자(MS Office 등) 취업보호대상자(장애, 보훈 등)는 관계 법령에 의거하여 우대합니다.        전형절차         제출서류   국/영문이력서   국문 자기소개서 졸업(졸업예정)증명서, 성적증명서, 어학성적표(TOEIC/TOEFL 성적표 등) 첨부 제출  재직/경력증명서 첨부 제출(해당하는 경우)    접수시 반드시 첨부파일까지 제출이 되어야 합니다.        접수기간 및 방법    접수 기간 : 2026년 6월 19일(금) 자정까지 접수 방법 : 온라인 접수 - 각 직무 ""지원하기"" 버튼 클릭 후 작성 요망          복리후생  회사는 임직원 여러분의 생활편의, 건강관리, 여가활동, 자기계발 등을 지원하기 위해 다양한 복리후생제도를 운영하고 있습니다.     신차 구입 지원관계사 차량 구매시 할인 및 지원금     복지포인트복지포인트 & 임직원 복지몰 운영     자기계발 지원온라인강의를 통한 임직원의 자기계발 지원        자녀학자금 지원유아자녀, 중/고등학교 및 대학교 자녀 학자금 지원     건강검진 및 단체보험매년 건강검진 운영 및 단체보험을 통한 임직원의 건강관리 지원     경조사 지원 다양한 경조금 및 휴가지원 상조지원 제도 운영        Flexible WorkFamily Day, 재택근무 및 유연근무제 통한 임직원 워라밸 지원     휴가 및 휴양시설제도장기근속휴가, 유급병가 지원 및 법인콘도/제휴호텔 이용     포상제도Spot Award 및 우수사원 포상제도 운영            Values of Wallenius Wilhelmsen   We Care About the safety and wellbeing of our people, customers & partners. About the environment and the society.  We Challenge The status quo and we always strive to improve. We speak up and we listen up.  We Commit For the long term and deliver on our promises. We act today but shape for the future. In a safe, sustainable and responsible way.          "	['https://file1.jobkorea.co.kr/Mng/2026/6/eukorhr_260610_01.png', 'https://file1.jobkorea.co.kr/Mng/2026/6/eukorhr_260610_02.png']	모집분야   홈페이지 지원   모집인원   ○명   고용형태   정규직      급여   회사 내규에 따름   근무지주소   서울특별시 송파구 올림픽로 300 롯데월드타워 28층    인근지하철	신입, 대졸↑, 서울 송파구, 정규직	{'basic_info': {'산업': '외항 화물 운송업', '사원수': '229명 | (2025.12.31)', '기업구분': '중견기업', '설립일': '20021211 | (25년차)', '자본금': '1,100억원 | (2025.12.31)', '매출액': '3조 6,857억원 | (2025.12.31)', '대표자': '자비에에드가패트릭르루아', '대졸초임': '4,080만원', '주요사업': '외항,내항 화물운송,선적 운송', '4대보험': '국민연금, 건강보험, 고용보험, 산재보험', '홈페이지': 'http://www.eukor.com', '주소': '서울특별시 송파구 올림픽로 300 롯데월드타워 28층'}, 'financial': {'매출액': {'current_value': '3조 6,857억원'}, '영업이익': {'current_value': '6,953억 9천만원'}, '당기순이익': {'current_value': '6,080억 9백만원'}, '산업 내 위치': {'current_value': None}, '기업등급': {'current_value': None}, '총자산 증가율': {'current_value': '5조 3,653억원'}, '동종업계 순위': {'current_value': None}}, 'history': [{'year': '2014', 'month': '03', 'events': ['서울특별시 강남구 테헤란로 152 강남파이낸스센터 24층 본점 이전']}, {'year': '2013', 'month': '01', 'events': ['대표이사 크레이그 루이스 자센스키 취임']}, {'year': '2010', 'month': '05', 'events': ['대표이사 변경 : 슈어갈퉁']}, {'year': '2008', 'month': '09', 'events': ['최대주주(Walenius Logistics AB 및 Wilhelmsen Ships Holding Malta Ltd.)변경']}, {'year': '2008', 'month': '01', 'events': ['대표이사 변경 : 얀예빈왕']}, {'year': '2003', 'month': '03', 'events': ['본사 이전 : 서울시 강남구 역삼동 736-1 한솔빌딩 13층']}, {'year': '2002', 'month': '12', 'events': ['자본금을 1,100억원으로 증자', '대표이사 변경 : 칼-요한빌헬름해그만']}, {'year': '2002', 'month': '11', 'events': ['상호 변경 : 유코카캐리어스(주)']}, {'year': '2002', 'month': '09', 'events': ['로로코리아(주) 설립(서울시 종로구 적선동 66 지상빌딩 11층) ,자동차전용선 등에 의한 운송에 적합한 차량의 화물 운송업을 목적']}], 'employment': {'recruitments': []}, 'benefits': {}, 'location': {'address': '서울특별시 송파구 올림픽로 300 롯데월드타워 28층'}}	https://www.jobkorea.co.kr/Recruit/GI_Read_Comt_Ifrm?Gno=49348590	2026.06.19(금)
와이에스네오	[LG엔솔][오창사업장] JAVA(1명),React(1명) 개발자 모집	['JAVA', 'React', '개발']	"





와이에스네오


[LG엔솔][오창사업장] JAVA(1명),React(1명) 개발자 모집




와이에스네오는 2025년에 설립된 회사로 자본금 5,000만원, 매출액 17억원, 사원수 15명 규모의 중소기업입니다. 경기 군포시 고산로148번길 17  (당정동)에 위치하고 있으며, SI /SM 개발/ITO /IT컨설팅/글로벌 채용 플랫폼/해외 인재 교육/취업 알선사업을 하고 있습니다.







포지션 및 자격요건







JAVA React 개발 ( ○명 ) 







담당업무
ㆍJAVA (1명)
ㆍJAVA, REACT(필수) 1명

스킬
ㆍJAVA, React, ReactJS

핵심역량

                                                                ㆍ
                                                                        성실성,
 꼼꼼함,
 협동심,
 적응성,
 성장지향성,


자격요건
ㆍ학력 : 초대졸이상
ㆍ경력 : 경력6년↑




















전형절차
ㆍ서류전형 > 1차면접 > 최종합격
ㆍ서류 합격시 개별 면접일정은 추후 통보됩니다.













유의사항
ㆍ허위사실이 발견될 경우 채용이 취소될 수 있습니다.









"	[]	모집분야   JAVA React 개발   모집인원   ○명   고용형태   계약직   (협의)   ,    프리랜서   (협의)   급여   회사 내규에 따름 (면접 후 결정)   근무시간   근무지주소   서울 금천구 가산동 660 에이스하이엔드타워10   인근지하철   주5일(월~금)   09:00 ~ 18:00	경력6년↑, 초대졸↑, 서울 금천구 외, 계약직 외	{'basic_info': {'산업': '솔루션·SI·CRM·ERP', '사원수': '15명 | ', '기업구분': '중소기업', '설립일': '2025.03.01 | (2년차)', '자본금': '5,000만원 | ', '매출액': '17억원 | ', '대표자': '박영식', '주요사업': 'SI /SM 개발/ITO /IT컨설팅/글로벌 채용 플랫폼/해외 인재 교육/취업 알선', '4대보험': '국민연금, 고용보험, 산재보험', '홈페이지': 'http://www.ysneo.net', '주소': '경기 군포시 고산로148번길 17  (당정동) 군포IT밸리 SB 107호'}, 'financial': {}, 'history': [], 'employment': {'recruitments': []}, 'benefits': {}, 'location': {'address': '경기 군포시 고산로148번길 17  (당정동) 군포IT밸리 SB 107호', 'map_url': 'https://maps.naver.com/?mapMode=0&dlevel=12&pinTitle=%ec%99%80%ec%9d%b4%ec%97%90%ec%8a%a4%eb%84%a4%ec%98%a4&lat=37.3497520086356&lng=126.953724678016'}}	https://www.jobkorea.co.kr/Recruit/GI_Read_Comt_Ifrm?Gno=49351775	상시채용
㈜미지웍스	[경력/신입] 프론트엔드 엔지니어 채용 (스타트업 초창기멤버)	['프론트엔드', '엔지니어', '채용']	"




㈜미지웍스


[경력/신입] 프론트엔드 엔지니어 채용



회사 소개미지웍스는 ""make better financial decisions""를 미션으로 삼아, 미지페이(mizipay.co.kr)를 시작으로 더 나은 금융 의사결정을 돕는 서비스를 만들어가고 있습니다.저희는 ""미지의 세계""를 탐험하는 태도로 살아가며, 거창한 미래보다 오늘을 잘 살아내는 것에 집중합니다. 먼 곳을 바라보기보다 현재의 실효적인 것을 만들어내는 경험이 쌓여, 결국 좋은 미래가 된다고 믿기 때문입니다. 그래서 오늘 한 끼 잘 먹는 것을 중요시하며, 작지만 실질적인 것들을 소홀히 하지 않습니다. AI 활용 역시 트렌드를 좇는 것이 아닌, 현재의 변화에 선제적으로 적응하기 위한 실용적인 선택으로서 중요하게 여기고 있습니다.작은 팀입니다. 그래서 한 사람 한 사람의 역할이 크고, 각오가 필요하며, 함께 만들어가는 것들이 많습니다. 공고를 꼼꼼히 읽어보고 충분히 고민하여 지원해주시기를 부탁드립니다. 오늘, 현재를 잘 살아내는 것을 중요하게 생각하는 분이 합류하기를 기대합니다.






포지션 및 자격요건







프론트엔드 엔지니어 채용 ( 1명 ) 







이런 분을 찾습니다
ㆍAI 도구를 단순히 사용하는 것을 넘어, 개발 워크플로우에 적극적으로 녹여내는 분ㆍ스타트업 환경에서 빠른 실행과 변화에 익숙하신 분ㆍ주어진 일 외에도 문제를 먼저 찾고 해결하려는 분ㆍ새로운 도메인도 빠르게 파악하고 적응할 수 있는 분ㆍ함께 만드는 제품에 주인의식을 갖고 임하는 분
주요 업무ㆍ모바일 앱(iOS/Android) 및 웹 프론트엔드 개발ㆍAI agent를 활용한 개발 생산성 향상 및 기능 구현ㆍ사용자 경험 중심의 UI 구현 및 개선ㆍ백엔드 API 연동 및 기능 개발ㆍ코드 품질 및 성능 최적화ㆍ(역량에 따라) 백엔드 개발 참여 및 풀스택으로 확장
자격요건ㆍFE 개발 경력 3년 이상 (또는 신입)ㆍReact Native 또는 Flutter 등 크로스플랫폼 모바일 개발 경험ㆍReact / Vue / TypeScript 등 웹 프론트엔드 개발 경험ㆍClaude, Cursor, GitHub Copilot 등 AI 코딩 도구 실무 활용 경험ㆍ스타트업 재직 경험

우대사항ㆍAI agent 설계 및 자동화 워크플로우 구축 경험ㆍLLM API(Claude, GPT 등) 활용 기능 개발 경험ㆍPG(결제) 연동 경험 (토스페이먼츠, KG이니시스, NHN KCP 등)ㆍ백엔드(Node.js, Python, Go 등) 개발 경험ㆍ금융/핀테크 서비스 개발 경험ㆍ작은 팀에서 기획부터 배포까지 전 과정 참여한 경험근무 조건ㆍ근무형태: 정규직ㆍ근무지: 서울 성동구 성수동 (성수 SK V1 CENTER II)ㆍ유연근무제 (08시~10시 출근, 17시~19시 퇴근)



















전형절차
ㆍ서류전형 ＞ 면접전형 ＞ 처우 협의 ＞ 최종 합격 ㆍ면접 절차는 1차, 2차로 진행되며 포지션에 맞게 상세 안내 드리겠습니다.ㆍ전형 절차는 필요에 따라 일부 단계(코딩 테스트, 추가 면접 등)가 추가되거나 변경될 수 있습니다.






유의사항
ㆍ허위사실이 발견될 경우 채용이 취소될 수 있습니다.ㆍ수습 기간 3개월 적용 후 내부 기준에 따라 정규직 계약(수습 기간동안 급여 100% 지급 및 동일한 복지 적용)ㆍ신입의 경우 `이런 분을 찾습니다`와 `주요 업무`를 중점적으로 고려하여 지원해주시길 부탁드립니다.









"	[]	모집분야   프론트엔드 엔지니어 채용   모집인원   1명   고용형태   정규직      직급/직책      급여   연봉 3,000만원 이상 (면접 후 결정)   근무시간   근무지주소   서울 성동구 광나루로8길 31 (성수동2가) 1201호   인근지하철   주5일(월~금)   10:00 ~ 19:00   휴게시간 1시간 포함 일 9시간 근무 후 퇴근하며, 출근 시간은 08~10시입니다.	신입·경력3년↑, 학력무관, 서울 성동구, 정규직, 3,000만원 이상, 팀원	{'basic_info': {'산업': '솔루션·SI·CRM·ERP', '사원수': '- | ', '기업구분': '중소기업', '설립일': '-', '자본금': '- | ', '매출액': '- | ', '대표자': '이재학', '주요사업': '-', '4대보험': '국민연금, 건강보험, 고용보험, 산재보험', '홈페이지': '-', '주소': '서울 성동구 광나루로8길 31 (성수동2가) 1201호'}, 'financial': {}, 'history': [], 'employment': {'recruitments': []}, 'benefits': {}, 'location': {'address': '서울 성동구 광나루로8길 31 (성수동2가) 1201호', 'map_url': 'https://maps.naver.com/?mapMode=0&dlevel=12&pinTitle=%e3%88%9c%eb%af%b8%ec%a7%80%ec%9b%8d%ec%8a%a4&lat=37.5472176086698&lng=127.066446339475'}}	https://www.jobkorea.co.kr/Recruit/GI_Read_Comt_Ifrm?Gno=49351758	2026.07.10(금)채용 시 마감
㈜조인아이티	수수료공제개발/중급/역삼/07.14-10.13/Java,Nexacro,Spring/등 상세참조/.	['커머스', '오프라인', '매장', '간편결재.수수료', '공제개발']	"





㈜조인아이티


수수료공제개발/중급/역삼/07.14-10.13/Java,Nexacro,Spring/등 상세참조/.












포지션 및 자격요건







커머스 오프라인 매장 간편결재.수수료 공제개발 ( ○명 ) 




수수료 공제 개발-. 중급, 역삼, 07.14-10.13
ㅇ요구기술 : Java, Nexacro, Oracle, Springㅇ수행업무 : 간편결재 프로세스 변경에 따른 수정/개발 -> 수수료 공제 개발
 ☞지원_성명_공고명_일반 워드이력서,SKILL INVENTORY,,,경력년수,단가,투입가능일,사업자여부, 부탁드립니다---.  bearhcw@naver.com  



















전형절차
ㆍ서류전형 > 1차면접 > 2차면접 > 임원면접 > 최종합격
ㆍ면접일정은 추후 통보됩니다.













유의사항
ㆍ허위사실이 발견될 경우 채용이 취소될 수 있습니다.









"	[]	모집분야   커머스 오프라인 매장 간편결재.수수료 공제개발   모집인원   ○명   고용형태   프리랜서      급여   회사 내규에 따름   근무시간   근무지주소   서울 강남구 테헤란로 156 (역삼동, 역삼역)    인근지하철   주5일(월~금)   09:00 ~ 18:00	경력6년↑, 학력무관, 서울 강남구, 프리랜서	{'basic_info': {'산업': '응용 소프트웨어 개발 및 공급업', '사원수': '18명 | (2023.03.16)', '기업구분': '중소기업', '설립일': '2007.04.17 | (20년차)', '자본금': '5,000만원 | (2023.12.31)', '매출액': '18억 8천만원 | (2023.12.31)', '대표자': '전준수', '주요사업': '소프트웨어개발,시스템운영및보수', '4대보험': '국민연금, 건강보험, 고용보험, 산재보험', '홈페이지': 'http://-', '주소': '경기 안양시 동안구 관양동 1505-29 신한데뷰오피스텔'}, 'financial': {'매출액': {'current_value': '18억 8천만원'}, '영업이익': {'current_value': '190만원'}, '당기순이익': {'current_value': '496만원'}, '기업등급': {'current_value': None}}, 'history': [{'year': '2012', 'month': '04', 'events': ['회사 이전: 안양 관양동']}, {'year': '2009', 'month': '04', 'events': ['회사 이전: 서울 서초동']}, {'year': '2007', 'month': '12', 'events': ['정보관리실 데이터 운영관리']}, {'year': '2007', 'month': '10', 'events': ['KT BMS 시스템 용역(포스데이타)']}, {'year': '2007', 'month': '09', 'events': ['엔투지 물류시스템 개선(포스데이타)']}, {'year': '2007', 'month': '08', 'events': ['현대제철 일관제철 정보화 기본계획 수립(오토에버시스템즈)']}, {'year': '2007', 'month': '07', 'events': ['하나로텔레콤 코러스 성능개발 용역(포스데이타)']}, {'year': '2007', 'month': '05', 'events': ['현대하이스코 ADM운영 용역(오토에버시스템즈: 아토스 경유)', '한국자산관리공사 SM기술용역 계약(동양시스템즈)', '하나로텔레콤 OSS운영 용역 계약(포스데이타: 아토스 경유)', '엔투지 정보시스템 운영 용역(포스데이타: 아토스 경유)']}, {'year': '2007', 'month': '04', 'events': ['(주)조인아이티 설립']}], 'employment': {'recruitments': []}, 'benefits': {}, 'location': {'address': '경기 안양시 동안구 관양동 1505-29 신한데뷰오피스텔', 'map_url': 'https://maps.naver.com/?mapMode=0&dlevel=12&pinTitle=%e3%88%9c%ec%a1%b0%ec%9d%b8%ec%95%84%ec%9d%b4%ed%8b%b0&lat=37.4062176079408&lng=126.961411510314'}}	https://www.jobkorea.co.kr/Recruit/GI_Read_Comt_Ifrm?Gno=49351536	2026.07.10(금)채용 시 마감
