company	title	job	detail_text	detail_img	detail	etc_info	company_info	url	deadline_date
㈜컴패니언시스템	식당 포스시스템 운영 개발	['식당', '포스', '시스템', '운영', '개발']	"




㈜컴패니언시스템


식당 포스 시스템 운영/개발




㈜컴패니언시스템은 2014년에 설립된 회사로 자본금 1억원, 매출액 138억 , 사원수 40명 규모의 중소기업입니다. 서울 강남구 테헤란로 327 (역삼동, 빅토리아오피스텔)에 위치하고 있으며, 솔루션개발, SI 및 IT컨설팅사업을 하고 있습니다.







포지션 및 자격요건







포지션 ( 1명 ) 







담당업무
ㆍ당사가 개발/운영 중인 식당 POS 시스템 UI/ 모바일 개발ㆍ현재 3명의 운영팀이 고객사 상주 개발중이고 협업하여 개발/운영 수행ㆍ프론트는 React, Android 하이브리드 앱 개발ㆍ기간은  즉시-1년 ㆍ등급 : 중급

자격요건
ㆍ학력 : 학력무관

우대사항
ㆍReact, Android 두가지 사용 경력자ㆍ장기근무 가능자



















전형절차
ㆍ서류전형 > 1차면접 > 최종합격
ㆍ면접일정은 추후 통보됩니다.













유의사항
ㆍ허위사실이 발견될 경우 채용이 취소될 수 있습니다.









"	[]	모집분야   식당 포스 시스템 운영 개발   모집인원   1명   고용형태   프리랜서   (근무기간 12개월)   급여   회사 내규에 따름 (면접 후 결정)   근무시간   근무지주소   서울 중구 세종대로7길 25 (순화동, 에프엔타워순화(FNTOWERSUNHWA))    인근지하철   주5일(월~금)   09:00 ~ 18:00	경력3년↑, 초대졸↑, 서울 중구, 프리랜서	{'basic_info': {'산업': '응용 소프트웨어 개발 및 공급업', '사원수': '27명 | (2022.11.03)', '기업구분': '중소기업', '설립일': '2014.03.06 | (13년차)', '자본금': '1억원 | (2023.12.31)', '매출액': '110억 8천만원 | (2023.12.31)', '대표자': '이수광', '대졸초임': '3,250만원', '주요사업': '소프트웨어자문,개발및공급', '4대보험': '국민연금, 건강보험, 고용보험, 산재보험', '홈페이지': 'http://www.cpst.co.kr', '주소': '서울 강남구 테헤란로 327 (역삼동, 빅토리아오피스텔) 707호'}, 'financial': {'매출액': {'current_value': '110억 8천만원'}, '영업이익': {'current_value': '19억 8백만원'}, '당기순이익': {'current_value': '19억 3백만원'}, '기업등급': {'current_value': None}, '동종업계 순위': {'current_value': None}}, 'history': [{'year': '2018', 'month': '06', 'events': ['본점을 서울 강남구 테헤란로327, 제7층 707호(역삼동,빅토리아오피스텔)소재로 이전']}, {'year': '2016', 'month': '05', 'events': ['본점을 서울 강남구 테헤란로43길 30, 4층(역삼동,리치타워)소재로 이전']}, {'year': '2015', 'month': '04', 'events': ['본점을 서울 강남구 테헤란로 311, 1720호 소재로 이전']}, {'year': '2014', 'month': '11', 'events': ['자본금을 100백만원으로 증자']}, {'year': '2014', 'month': '10', 'events': ['본점을 서울 강남구 테헤란로 311, 1206호 소재로 이전']}, {'year': '2014', 'month': '03', 'events': ['본점 서울 구로구 디지털로 288, 207호(구로동) 납입자본금:50백만원', '소프트웨어개발 및 공급을 목적으로 대표이사 이수광에 의해 (주)컴패니언시스템 설립']}], 'employment': {'recruitments': []}, 'benefits': {'연금·보험': ['국민연금', '고용보험', '산재보험', '건강보험', '퇴직연금'], '휴무·휴가·행사': ['주5일제', '연차제도', '경조휴가', '노동절 휴무', '워크샵/MT'], '보상·수당·지원': ['경조금', '명절선물/명절상여', '휴가비', '성과급'], '기타': ['통신비 지원']}, 'location': {'address': '서울 강남구 테헤란로 327 (역삼동, 빅토리아오피스텔) 707호', 'map_url': 'https://maps.naver.com/?mapMode=0&dlevel=12&pinTitle=%e3%88%9c%ec%bb%b4%ed%8c%a8%eb%8b%88%ec%96%b8%ec%8b%9c%ec%8a%a4%ed%85%9c&lat=37.504417229933&lng=127.047220515878'}}	https://www.jobkorea.co.kr/Recruit/GI_Read_Comt_Ifrm?Gno=49365591	2026.07.12(일)
㈜씨브이네트	[삼성 계열사 씨브이네트] 서버 개발자 채용	['서버', '개발']	"




㈜씨브이네트


[삼성 계열사 씨브이네트] 서버 개발자 채용




㈜씨브이네트는 2000년에 설립된 회사로 자본금 32억원, 매출액 492억 6,829만원, 사원수 77명 규모의 대기업입니다. 서울 송파구 송파대로 155 (문정동, NH송파농협)에 위치하고 있으며, 홈네트워크, 신재생에너지사업을 하고 있습니다.







포지션 및 자격요건







서버 개발 ( 1명 ) 
[담당업무]ㆍJava, Spring Boot, Spring 기반 프레임워크 개발ㆍMySQL 또는 Oracle 연동 및 프로시저 개발ㆍMQTT, TCP Socket 기반 프로토콜 경험 및 프레임워크 개발ㆍ클라우드 시스템 환경 구축 및 개발 (Naver Cloud, AWS, Azure) ㆍ시스템 배포

[자격요건]
ㆍ학력 : 무관ㆍ경력 : 관련 경력 3년 이상 (객체지향 및 프로그램 설계 가능자)ㆍ리눅스 시스템 유지 보수 가능자 [우대사항]ㆍ커뮤니티 시설 등 클라우드 기반 솔루션 개발 프로젝트 경험ㆍMSA(MicroService Architecture) 기반 시스템 개발 및 운영 경험ㆍRabbitMQ 또는 Kafka를 통한 큐(Queue) 시스템 연동 개발 경험

















전형절차
ㆍ서류전형 > 1차면접 > 인적성 > 2차면접 > 채용검진 > 최종합격
ㆍ면접일정은 추후 통보됩니다.













유의사항
ㆍ허위사실이 발견될 경우 채용이 취소될 수 있습니다.









"	[]	모집분야   서버 개발   모집인원   1명   고용형태   정규직      급여   회사 내규에 따름 (면접 후 결정)   근무시간   근무지주소   서울 송파구 송파대로 155 (문정동, NH송파농협) 6층, 씨브이네트   인근지하철   주5일(월~금)   08:30 ~ 17:30	경력3년↑, 학력무관, 서울 송파구, 정규직	"{'basic_info': {'산업': '내부 통신배선 공사업', '사원수': '66명 | (2026.04.01)', '기업구분': '대기업', '설립일': '2000.04.06 | (27년차)', '자본금': '32억원 | (2025.12.31)', '매출액': '486억 2천만원 | (2025.12.31)', '대표자': '윤준병', '주요사업': '정보통신공사,신재생에너지공사,시설물유지관리공사/인터넷정보제공/전기,전자부품 제조/전기,전자부품,네트워크 도소매,무역,전자상거래/택배', '4대보험': '국민연금, 건강보험, 고용보험, 산재보험', '홈페이지': 'http://www.cvnet.co.kr', '주소': '서울 송파구 송파대로 155 (문정동, NH송파농협) 6층, 씨브이네트', '계열사': '삼성그룹 스테코(주) 디앤엠세일즈앤마케팅코리아(주) 삼성전자판매(주) 삼성벤처투자(주) 삼성전자로지텍(주) (주)시큐아이 (주)멀티캠퍼스 삼성생명서비스손해사정(주) (주)미라콤아이앤씨 세메스(주) 에스디플렉스(주) 삼성중공업(주) 삼성SDI(주) 삼성전자(주) 삼성전기(주) 삼성메디슨(주) (주)하만인터내셔널코리아 삼성선물(주) (주)미래로시스템 (주)호텔신라 삼성물산(주) (주)삼성글로벌리서치 (주)제일기획 삼성이앤에이(주) (주)에스원 삼성에스디에스(주) 삼성증권(주) 삼성생명보험(주) 삼성화재해상보험(주) 삼성화재서비스손해사정(주) (주)서울레이크사이드 삼성전자서비스(주) 삼성자산운용(주) 삼성화재애니카손해사정(주) (주)삼성라이온즈 삼성카드(주) 에스코어(주) 수원삼성축구단(주) (주)휴먼티에스에스 오픈핸즈(주) 에스원씨알엠(주) 삼성바이오로직스(주) 에스티엠(주) 에스유머티리얼스(주) 제일패션리테일(주) 삼성바이오에피스(주) 삼성디스플레이(주) (주)삼성생명금융서비스 아이파크신라면세점(주) (주)삼성화재금융서비스보험대리점 삼성코닝어드밴스드글라스(유) 삼성에스알에이자산운용(주) 삼성액티브자산운용(주) 삼성헤지자산운용(주) 에스비티엠(주) 삼성전자서비스씨에스(주) 삼성웰스토리(주) 삼성카드고객서비스(주) 신라에이치엠(주) (주)삼우종합건축사사무소 (주)에스에이치피코퍼레이션 삼성에프엔위탁관리부동산투자회사(주) (주)희망별숲 삼성노블라이프(주) 삼성에피스홀딩스(주) 에피스넥스랩(주)'}, 'financial': {'매출액': {'current_value': '486억 2천만원'}, '영업이익': {'current_value': '-20억 4천만원'}, '당기순이익': {'current_value': '-19억 3천만원'}, '산업 내 위치': {'current_value': None}, '기업등급': {'current_value': None}, '총자산 증가율': {'current_value': '254억 6천만원'}, '동종업계 순위': {'current_value': None}}, 'history': [{'year': '2026', 'month': '03', 'events': ['대표이사 변경: 이승욱 -> 윤준병']}, {'year': '2025', 'month': '11', 'events': ['삼성물산 방배6 신축현장 월패드 및 국내최초 AI주차장 솔루션 공급']}, {'year': '2024', 'month': '05', 'events': ['BMS(빌딩자동제어) 솔루션 인수, Biz Model 확대']}, {'year': '2023', 'month': '12', 'events': ['2023 년 스마트 혁신가전 유공자 포상『산업통상자원부 장관상』표창']}, {'year': '2023', 'month': '06', 'events': ['국내 첫 VPN 내장형 월패드(홈파이 시큐리티 솔루션) 개발 및 출시']}, {'year': '2022', 'month': '11', 'events': ['보안강화 KISA 인증용 안드로이드10 월패드 최초 개발', '에스원과 홈넷 및 홈시큐리티 사업 활성화 전략적 제휴 MOU 체결']}, {'year': '2022', 'month': '10', 'events': ['국내최초 KISA 인증용 안드로이드10 월패드 개발']}, {'year': '2022', 'month': '07', 'events': ['매경 2022년 국가 대표브랜드 홈 IoT 부분 대상 수상']}, {'year': '2022', 'month': '03', 'events': ['코오롱글로벌 보안솔루션 개발 MOU 체결']}, {'year': '2021', 'month': '12', 'events': ['스마트 컨스트럭션 분야 (자동화장비 운영) 사업 수주']}, {'year': '2021', 'month': '04', 'events': ['삼성전자 탭 거치형 월패드 독일 『if Design Award』 수상']}, {'year': '2021', 'month': '03', 'events': ['본점소재지 변경 : 수원시 영통구 -> 서울시 송파구 송파대로 155, 6층']}, {'year': '2020', 'month': '07', 'events': ['서울사무소 개설']}, {'year': '2019', 'month': '12', 'events': ['반포 래미안퍼스티지 홈 IoT 재구축 수주(삼성전자 공동)']}, {'year': '2019', 'month': '10', 'events': ['신형 탭 거치형 월패드/홈네트워크 시스템 우수 디자인상(GD) 수상']}, {'year': '2018', 'month': '12', 'events': ['송파 헬리오시티(9,510세대) 홈네트워크 구축 완료']}, {'year': '2018', 'month': '03', 'events': ['대표이사 변경 : 이동식 -> 이성하']}, {'year': '2017', 'month': '01', 'events': ['울산광역시 에너지저장장치(ESS) 보급확대 협약 체결']}, {'year': '2016', 'month': '07', 'events': ['에너지 신산업 활성화 및 에너지 융복합 산업단지 조성 협약']}, {'year': '2015', 'month': '02', 'events': ['국내최초 스마트 홈 수주(대림 수지 e편한 세상, 반포 아크로리버타워 등)']}, {'year': '2014', 'month': '10', 'events': ['신형월패드 개발 및 SID 굿디자인 수상 (SID : Smart Info Display)']}, {'year': '2013', 'month': '11', 'events': ['본점 이전(성남시 분당구 -> 수원시 영통구)']}, {'year': '2013', 'month': '10', 'events': ['홈네트워크상품 제조업종 추가']}, {'year': '2012', 'month': '09', 'events': [""건강체크를 위한 '헬시노트' 출시""]}, {'year': '2012', 'month': '03', 'events': ['그린홈 100만호 사업자 선정(2012년)']}, {'year': '2011', 'month': '09', 'events': ['강북삼성병원과 U헬스케어사업  MOU체결']}, {'year': '2011', 'month': '07', 'events': ['그린홈 100만호 사업 참여']}, {'year': '2011', 'month': '05', 'events': ['건설융합 IT에 관한 지식경제부 국책과제 수행']}, {'year': '2011', 'month': '03', 'events': ['그린홈 100만호 사업자 선정']}, {'year': '2011', 'month': '02', 'events': ['대표이사 이원익 취임']}, {'year': '2010', 'month': '11', 'events': ['대전 전기에너지 시범주택(전전화)']}, {'year': '2010', 'month': '10', 'events': ['동판교외 3개소 광케이블 포설공사 수주']}, {'year': '2010', 'month': '09', 'events': ['신재생에너지 전문기업 등록']}, {'year': '2010', 'month': '07', 'events': ['서조산업 교환기 설치공사 수주']}, {'year': '2010', 'month': '06', 'events': ['한강철책선 제거공사 수주(삼성테크윈)']}, {'year': '2010', 'month': '05', 'events': ['삼성물산 에너지관리시스템(REMS) 개발 및 구축 : 동천 래미안', '신재생에너지사업(태양광)추진을 위한 MOU 체결(S-Energy)']}, {'year': '2010', 'month': '04', 'events': ['UASIS 고객지원센터 개소']}, {'year': '2010', 'month': '03', 'events': ['학생중앙군사학교 안전관리 우수업체 선정 공지']}, {'year': '2010', 'month': '01', 'events': ['스마트 그리드 시범사업 참여(제주도 실증단지)']}, {'year': '2009', 'month': '12', 'events': ['학생중앙군사학교 정보통신공사 구축']}, {'year': '2009', 'month': '11', 'events': ['삼성물산 Green Tomorrow 구축']}, {'year': '2009', 'month': '10', 'events': ['ISO9001, ISO14001, OHSAS18001 인증 취득']}, {'year': '2009', 'month': '07', 'events': ['삼성물산 GREEN TOMORROW 구축']}, {'year': '2009', 'month': '06', 'events': ['영동선 동백산~도계간 통신설비 공사 수주(약 76억원)']}, {'year': '2009', 'month': '03', 'events': ['대표이사 조상훈 취임']}, {'year': '2009', 'month': '01', 'events': ['U-Eco City 국책과제 참여(국토해양부)']}, {'year': '2008', 'month': '01', 'events': ['코오롱건설 품질안전 최우수업체 선정', '벽산건설 우수시공업체, 코오롱건설 품질안전 최우수업체 선정']}, {'year': '2007', 'month': '10', 'events': ['헬스케어시스템 서비스 개시(대구 대곡 래미안)', '대구 대곡역 래미안 Health-care System 적용']}, {'year': '2007', 'month': '08', 'events': ['친환경, 신생에너지를 위한 T/F 참여']}, {'year': '2007', 'month': '05', 'events': ['U-Home 기술백서 발간']}, {'year': '2007', 'month': '03', 'events': ['본사 이전 : 경기도 성남시 분당구 정자동 10-3번지 금융결제원 분당센터 10층', '씨브이네트 사무실 이전(금융결제원 분당센터 10층)']}, {'year': '2006', 'month': '10', 'events': ['씨브이네트 IPTV 시범 사업자 선정', 'IPTV 시범사업자 선정(정보통신부, 방송위원회 공동)']}, {'year': '2006', 'month': '05', 'events': ['2006 스마트홈 네트워크쇼 전시회 참관 및 지능형 홈네트워크  정보통신부 장관 우수상 수상']}, {'year': '2006', 'month': '03', 'events': ['대표이사 유광석 취임(삼성물산 부사장)']}, {'year': '2005', 'month': '05', 'events': ['대표 브랜드 UASIS Iaunching']}, {'year': '2005', 'month': '03', 'events': ['유비쿼터스 원천기반 개발사업 과기부 국책과제 3차년도 수행']}, {'year': '2004', 'month': '11', 'events': ['홈네트워크 2차 시범사업 시행(정보통신부)']}, {'year': '2004', 'month': '09', 'events': ['IPv6 시범서비스 전시회 출품(ITU 텔레콤, 부산아시아 2004)']}, {'year': '2004', 'month': '05', 'events': ['국채 최고층 주상복합 타워팰리스 3차 홈네트워크 개통']}, {'year': '2003', 'month': '11', 'events': ['기업부설 홈네트워크 연구소 설립', '유비쿼터스 컴퓨팅에 관한 과학기술부 국책과제 수행']}, {'year': '2003', 'month': '04', 'events': ['초고속 정보통신 시범서비스에 관한 국책과제 수행']}, {'year': '2003', 'month': '02', 'events': ['세계 최초 FTTH 상용화-동작 삼성래미안 (정보통신부 국책과제)']}, {'year': '2002', 'month': '10', 'events': ['대한주택공사 사이버 아파트 구축 제휴업체 선정', '대표이사 송문헌 취임(삼성물산 부사장)']}, {'year': '2002', 'month': '04', 'events': ['용상구갈리 하늘채(코오롱건설)모델하우스오픈']}, {'year': '2002', 'month': '03', 'events': ['산업자원부 국책과제 수행']}, {'year': '2001', 'month': '12', 'events': ['타워팰리스III, 잠실 갤러리아 팰리스 홈네트워크 시스템 구축 수주', '2001년말 사이버 구축단지: 14개 단지', '신개념 Home Conerol System 아파트 구축(홈오토시스템의 디지털화)']}, {'year': '2001', 'month': '08', 'events': ['용인수지 5차 아파트에 전력선 통신을 이용한 홈네트워킹 상용화']}, {'year': '2001', 'month': '01', 'events': ['중림동 무선 사이버 빌리지 오픈(웹패드를이용한단지내무선인터넷망구축)']}, {'year': '2000', 'month': '12', 'events': ['정통부장관상 수상-국가정보화 기여 공로']}, {'year': '2000', 'month': '10', 'events': ['인터넷을 이용한 홈오토 제어 시스템 및 원격의료 시스템 구축', '타워팰리스 3차 모델하우스 구축']}, {'year': '2000', 'month': '06', 'events': ['최초의 정보통신 1등급 단지 인터넷 서비스 공급 (서초 가든스위트)', '무료인터넷 서비스, 웹사이트 시범 오픈']}, {'year': '2000', 'month': '05', 'events': ['서초 가든 스위트 사이버빌리지 서비스 공급계약 및 서비스 개시', '대통령표창 행정자치부장관상 수여-국가정보화 기여(CEO 강병찬)']}, {'year': '2000', 'month': '04', 'events': ['(주)씨브이네트 법인출범 (창립일 : 2000. 4. 6)']}], 'employment': {'recruitments': []}, 'benefits': {'연금·보험': ['국민연금', '고용보험', '산재보험', '건강보험', '퇴직연금'], '휴무·휴가·행사': ['주5일제', '연차제도', '월차제도', '경조휴가', '반차제도', '리프레시 휴가', '출산휴가', '육아휴직', '남성출산휴가', '노동절 휴무', '창립일 행사', '공휴일 휴무', '반반차 제도'], '보상·수당·지원': ['퇴직금', '경조금', '자녀교육비', '장기근속 포상', '우수사원 포상제도', '직책수당', '자격증 수당', '주차 지원', '야간교통비 지급', '각종 기념일 선물', '도서 구입비 지원', '성과급', '복리후생 지원', '통신비', '복지포인트', '창립일 선물', '포상제도'], '사내제도·성장': ['노조/노사협의회', '임산부 근로시간 단축'], '사내시설': ['휴식공간', '주차장', '쾌적한 업무공간', '탕비실'], '편의·여가·건강': ['사내 동호회', '건강검진', '저녁 식사 지원', '음료/간식 제공']}, 'location': {'address': '서울 송파구 송파대로 155 (문정동, NH송파농협) 6층, 씨브이네트', 'map_url': 'https://maps.naver.com/?mapMode=0&dlevel=12&pinTitle=%e3%88%9c%ec%94%a8%eb%b8%8c%ec%9d%b4%eb%84%a4%ed%8a%b8&lat=37.484088146462&lng=127.122683082394'}}"	https://www.jobkorea.co.kr/Recruit/GI_Read_Comt_Ifrm?Gno=49365546	2026.07.12(일)
엠플러스정보시스템㈜	OO카드 채널 시스템 SM	['Java', '웹프로그래머']	"                        OO 카드   채널 시스템   SM   www.mplusit.com    은행,증권,보험 분야의 금융업무를 기반으로 하는 소프트웨어를 제조 및 판매하는 회사입니다. 신의와 성실로 고객의 성공을 위하여 일하는 회사입니다                   모집부문 및 자격요건       프로젝트 상세내용     OO카드 채널시스템 SM - 개발기간: 7.20 ~ 12.31                  (이후 년간단위로 연장 예정입니다)- 등급: 중급 1명- 근무지역: 시청- 스킬내용 : java, oracle, vue.js- 고용형태 : 프리랜서- 업무 : 채널- 필수조건 : 금융권 채널계 업무 경력 필수                    Vue.js 스킬 경력 필수                제출서류         이 력 서 : 투입가능일,연락처,희망급여기재    경력증명서 : 업무,기간,역할,개발환경(기종,OS,언어,DBMS,TOOL)중심의 경력서         지원방법         E-mail 접수 : mplus@mplusit.com    지원제목에 ""프로젝트명 - 성명” 표기    희망연봉을 기재         기타사항         서류전형 합격 후 개별 통보     문의 : 02-780-8933 김예슬 대리         "	['http://img.jobkorea.co.kr/GI_info_imgView.asp?FN=wiseui_com18_botright.jpg', 'http://img.jobkorea.co.kr/GI_info_imgView.asp?FN=wiseui_icon_blue_m27.gif', 'http://img.jobkorea.co.kr/GI_info_imgView.asp?FN=wiseui_665line_12_black.jpg', 'http://logo.jobkorea.co.kr/C_Logo_View.asp?FN=2011\\2\\JK_CO_mplus0419.gif', 'http://img.jobkorea.co.kr/GI_info_imgView.asp?FN=wiseui_icon_blue_s13.png', 'http://img.jobkorea.co.kr/GI_info_imgView.asp?FN=wiseui_com18_topright.jpg', 'http://img.jobkorea.co.kr/GI_info_imgView.asp?FN=txt_jobkorea.gif', 'http://img.jobkorea.co.kr/GI_info_imgView.asp?FN=wiseui_com18_topleft.jpg', 'http://img.jobkorea.co.kr/GI_info_imgView.asp?FN=wiseui_com18_botleft.jpg']	모집분야   Java 웹프로그래머   모집인원   ○명   고용형태   프리랜서   (근무기간 5개월)   급여   회사 내규에 따름 (면접 후 결정)   근무시간   근무지주소   서울 중구 서소문동 136 ENACenter   인근지하철   주5일(월~금)	경력4년↑, 학력무관, 서울 중구, 프리랜서	{'basic_info': {'산업': '솔루션·SI·CRM·ERP', '사원수': '78명 | ', '기업구분': '중소기업', '설립일': '2009.01.15 | (18년차)', '자본금': '1억원 | ', '매출액': '23억 | ', '대표자': '문형열', '주요사업': '소프트웨어개발및 판매', '4대보험': '국민연금, 건강보험, 고용보험, 산재보험', '홈페이지': 'http://www.mplusit.com', '주소': '서울 영등포구 국제금융로6길 33 (여의도동) 맨하탄빌딩 1021호'}, 'financial': {}, 'history': [], 'employment': {'recruitments': []}, 'benefits': {'연금·보험': ['국민연금', '고용보험', '산재보험', '건강보험', '퇴직연금'], '휴무·휴가·행사': ['주5일제'], '보상·수당·지원': ['명절선물/명절상여']}, 'location': {'address': '서울 영등포구 국제금융로6길 33 (여의도동) 맨하탄빌딩 1021호', 'map_url': 'https://maps.naver.com/?mapMode=0&dlevel=12&pinTitle=%ec%97%a0%ed%94%8c%eb%9f%ac%ec%8a%a4%ec%a0%95%eb%b3%b4%ec%8b%9c%ec%8a%a4%ed%85%9c%e3%88%9c&lat=37.520784696111&lng=126.926905753754'}}	https://www.jobkorea.co.kr/Recruit/GI_Read_Comt_Ifrm?Gno=49365401	2026.06.26(금)
삼백씨비티㈜	E-commerce  웹 개발자 모집 (경력)	['E-commerce', '웹', '개발자']	"




삼백씨비티㈜


E-commerce  웹 개발자 모집 (경력)




삼백씨비티 주식회사는 2017년에 설립된
해외(국내) 쇼핑몰 구축 전문 에이전시로 쇼피파이 플랫폼을
통해 이커머스 토탈 솔루션을 제공하고 있습니다.  이커머스 플랫폼 담당자 경력 우대. 이커머스에 대한
비전을 가지고 한국 이커머스를 이끌 인재를 기다립니다.







포지션 및 자격요건







포지션 ( 1명 ) 







담당업무
ㆍ쇼핑몰 구축 시 고객사의 니즈를 커버하는 개발(Frontend) 관련 업무, 외부 서비스 API 연동, UI설계 등 
자격요건
ㆍ학력 : 초대졸 이상ㆍ경력 : 유관 개발 업무 3년 이상  (웹에이전시, 이커머스 플랫폼 관련)ㆍJavaScript, React, Ruby on Rails, Node.js, Heroku, GraphQL, DigitalOcean 에 대한 경험자? 이커머스 플랫폼, 웹표준, 웹접근성에 대한 이해(HTML, CSS, Javascript, UI/UX)
제출서류ㆍ이력서, 자기소개서, 경력기술서, 포트폴리오
우대사항
ㆍ쇼피파이, 마젠토 등 해외 커머스 솔루션 경험자
ㆍFront-end 언어 및 라이브러리에 대한 다양한 지식. ㆍ해외 쇼핑몰 빌더를 경험한 분. ㆍ능동적으로 문제해결을 해내시는 분












유의사항ㆍ근무형태 : 정규직 (수습 3개월)ㆍ근무지 : 서울 강남구 영동대로 517, 30층 (삼성동, 아셈타워)ㆍ근무요일 : 주5일, 금요일(자기개발 및 단축 근무)ㆍ근무시간 : 08시 30분 ~ 17시 30분ㆍ급여 : 면접후 결정






전형절차
ㆍ서류전형 > 1차면접 > 2차면접 > 임원면접 > 최종합격
ㆍ면접일정은 추후 통보됩니다.













유의사항
ㆍ허위사실이 발견될 경우 채용이 취소될 수 있습니다.









"	[]	모집분야   E-commerce 웹 개발자   모집인원   ○명   고용형태   정규직   (수습 3개월)   직급/직책      급여   연봉 4,000만원 이상 (면접 후 결정)   근무시간   근무지주소   서울 강남구 영동대로 517 (삼성동, ASEM및한국종합무역센타단지) 30층   인근지하철   주5일(월~금)   08:30 ~ 17:30	경력3년↑, 초대졸↑, 서울 강남구 외, 정규직, 4,000만원 이상	{'basic_info': {'산업': '응용 소프트웨어 개발 및 공급업', '사원수': '8명 | ', '기업구분': '중소기업', '설립일': '2017.08.23 | (10년차)', '자본금': '3,000만원 | (2025.12.31)', '매출액': '7억 1,121만원 | (2025.12.31)', '대표자': '이재익', '대졸초임': '3,200만원', '주요사업': '응용소프트웨어 개발,공급/무역/전자상거래/웹컨텐츠 제작/웹디자인,디자인개발용역/광고대행,기획/산업디자인/사업지원', '4대보험': '국민연금, 건강보험, 고용보험, 산재보험', '홈페이지': 'https://www.300cbt.com/', '주소': '서울 마포구 양화로 81 (서교동, H스퀘어) 4층'}, 'financial': {'매출액': {'current_value': '7억 1,121만원'}, '영업이익': {'current_value': '5,439만원'}, '당기순이익': {'current_value': '1억 2,393만원'}, '산업 내 위치': {'current_value': None}, '기업등급': {'current_value': None}, '총자산 증가율': {'current_value': '5억 9,357만원'}}, 'history': [{'year': '2024', 'month': '01', 'events': ['아모레퍼시픽(HERA) D2C 프로젝트, 혁신바우처 수행사 선정, 블루 보틀 커피 코리아 사이트 오픈, 닥터마틴 코리아 마이그레이션 프로젝트 수행사 선정']}, {'year': '2023', 'month': '01', 'events': ['이니스프리 APAC 스토어 유지보수, 쇼피파이 밋업 서울 개최, 신세계인터내셔널 이커머스 컨설팅']}, {'year': '2022', 'month': '01', 'events': ['산업디자인 전문 회사 선정(한국 디자인 진흥원), Dior 한국 스토어 오픈, 수출바우처 수행 기관 선정, 쇼피파이 스토어 구축 300개 돌파']}, {'year': '2021', 'month': '05', 'events': ['중진공: 온라인 직접수출 지원 사업 참여, 라인프렌즈 글로벌 스토어 운영 대행사 선정']}, {'year': '2020', 'month': '12', 'events': ['글로벌결제PG 엑심베이 파트너사 등록']}, {'year': '2020', 'month': '03', 'events': ['Shopify Expert 등록(한국 최초)']}, {'year': '2020', 'month': '01', 'events': ['CBT 포럼(셀루셀러 코리아) 참가']}, {'year': '2019', 'month': '11', 'events': ['헬로 쇼피파이(월드퍼스트) 세미나 참가']}, {'year': '2019', 'month': '10', 'events': ['쇼피파이 밋업, 글로벌 이커머스 세미나(페이먼트월) 참가']}, {'year': '2019', 'month': '07', 'events': ['페이팔 이커머스 컨퍼런스 2019 참가']}, {'year': '2019', 'month': '06', 'events': ['리테일 & 이커머스 전시회 K SHOP(킨텍스) 참가']}, {'year': '2019', 'month': '05', 'events': ['페이팔 파트너사 등록']}, {'year': '2019', 'month': '04', 'events': ['쇼피파이 밋업, 쇼피파이 마스터 코스(교육) 론칭']}, {'year': '2018', 'month': '12', 'events': ['쇼피파이 파트너 매니저 한국 방한 미팅']}, {'year': '2018', 'month': '04', 'events': ['월드퍼스트와 업무 제휴, 글로벌 디지털 마케팅 컨퍼런스 참가']}, {'year': '2018', 'month': '03', 'events': ['쇼피파이 밋업 서울 개최(한국 첫 쇼피파이 밋업)']}, {'year': '2017', 'month': '12', 'events': ['페이팔 코리아 CBT 커뮤니티 cbtlabs 전문가 칼럼 선정']}, {'year': '2017', 'month': '11', 'events': ['쇼피파이 구축 서비스 론칭']}, {'year': '2017', 'month': '08', 'events': ['삼백씨비티(주) 법인 설립']}], 'employment': {'recruitments': []}, 'benefits': {'연금·보험': ['국민연금', '고용보험', '산재보험', '건강보험'], '휴무·휴가·행사': ['주5일제', '월차제도', '정기휴가', '노동절 휴무'], '보상·수당·지원': ['도서 구입비 지원'], '사내시설': ['휴식공간', '카페테리아']}, 'location': {'address': '서울 마포구 양화로 81 (서교동, H스퀘어) 4층', 'map_url': 'https://maps.naver.com/?mapMode=0&dlevel=12&pinTitle=%ec%82%bc%eb%b0%b1%ec%94%a8%eb%b9%84%ed%8b%b0%e3%88%9c&lat=37.5520295562574&lng=126.916679734268'}}	https://www.jobkorea.co.kr/Recruit/GI_Read_Comt_Ifrm?Gno=49365086	2026.07.12(일)채용 시 마감
㈜휴텍씨	UIUX 및 기획이 되는 개발자 환영 (재택/출근 강남10-4시)	['홈페이지', '제작', '및', '웹', '프로젝트', '담당자']	"




㈜휴텍씨


(재택/ 출근 강남10-4시) -Ai툴 사용해서 UIUX/기획 가능한  개발자환영 




㈜휴텍씨는 2018년에 설립된 회사로 사원수 5명 규모의 중소기업입니다. 서울 서초구 서초대로78길 36 (서초동, 강남지웰타워)에 위치하고 있으며, 인공지능 통번역 기술을 활용한 비대면 하이브리드 자동문서 번역 플랫폼 서비스제공사업을 하고 있습니다.







포지션 및 자격요건







홈페이지 제작 및 웹 프로젝트 담당자 ( 1명 ) 




담당업무

홈페이지 제작 및 수정 업무


프로젝트 단위의 홈페이지 제작 진행


고객 요청사항 반영 및 일정 관리


기본적인 홈페이지 유지보수 및 관리


월 평균 3개 내외의 홈페이지 제작 및 납품근무조건


급여: 월 220~300만원


근무형태: 월급제


업무방식: 프로젝트 단위 진행


근무시간: 평일 주 5일 기준, 일 평균 6시간 근무


근무장소: 사무실 출근(재택가능)
※ 근무 요일 및 시간은 업무 일정에 따라 협의 가능합니다.※ 재택 가능한 분은 아래 재택 프로세싱처럼 개인의 재택 루틴과 프로세싱이 있으신 분에 한함( 노션, 구글 클라우드 등을 활용 하신다면, 아래 시스템처럼 노션 등의 플랫폼을 어떻게 활용하셔서 재택으로 업무를 이어 나가실 수 있는지 보여주실 수 있는 분)- 업무 파일 업로드 후 설명과 피드백을 한곳에서 확인할 수 있는 구조- 음성으로 말하면 자동으로 텍스트 변환 및 요약 정리가 되는 AI 툴 활용- 두서없이 작성한 내용도 자동으로 1번, 2번, 3번처럼 내용 정리해주는 기능- 노션, 깃허브, 화상회의, 구글 클라우드 등을 하나의 대시보드에서 확인할 수 있는 구조- 여러 명이 동시에 내용을 확인하고 댓글이나 피드백을 남길 수 있는 협업 공간- 개발자가 작업한 내용을 여러 사람에게 공지하고 체크할 수 있는 공유 기능※ 회사의 업무 스타일을 익히기 위해 초반에는 주 5일 출근 후, 협의 하여 점차 주 4일, 주 3일 형태로 줄여가는 방식으로 진행
필수조건

홈페이지 제작 경험이 있는 분


프로젝트 단위로 업무 진행이 가능한 분


월 평균 3개 정도의 홈페이지 제작 물량을 책임감 있게 진행할 수 있는 분


일정 관리와 커뮤니케이션이 원활한 분UIUX 기획이나, 홈페이지 기획으로도 가능하신 개발자 분

우대사항
바이브 코딩으로 홈페이지 제작 가능 자

장기적으로 함께 일할 수 있는 분 복리후생


4대보험 가입


퇴직금 지급


근무 요일 및 시간 협의 가능




















전형절차
ㆍ서류전형 > 1차면접 > 2차면접 > 임원면접 > 최종합격
ㆍ면접일정은 추후 통보됩니다.













유의사항
ㆍ허위사실이 발견될 경우 채용이 취소될 수 있습니다.









"	[]	모집분야   홈페이지 제작 및 웹 프로젝트 담당자   모집인원   ○명   고용형태   정규직   (협의)   ,    계약직   (협의)   급여   월급 220~300만원   근무시간   근무지주소   서울 서초구 서초대로78길 36 (서초동, 강남지웰타워) 6층   인근지하철   협의가능    10:00 ~ 16:00   탄력근무제   주 2~4회 출근 + 나머지 재택근무도 협의 가능	경력무관, 학력무관, 서울 서초구, 정규직 외, 220~300만원(월)	{'basic_info': {'산업': '콜센터·아웃소싱·기타', '사원수': '5명 | ', '기업구분': '중소기업', '설립일': '2018.05.15 | (9년차)', '자본금': '- | ', '매출액': '- | ', '대표자': '박미진', '주요사업': '인공지능 통번역 기술을 활용한 비대면 하이브리드 자동문서 번역 플랫폼 서비스제공', '4대보험': '국민연금, 건강보험, 고용보험, 산재보험', '홈페이지': '-', '주소': '서울 서초구 서초대로78길 36 (서초동, 강남지웰타워) 강남지웰타워 6층'}, 'financial': {}, 'history': [], 'employment': {'recruitments': []}, 'benefits': {'연금·보험': ['국민연금', '고용보험', '산재보험', '건강보험'], '휴무·휴가·행사': ['연차제도']}, 'location': {'address': '서울 서초구 서초대로78길 36 (서초동, 강남지웰타워) 강남지웰타워 6층', 'map_url': 'https://maps.naver.com/?mapMode=0&dlevel=12&pinTitle=%e3%88%9c%ed%9c%b4%ed%85%8d%ec%94%a8&lat=37.4946838672054&lng=127.028175797799'}}	https://www.jobkorea.co.kr/Recruit/GI_Read_Comt_Ifrm?Gno=49365029	2026.07.12(일)
㈜레디올소프트	[서울/가산] 레디올소프트  백엔드 웹 개발자(깃허브,포트폴리오 제출필수)	['레디올소프트', '백엔드', '웹', '개발자']	"

이미지 링크 공유 "	['https://i.ibb.co/FLPYyJzD/3.png', 'https://i.ibb.co/G4vJrF6W/2.png', 'https://i.ibb.co/20xNSzTZ/1.png']	모집분야   레디올소프트  백엔드 웹 개발자   모집인원   ○명   고용형태   정규직   (수습 3개월)   급여   회사 내규에 따름 (면접 후 결정)   근무시간   근무지주소   서울 금천구 디지털로 130 (가산동, 남성프라자) 701호   인근지하철   주5일(월~금)   09:00 ~ 18:00   탄력근무제   시차출퇴근제(근로자가 출퇴근 시간 선택) 가능	경력5년↑, 학력무관, 서울 금천구, 정규직	{'basic_info': {'산업': '솔루션·SI·CRM·ERP', '사원수': '- | ', '기업구분': '중소기업', '설립일': '-', '자본금': '- | ', '매출액': '- | ', '대표자': '방완영', '주요사업': '-', '4대보험': '국민연금, 건강보험, 고용보험, 산재보험', '홈페이지': '-', '주소': '서울 금천구 디지털로 130 (가산동, 남성프라자) 701호'}, 'financial': {}, 'history': [], 'employment': {'recruitments': []}, 'benefits': {}, 'location': {'address': '서울 금천구 디지털로 130 (가산동, 남성프라자) 701호', 'map_url': 'https://maps.naver.com/?mapMode=0&dlevel=12&pinTitle=%e3%88%9c%eb%a0%88%eb%94%94%ec%98%ac%ec%86%8c%ed%94%84%ed%8a%b8&lat=37.4754678526371&lng=126.881867479815'}}	https://www.jobkorea.co.kr/Recruit/GI_Read_Comt_Ifrm?Gno=49364535	2026.07.12(일)
㈜디지토피아	[울산] 구매시스템 구축 엠로 framework PL 및 개발자 모집	['구매시스템', '구축', '엠로', 'framework', '개발']	          ㈜디지토피아는 2000년에 설립된 회사로 자본금 3억원, 매출액 60억 , 사원수 80명 규모의 중소기업입니다. 서울 금천구 가산동에 위치하고 있으며, S/W개발, 솔루션사업을 하고 있는 IT 핵심 경쟁력인 제4차 산업 관련 IT 전문 회사   입니다.                   [울산] 구매시스템 구축 엠로 framework PL 및 개발자 모집당사는 20년 이상 IT경험을 보유한 회사로 최고의 기술력으로 고객의가치 창출에 기여하는 회사 입니다 (www.edigitopia.com)지원가능하시면 ahramkim1@hanmail.net 으로 지원바랍니다1. 장소 : 울산2. 기간 : 6월 ~28년 3월3. 필요기술 : 수입관리 유경험, 엠로 framework 유경험4. 등급 : 고급 가능하시면 이력서 부탁드립니다. ahramkim1@hanmail.net 으로 보내주시기 바랍니다 0명              서류전형       실무자면접       임원면접       최종합격           - 이력서, 자기소개서 제출 - 최종합격 후 졸업증명서, 최종학교 전 학년 성적 증명서, 공인시험 및 기타 자격증 사본(소지자에 한함), 취업보호대상증명서(대상자에 한함) 제출       - 허위사실이 발견될 경우 채용이 취소될 수 있습니다.     	['http://i.jobkorea.kr/content/images/yocruit/yctr/gen/skin/blue/step_shape_7_light.gif?v4', 'http://file1.jobkorea.co.kr/mailing/gi_reg_img/theme_type_255.jpg', 'http://i.jobkorea.kr/content/images/yocruit/yctr/gen/skin/blue/icn_shape_7.gif', 'http://i.jobkorea.kr/content/images/yocruit/yctr/gen/hd_doc.png', 'http://i.jobkorea.kr/content/images/yocruit/yctr/gen/jk_logo.gif', 'http://i.jobkorea.kr/content/images/yocruit/yctr/gen/hd_step.png', 'http://i.jobkorea.kr/content/images/yocruit/yctr/gen/hd_req.png', 'http://img.jobkorea.kr/trans/c/200x80/a/h/JK_Co_ahramkim.png', 'http://i.jobkorea.kr/content/images/yocruit/yctr/gen/skin/blue/step_shape_7.gif?v4', 'http://i.jobkorea.kr/content/images/yocruit/yctr/gen/icn_arr_step.png', 'http://i.jobkorea.kr/content/images/yocruit/yctr/gen/hd_guid.png']	모집분야   구매시스템 구축 엠로 framework 개발   모집인원   ○명   고용형태   프리랜서   (근무기간 22개월)   급여   회사 내규에 따름 (면접 후 결정)   근무시간   근무지주소   서울 금천구 가산디지털1로 181 (가산동, 가산더블유센터) 1507호   인근지하철   주5일(월~금)	경력9년↑, 초대졸↑, 서울 금천구 외, 프리랜서	{'basic_info': {'산업': '솔루션·SI·CRM·ERP', '사원수': '72명 | ', '기업구분': '중소기업', '설립일': '2002 | (25년차)', '자본금': '3억원 | ', '매출액': '29억 8천만원 | (2023.12.31)', '대표자': '김종곤', '주요사업': 'si', '4대보험': '국민연금, 건강보험, 고용보험, 산재보험', '홈페이지': 'http://edigitopia.com', '주소': '서울 금천구 가산디지털1로 181 (가산동, 가산WCENTER) 1507,1508호'}, 'financial': {'매출액': {'current_value': '29억 8천만원'}, '영업이익': {'current_value': '1억 3,919만원'}, '당기순이익': {'current_value': '1억 6,423만원'}, '기업등급': {'current_value': None}, '동종업계 순위': {'current_value': None}}, 'history': [], 'employment': {'recruitments': []}, 'benefits': {'휴무·휴가·행사': ['주5일제']}, 'location': {'address': '서울 금천구 가산디지털1로 181 (가산동, 가산WCENTER) 1507,1508호', 'map_url': 'https://maps.naver.com/?mapMode=0&dlevel=12&pinTitle=%e3%88%9c%eb%94%94%ec%a7%80%ed%86%a0%ed%94%bc%ec%95%84&lat=37.4814275693584&lng=126.880365344'}}	https://www.jobkorea.co.kr/Recruit/GI_Read_Comt_Ifrm?Gno=49364337	2026.06.29(월)
㈜디지토피아	[상일동]   개발(SAP 모듈 솔루션 연계 개발)	['개발SAP', '모듈', '솔루션', '연계', '개발']	          ㈜디지토피아는 2000년에 설립된 회사로 자본금 3억원, 매출액 60억 , 사원수 80명 규모의 중소기업입니다. 서울 금천구 가산동에 위치하고 있으며, S/W개발, 솔루션사업을 하고 있는 IT 핵심 경쟁력인 제4차 산업 관련 IT 전문 회사   입니다.                   [상일동]   개발(SAP 모듈 솔루션 연계 개발)               SAP TR(자금관리 모듈) 연계  웹 시스템 구축                당사는 20년 이상 IT경험을 보유한 회사로 최고의 기술력으로 고객의가치 창출에 기여하는 회사 입니다 (www.edigitopia.com)지원가능하시면 ahramkim1@hanmail.net 으로 지원바랍니다1. 장소 : 상일동 2. 기간 : 6월~ 27.1(이후 후속과제 지속예정)3. 필요기술 :  React * SAP에서 파이프라인 빌더로 데이터 ETL 하여 솔루션 적용1) 자금관리 과제 경험(시제 관리, 자금 수지관리 및 시뮬레이션, 선물환 및 햇지)2) 환율관련 과제 경험(선물환 및 햇지 관리, 데시보드 및 시뮬레이션, 서로다른 통화로 매     출 매입시 선물환 리스크 관리) 4. 등급 : 특급 5명 이상(자금, 환율?각 설계 1명, 개발 1명, 공통 1명) 가능하시면 이력서 부탁드립니다. ahramkim1@hanmail.net 으로 보내주시기 바랍니다 0명              서류전형       실무자면접       임원면접       최종합격           - 이력서, 자기소개서 제출 - 최종합격 후 졸업증명서, 최종학교 전 학년 성적 증명서, 공인시험 및 기타 자격증 사본(소지자에 한함), 취업보호대상증명서(대상자에 한함) 제출       - 허위사실이 발견될 경우 채용이 취소될 수 있습니다.     	['http://i.jobkorea.kr/content/images/yocruit/yctr/gen/skin/blue/step_shape_7_light.gif?v4', 'http://file1.jobkorea.co.kr/mailing/gi_reg_img/theme_type_255.jpg', 'http://i.jobkorea.kr/content/images/yocruit/yctr/gen/skin/blue/icn_shape_7.gif', 'http://i.jobkorea.kr/content/images/yocruit/yctr/gen/hd_doc.png', 'http://i.jobkorea.kr/content/images/yocruit/yctr/gen/jk_logo.gif', 'http://i.jobkorea.kr/content/images/yocruit/yctr/gen/hd_step.png', 'http://i.jobkorea.kr/content/images/yocruit/yctr/gen/hd_req.png', 'http://img.jobkorea.kr/trans/c/200x80/a/h/JK_Co_ahramkim.png', 'http://i.jobkorea.kr/content/images/yocruit/yctr/gen/skin/blue/step_shape_7.gif?v4', 'http://i.jobkorea.kr/content/images/yocruit/yctr/gen/icn_arr_step.png', 'http://i.jobkorea.kr/content/images/yocruit/yctr/gen/hd_guid.png']	모집분야   개발SAP 모듈 솔루션 연계 개발   모집인원   ○명   고용형태   프리랜서   (근무기간 8개월)   급여   회사 내규에 따름 (면접 후 결정)   근무시간   근무지주소   서울 금천구 가산디지털1로 181 (가산동, 가산더블유센터) 1507호   인근지하철   주5일(월~금)	경력13년↑, 초대졸↑, 서울 금천구 외, 프리랜서	{'basic_info': {'산업': '솔루션·SI·CRM·ERP', '사원수': '72명 | ', '기업구분': '중소기업', '설립일': '2002 | (25년차)', '자본금': '3억원 | ', '매출액': '29억 8천만원 | (2023.12.31)', '대표자': '김종곤', '주요사업': 'si', '4대보험': '국민연금, 건강보험, 고용보험, 산재보험', '홈페이지': 'http://edigitopia.com', '주소': '서울 금천구 가산디지털1로 181 (가산동, 가산WCENTER) 1507,1508호'}, 'financial': {'매출액': {'current_value': '29억 8천만원'}, '영업이익': {'current_value': '1억 3,919만원'}, '당기순이익': {'current_value': '1억 6,423만원'}, '기업등급': {'current_value': None}, '동종업계 순위': {'current_value': None}}, 'history': [], 'employment': {'recruitments': []}, 'benefits': {'휴무·휴가·행사': ['주5일제']}, 'location': {'address': '서울 금천구 가산디지털1로 181 (가산동, 가산WCENTER) 1507,1508호', 'map_url': 'https://maps.naver.com/?mapMode=0&dlevel=12&pinTitle=%e3%88%9c%eb%94%94%ec%a7%80%ed%86%a0%ed%94%bc%ec%95%84&lat=37.4814275693584&lng=126.880365344'}}	https://www.jobkorea.co.kr/Recruit/GI_Read_Comt_Ifrm?Gno=49364322	2026.06.29(월)
㈜디지토피아	[기흥] AI 챗봇 에이전트 JAVA 개발자 모집	['AI', '챗봇', '에이전트', 'JAVA', '개발']	          ㈜디지토피아는 2000년에 설립된 회사로 자본금 3억원, 매출액 60억 , 사원수 80명 규모의 중소기업입니다. 서울 금천구 가산동에 위치하고 있으며, S/W개발, 솔루션사업을 하고 있는 IT 핵심 경쟁력인 제4차 산업 관련 IT 전문 회사   입니다.                   [기흥] AI 챗봇 에이전트 JAVA 개발자 모집                당사는 20년 이상 IT경험을 보유한 회사로 최고의 기술력으로 고객의가치 창출에 기여하는 회사 입니다 (www.edigitopia.com)지원가능하시면 ahramkim1@hanmail.net 으로 지원바랍니다1. 장소 : 기흥2. 기간 : 즉시 ~3개월3. 필수기술 : Langchain , Langgraph , Flowise ( 또는 n8n ) , 에이전틱 AI 개발 경험4. 등급 : 고급 가능하시면 이력서 부탁드립니다. ahramkim1@hanmail.net 으로 보내주시기 바랍니다 0명              서류전형       실무자면접       임원면접       최종합격           - 이력서, 자기소개서 제출 - 최종합격 후 졸업증명서, 최종학교 전 학년 성적 증명서, 공인시험 및 기타 자격증 사본(소지자에 한함), 취업보호대상증명서(대상자에 한함) 제출       - 허위사실이 발견될 경우 채용이 취소될 수 있습니다.     	['http://i.jobkorea.kr/content/images/yocruit/yctr/gen/skin/blue/step_shape_7_light.gif?v4', 'http://file1.jobkorea.co.kr/mailing/gi_reg_img/theme_type_255.jpg', 'http://i.jobkorea.kr/content/images/yocruit/yctr/gen/skin/blue/icn_shape_7.gif', 'http://i.jobkorea.kr/content/images/yocruit/yctr/gen/hd_doc.png', 'http://i.jobkorea.kr/content/images/yocruit/yctr/gen/jk_logo.gif', 'http://i.jobkorea.kr/content/images/yocruit/yctr/gen/hd_step.png', 'http://i.jobkorea.kr/content/images/yocruit/yctr/gen/hd_req.png', 'http://img.jobkorea.kr/trans/c/200x80/a/h/JK_Co_ahramkim.png', 'http://i.jobkorea.kr/content/images/yocruit/yctr/gen/skin/blue/step_shape_7.gif?v4', 'http://i.jobkorea.kr/content/images/yocruit/yctr/gen/icn_arr_step.png', 'http://i.jobkorea.kr/content/images/yocruit/yctr/gen/hd_guid.png']	모집분야   AI 챗봇 에이전트 JAVA 개발   모집인원   ○명   고용형태   프리랜서   (근무기간 3개월)   급여   회사 내규에 따름 (면접 후 결정)   근무시간   근무지주소   서울 금천구 가산디지털1로 181 (가산동, 가산더블유센터) 1507호   인근지하철   주5일(월~금)	경력10년↑, 초대졸↑, 서울 금천구 외, 프리랜서	{'basic_info': {'산업': '솔루션·SI·CRM·ERP', '사원수': '72명 | ', '기업구분': '중소기업', '설립일': '2002 | (25년차)', '자본금': '3억원 | ', '매출액': '29억 8천만원 | (2023.12.31)', '대표자': '김종곤', '주요사업': 'si', '4대보험': '국민연금, 건강보험, 고용보험, 산재보험', '홈페이지': 'http://edigitopia.com', '주소': '서울 금천구 가산디지털1로 181 (가산동, 가산WCENTER) 1507,1508호'}, 'financial': {'매출액': {'current_value': '29억 8천만원'}, '영업이익': {'current_value': '1억 3,919만원'}, '당기순이익': {'current_value': '1억 6,423만원'}, '기업등급': {'current_value': None}, '동종업계 순위': {'current_value': None}}, 'history': [], 'employment': {'recruitments': []}, 'benefits': {'휴무·휴가·행사': ['주5일제']}, 'location': {'address': '서울 금천구 가산디지털1로 181 (가산동, 가산WCENTER) 1507,1508호', 'map_url': 'https://maps.naver.com/?mapMode=0&dlevel=12&pinTitle=%e3%88%9c%eb%94%94%ec%a7%80%ed%86%a0%ed%94%bc%ec%95%84&lat=37.4814275693584&lng=126.880365344'}}	https://www.jobkorea.co.kr/Recruit/GI_Read_Comt_Ifrm?Gno=49364308	2026.06.29(월)
㈜디지토피아	[증미/오창] C#, 설비인터페이스 개발자 모집	['C#,', '설비인터페이스', '개발']	"




디지토피아


[증미/마곡] 물류상황가시화 시스템 웹 퍼블리셔(웹디자인)과제



디지토피아는 2002년에 설립된 회사로 자본금 3억원, 매출액 50억 1,012만원, 사원수 72명 규모의 중소기업입니다. 서울 금천구 가산디지털1로 181 (가산동, 가산WCENTER)에 위치하고 있으며, S/W개발,솔루션사업을 하고 있습니다.







포지션 및 자격요건







[증미/오창] C#, 설비인터페이스 개발자 모집  


당사는 20년 이상 IT경험을 보유한 회사로 최고의 기술력으로 고객의가치 창출에 기여하는 회사 입니다 (www.edigitopia.com)지원가능하시면 ahramkim1@hanmail.net 으로 지원바랍니다. 1. 장소 : 증미(개발업무), 오창(테스트 업무)2. 기간 : 즉시 ~ 26년 12월3. 필수기술 : c#.net, 설비인터페이스개발 경험, API, MES 경험4. 우대 : 프레임워크 개발 경험자5. 등급 : 고급   가능하시면 연락 주시기 바랍니다.ahramkim1@hanmail.net으로 보내주시기 바랍니다













"	[]	모집분야   C#, 설비인터페이스 개발   모집인원   ○명   고용형태   프리랜서   (근무기간 7개월)   급여   회사 내규에 따름 (면접 후 결정)   근무시간   근무지주소   서울 금천구 가산디지털1로 181 (가산동, 가산WCENTER) 1507,호,1508호    인근지하철   주5일(월~금)   08:30 ~ 17:30	경력9년↑, 초대졸↑, 서울 금천구 외, 프리랜서	{'basic_info': {'산업': '솔루션·SI·CRM·ERP', '사원수': '72명 | ', '기업구분': '중소기업', '설립일': '2002.01.15 | (25년차)', '자본금': '3억원 | ', '매출액': '29억 8천만원 | (2023.12.31)', '대표자': '김종곤', '주요사업': 'S/W개발,솔루션', '4대보험': '국민연금, 건강보험, 고용보험, 산재보험', '홈페이지': 'http://www.edigitopia.com/', '주소': '서울 금천구 가산디지털1로 181 (가산동, 가산WCENTER) 1507,호,1508호'}, 'financial': {'매출액': {'current_value': '29억 8천만원'}, '영업이익': {'current_value': '1억 3,919만원'}, '당기순이익': {'current_value': '1억 6,423만원'}, '기업등급': {'current_value': None}, '동종업계 순위': {'current_value': None}}, 'history': [], 'employment': {'recruitments': []}, 'benefits': {}, 'location': {'address': '서울 금천구 가산디지털1로 181 (가산동, 가산WCENTER) 1507,호,1508호', 'map_url': 'https://maps.naver.com/?mapMode=0&dlevel=12&pinTitle=%e3%88%9c%eb%94%94%ec%a7%80%ed%86%a0%ed%94%bc%ec%95%84&lat=37.4814275693584&lng=126.880365344'}}	https://www.jobkorea.co.kr/Recruit/GI_Read_Comt_Ifrm?Gno=49364283	2026.06.29(월)
㈜디지토피아	[종로] 엠로 framework 구매시스템 운영자 모집	['엠로', 'framework', '구매시스템']	         [종로] 엠로 framework 구매시스템 운영자 모집1. 장소 : 종로2. 기간 : 6월중 ~ 12/31(이후 연단위 계약)3. 필수기술 : java, 엠로 framework4. 우대 : 시스템운영업무 경험자, 구매시스템 경력자5. 등급 : 고급가능하시면 연락주시기 바랍니다. ahramkim1@hanmail.net 으로 이력서 부탁드립니다.0명           서류전형       실무자면접       임원면접       최종합격           - 이력서, 자기소개서 제출 - 최종합격 후 졸업증명서, 최종학교 전 학년 성적 증명서, 공인시험 및 기타 자격증 사본(소지자에 한함), - 취업보호대상증명서(대상자에 한함) 제출       - 허위사실이 발견될 경우 채용이 취소될 수 있습니다.     	['http://i.jobkorea.kr/content/images/yocruit/yctr/gen/skin/blue/step_shape_7_light.gif?v4', 'http://file1.jobkorea.co.kr/mailing/gi_reg_img/theme_type_255.jpg', 'http://i.jobkorea.kr/content/images/yocruit/yctr/gen/skin/blue/icn_shape_7.gif', 'http://i.jobkorea.kr/content/images/yocruit/yctr/gen/hd_doc.png', 'http://i.jobkorea.kr/content/images/yocruit/yctr/gen/hd_step.png', 'http://i.jobkorea.kr/content/images/yocruit/yctr/gen/hd_req.png', 'http://i.jobkorea.kr/content/images/yocruit/yctr/gen/icn_arr_step.png', 'http://i.jobkorea.kr/content/images/yocruit/yctr/gen/skin/blue/step_shape_7.gif?v4', 'http://i.jobkorea.kr/content/images/yocruit/yctr/gen/hd_guid.png', 'http://img.jobkorea.kr/trans/c/200x80/d/i/JK_Co_digitopi.png']	모집분야   엠로 framework 구매시스템   모집인원   ○명   고용형태   프리랜서   (근무기간 7개월)   급여   회사 내규에 따름 (면접 후 결정)   근무시간   근무지주소   서울 금천구 가산디지털1로 181 (가산동, 가산더블유센터) 1507호   인근지하철   주5일(월~금)	경력9년↑, 초대졸↑, 서울 금천구 외, 프리랜서	{'basic_info': {'산업': '솔루션·SI·CRM·ERP', '사원수': '72명 | ', '기업구분': '벤처기업', '설립일': '2002 | (25년차)', '자본금': '3억원 | ', '매출액': '29억 8천만원 | (2023.12.31)', '대표자': '김종곤', '주요사업': '솔루션 및 SI', '4대보험': '국민연금, 건강보험, 고용보험, 산재보험', '홈페이지': 'http://www.edigitopia.com', '주소': '서울 금천구 가산디지털1로 181 (가산동, 가산WCENTER) 1507,1508호'}, 'financial': {'매출액': {'current_value': '29억 8천만원'}, '영업이익': {'current_value': '1억 3,919만원'}, '당기순이익': {'current_value': '1억 6,423만원'}, '기업등급': {'current_value': None}, '동종업계 순위': {'current_value': None}}, 'history': [], 'employment': {'recruitments': []}, 'benefits': {'휴무·휴가·행사': ['주5일제']}, 'location': {'address': '서울 금천구 가산디지털1로 181 (가산동, 가산WCENTER) 1507,1508호', 'map_url': 'https://maps.naver.com/?mapMode=0&dlevel=12&pinTitle=%e3%88%9c%eb%94%94%ec%a7%80%ed%86%a0%ed%94%bc%ec%95%84&lat=37.4814275693584&lng=126.880365344'}}	https://www.jobkorea.co.kr/Recruit/GI_Read_Comt_Ifrm?Gno=49364266	2026.06.29(월)
㈜디지토피아	[성남] 엠로 framework경험  java 개발자 모집	['엠로', 'framework경험', 'java', '개발']	         [성남] 엠로 framework경험  java 개발자 모집1. 장소 : 성남2. 기간 : 7/1 ~ 11/303. 필요기술 : JAVA, 엠로 framework4. 등급 : 중급가능하시면 연락주시기 바랍니다. ahramkim1@hanmail.net 으로 이력서 부탁드립니다.0명           서류전형       실무자면접       임원면접       최종합격           - 이력서, 자기소개서 제출 - 최종합격 후 졸업증명서, 최종학교 전 학년 성적 증명서, 공인시험 및 기타 자격증 사본(소지자에 한함), - 취업보호대상증명서(대상자에 한함) 제출       - 허위사실이 발견될 경우 채용이 취소될 수 있습니다.     	['http://i.jobkorea.kr/content/images/yocruit/yctr/gen/skin/blue/step_shape_7_light.gif?v4', 'http://file1.jobkorea.co.kr/mailing/gi_reg_img/theme_type_255.jpg', 'http://i.jobkorea.kr/content/images/yocruit/yctr/gen/skin/blue/icn_shape_7.gif', 'http://i.jobkorea.kr/content/images/yocruit/yctr/gen/hd_doc.png', 'http://i.jobkorea.kr/content/images/yocruit/yctr/gen/hd_step.png', 'http://i.jobkorea.kr/content/images/yocruit/yctr/gen/hd_req.png', 'http://i.jobkorea.kr/content/images/yocruit/yctr/gen/icn_arr_step.png', 'http://i.jobkorea.kr/content/images/yocruit/yctr/gen/skin/blue/step_shape_7.gif?v4', 'http://i.jobkorea.kr/content/images/yocruit/yctr/gen/hd_guid.png', 'http://img.jobkorea.kr/trans/c/200x80/d/i/JK_Co_digitopi.png']	모집분야   엠로 framework경험  java 개발   모집인원   ○명   고용형태   프리랜서   (근무기간 5개월)   급여   회사 내규에 따름 (면접 후 결정)   근무시간   근무지주소   서울 금천구 가산디지털1로 181 (가산동, 가산더블유센터) 1507호   인근지하철   주5일(월~금)	경력6년↑, 초대졸↑, 서울 금천구 외, 프리랜서	{'basic_info': {'산업': '솔루션·SI·CRM·ERP', '사원수': '72명 | ', '기업구분': '벤처기업', '설립일': '2002 | (25년차)', '자본금': '3억원 | ', '매출액': '29억 8천만원 | (2023.12.31)', '대표자': '김종곤', '주요사업': '솔루션 및 SI', '4대보험': '국민연금, 건강보험, 고용보험, 산재보험', '홈페이지': 'http://www.edigitopia.com', '주소': '서울 금천구 가산디지털1로 181 (가산동, 가산WCENTER) 1507,1508호'}, 'financial': {'매출액': {'current_value': '29억 8천만원'}, '영업이익': {'current_value': '1억 3,919만원'}, '당기순이익': {'current_value': '1억 6,423만원'}, '기업등급': {'current_value': None}, '동종업계 순위': {'current_value': None}}, 'history': [], 'employment': {'recruitments': []}, 'benefits': {'휴무·휴가·행사': ['주5일제']}, 'location': {'address': '서울 금천구 가산디지털1로 181 (가산동, 가산WCENTER) 1507,1508호', 'map_url': 'https://maps.naver.com/?mapMode=0&dlevel=12&pinTitle=%e3%88%9c%eb%94%94%ec%a7%80%ed%86%a0%ed%94%bc%ec%95%84&lat=37.4814275693584&lng=126.880365344'}}	https://www.jobkorea.co.kr/Recruit/GI_Read_Comt_Ifrm?Gno=49364234	2026.06.29(월)
위쉬정보기술㈜	평촌 공공기관  PMO 모집	['평촌', '공공기관', 'PMO', '모집']	"

평촌 공공기관  PMO 모집

 

         모집분야 및 자격요건 모집부분담당업무자격요건모집인원공공기관PMO- 근무지: 평촌- 기술: PMO- 등급: 3년 이상- 기간 : ~ 12월- 기타 : 공공기관 경험자 우대 0명  



 





서류전형






실무자면접






임원면접






최종합격







 

- 이력서양식 : 잡코리아온라인 이력서, 지원자자유 이력서- 접수방법 : 잡코리아 온라인 채용시스템


 

- 이력서, 자기소개서 제출 - 최종합격 후 졸업증명서, 최종학교 전 학년 성적 증명서, 공인시험 및 기타 자격증 사본(소지자에 한함), 취업보호대상증명서(대상자에 한함) 제출



 

- 허위사실이 발견될 경우 채용이 취소될 수 있습니다.



 "	['http://i.jobkorea.kr/content/images/yocruit/yctr/gen/skin/blue/step_shape_7_light.gif?v4', 'http://i.jobkorea.kr/content/images/yocruit/yctr/gen/skin/blue/icn_shape_7.gif', 'http://i.jobkorea.kr/content/images/yocruit/yctr/gen/hd_doc.png', 'http://i.jobkorea.kr/content/images/yocruit/yctr/gen/icn_arr_step.png', 'http://i.jobkorea.kr/content/images/yocruit/yctr/gen/hd_step.png', 'http://i.jobkorea.kr/content/images/yocruit/yctr/gen/hd_req.png', 'http://i.jobkorea.kr/content/images/yocruit/yctr/gen/skin/blue/step_shape_7.gif?v4', 'http://i.jobkorea.kr/content/images/yocruit/yctr/gen/hd_how.png', 'http://i.jobkorea.kr/content/images/yocruit/yctr/gen/hd_guid.png']	모집분야   평촌 공공기관  PMO 모집   모집인원   ○○명   고용형태   정규직      ,    계약직   (협의)   ,    프리랜서   (협의)   급여   회사 내규에 따름 (면접 후 결정)   근무시간   근무지주소   서울 구로구 구로동 222-7 코오롱디지털타워 A동311호   인근지하철   주5일(월~금)	경력무관, 학력무관, 서울 구로구, 정규직 외	{'basic_info': {'산업': '응용 소프트웨어 개발 및 공급업', '사원수': '81명 | (200712)', '기업구분': '중소기업', '설립일': '2000.02.01 | (27년차)', '자본금': '5억원 | ', '매출액': '80억 | ', '대표자': '이종수', '주요사업': '소프트웨어 자문,개발,공급', '4대보험': '국민연금, 건강보험, 고용보험, 산재보험', '홈페이지': 'http://www.wishit.co.kr', '주소': '서울 구로구 구로동 222-7 코오롱디지털타워빌란트 1차 311호'}, 'financial': {'기업등급': {'current_value': None}}, 'history': [{'year': '2002', 'month': '01', 'events': ['국내 60여개 기업 ERP 구축사업']}, {'year': '2001', 'month': '04', 'events': ['중소기업청 중소기업 IT지원업체선정']}, {'year': '2000', 'month': '02', 'events': ['Wish-ERP Package 출시', '위쉬정보기술(주) 법인등록']}], 'employment': {'recruitments': []}, 'benefits': {'연금·보험': ['국민연금', '고용보험', '산재보험', '건강보험', '퇴직연금'], '보상·수당·지원': ['임직원 교육비', '자기개발 지원', '도서 구입비 지원'], '편의·여가·건강': ['건강검진']}, 'location': {'address': '서울 구로구 구로동 222-7 코오롱디지털타워빌란트 1차 311호', 'map_url': 'https://maps.naver.com/?mapMode=0&dlevel=12&pinTitle=%ec%9c%84%ec%89%ac%ec%a0%95%eb%b3%b4%ea%b8%b0%ec%88%a0%e3%88%9c&lat=37.483507960708&lng=126.896537167252'}}	https://www.jobkorea.co.kr/Recruit/GI_Read_Comt_Ifrm?Gno=49364209	2026.07.12(일)
㈜디지토피아	[오금역] 기존 MES시스템 고도화	['기존', 'MES시스템', '고도화']	"                                                  
[오금역] 기존 MES시스템 고도화당사는 20년 이상 IT경험을 보유한 회사로 최고의 기술력으로 고객의가치 창출에 기여하는 회사 입니다 (www.edigitopia.com)지원가능하시면 ahramkim1@hanmail.net 으로 지원바랍니다. 1. 장소 : 오금역2. 기간 : 7/1~10/31(4개월)3. 등급 : 중급(7년~9년차) - 백엔드(2명), 프론트엔드(1명)4. 역할 :  * 백엔드 : JAVA, Spring, PostgreSQL, MS-SQL                 * 프론트엔드 : React, 디자인 컴포넌트 활용 경험자), Grid 많이 다룬 경                    험자                 * 우대사항 : APS, MES 관련 경험자 (1순위), CRM, ERP, SCP 사내 시                    스템 개발 경험자                         가능하시면 이력서 부탁드립니다.ahramkim1@hanmail.net  으로 보내주시기 바랍니다. 0명   



 





서류전형






실무자면접






임원면접






최종합격







 

- 이력서, 자기소개서 제출 - 최종합격 후 졸업증명서, 최종학교 전 학년 성적 증명서, 공인시험 및 기타 자격증 사본(소지자에 한함), - 취업보호대상증명서(대상자에 한함) 제출



 

- 허위사실이 발견될 경우 채용이 취소될 수 있습니다.



 "	['http://i.jobkorea.kr/content/images/yocruit/yctr/gen/skin/blue/step_shape_7_light.gif?v4', 'http://i.jobkorea.kr/content/images/yocruit/yctr/gen/skin/blue/icn_shape_7.gif', 'http://i.jobkorea.kr/content/images/yocruit/yctr/gen/hd_doc.png', 'http://i.jobkorea.kr/content/images/yocruit/yctr/gen/icn_arr_step.png', 'http://i.jobkorea.kr/content/images/yocruit/yctr/gen/hd_step.png', 'http://i.jobkorea.kr/content/images/yocruit/yctr/gen/hd_req.png', 'http://i.jobkorea.kr/content/images/yocruit/yctr/gen/skin/blue/step_shape_7.gif?v4', 'http://i.jobkorea.kr/content/images/yocruit/yctr/gen/hd_guid.png']	모집분야   기존 MES시스템 고도화   모집인원   ○명   고용형태   프리랜서   (근무기간 4개월)   급여   회사 내규에 따름 (면접 후 결정)   근무시간   근무지주소   서울 금천구 가산디지털1로 181 (가산동, 가산더블유센터) 1507호   인근지하철   주5일(월~금)   09:00 ~ 18:00	경력7년↑, 초대졸↑, 서울 금천구 외, 프리랜서	{'basic_info': {'산업': '솔루션·SI·CRM·ERP', '사원수': '72명 | ', '기업구분': '중소기업', '설립일': '2000 | (27년차)', '자본금': '3억원 | ', '매출액': '29억 8천만원 | (2023.12.31)', '대표자': '김종곤', '주요사업': 'S/W개발, 솔루션', '4대보험': '국민연금, 건강보험, 고용보험, 산재보험', '홈페이지': 'http://www.edigitopia.com', '주소': '서울 금천구 가산디지털1로 181 (가산동, 가산WCENTER) 1507,1508호'}, 'financial': {'매출액': {'current_value': '29억 8천만원'}, '영업이익': {'current_value': '1억 3,919만원'}, '당기순이익': {'current_value': '1억 6,423만원'}, '기업등급': {'current_value': None}, '동종업계 순위': {'current_value': None}}, 'history': [], 'employment': {'recruitments': []}, 'benefits': {'휴무·휴가·행사': ['주5일제']}, 'location': {'address': '서울 금천구 가산디지털1로 181 (가산동, 가산WCENTER) 1507,1508호', 'map_url': 'https://maps.naver.com/?mapMode=0&dlevel=12&pinTitle=%e3%88%9c%eb%94%94%ec%a7%80%ed%86%a0%ed%94%bc%ec%95%84&lat=37.4814275693584&lng=126.880365344'}}	https://www.jobkorea.co.kr/Recruit/GI_Read_Comt_Ifrm?Gno=49364198	2026.06.29(월)
유스엠㈜	유스엠 응용시스템 개발 경력 채용(소프트웨어 엔지니어/백엔드 또는	['소프트웨어', '엔지니어']	"




유스엠㈜


유스엠 응용시스템 개발 경력채용(소프트웨어 엔지니어/백엔드 또는 웹)




유스엠㈜는 2006년에 설립된 회사로 자본금 3억원, 매출액 79억, 사원수 21명 규모의 중소기업입니다. 서울 금천구 벚꽃로 298 (가산동, 대륭포스트타워6차)에 위치하고 있으며, 스마트팩토리 시스템 구축, 바코드/RFID 자동인식시스템, 바코드라벨 제조 전문기업사업을 하고 있습니다.







포지션 및 자격요건







소프트웨어 엔지니어 ( ○명 ) 







담당업무
A. 백엔드 엔지니어 (Kotlin/Spring) - Spring Boot(WebFlux) 기반 REST API 설계*개발*운영 - Oracle / PostgreSQL / MariaDB 기반 데이터 모델링, SQL 최적화 - Kafka 이벤트 발행/구독, 멱등성*재처리 설계 및 운영 모니터링 - OpenSearch 인덱스/매핑 설계, 검색*집계 API 개발 및 튜닝 - CI/CD 및 운영 환경 자동화, 로그*모니터링 체계 개선B. 웹·앱 풀스택 엔지니어 (React + Android) - Frontend(React): 컴포넌트 설계, 상태관리, MUI 적용, 차트/그리드 구현 - Android(Kotlin/Jetpack Compose): PDA/스캐너 연동, 모바일 DB 설계(Room) - 공통 UI/UX 디자인 시스템 구축 - 백엔드 API 연동 및 품질 개선

스킬
ㆍAndroid, C#, JAVA, Oracle, Spring Boot, Frontend

자격요건
ㆍ학력 : 초대졸이상 (졸업예정자 가능)
ㆍ경력 : 경력3년↑- 응용프로그램(Application) 개발 경험 보유 (사용 언어 무관) - 백엔드 엔지니어 또는 웹·앱 풀스택 엔지니어- 동등 역량 보유 시 연차 유연 검토

우대사항
- 솔루션·SI·ERP·CRM 업계 경험자 우대 - WMS, MES 관련 프로젝트 유 경험자 * 운전면허증 필수 * 인적성 검사 선택사항 고용형태- 3개월 시용기간이 있으며, 평가 후 정규직 전환 됩니다 (신입은 90%/경력직 100% 급여 지급)- 급여 : 면접 후 결정 - 근무지 : 서울 금천구 벚꽃로 298, 408호  [복지]  - 패밀리데이 매주금요일 5시퇴근 시행중 - 복지포인트 연간 300만원 지급(현금) - 생일자 상품권 지급 - 명절 상여 지급 - 회식비 지원 - 각 경조사비 지원 - 출장시 일비 지급 - 퇴직금 별도 (DC) - 간식, 음료, 커피 항시 대기 



















전형절차
ㆍ서류전형 > 1차면접 > 2차면접 > 임원면접 > 최종합격
ㆍ면접일정은 추후 통보됩니다.













유의사항
ㆍ허위사실이 발견될 경우 채용이 취소될 수 있습니다.









"	[]	모집분야   소프트웨어 엔지니어   모집인원   ○명   고용형태   정규직   (수습 3개월)   직급/직책      급여   회사 내규에 따름 (면접 후 결정)   근무시간   근무지주소   서울 금천구 벚꽃로 298 (가산동, 대륭포스트타워6차) 408호   인근지하철   주5일(월~금)   09:00 ~ 18:00   매주 금요일 17시 퇴근	경력3년↑, 초대졸↑, 서울 금천구, 정규직	{'basic_info': {'산업': '솔루션·SI·CRM·ERP', '사원수': '21명 | ', '기업구분': '중소기업', '설립일': '2006.06.13 | (21년차)', '자본금': '3억원 | ', '매출액': '79억 | ', '대표자': '박종화', '주요사업': '스마트팩토리 시스템 구축, 바코드/RFID 자동인식시스템, 바코드라벨 제조 전문기업', '4대보험': '국민연금, 건강보험, 고용보험, 산재보험', '홈페이지': 'https://www.ussm.co.kr/', '주소': '서울 금천구 벚꽃로 298 (가산동, 대륭포스트타워6차) 408호'}, 'financial': {}, 'history': [], 'employment': {'recruitments': []}, 'benefits': {'연금·보험': ['국민연금', '고용보험', '산재보험', '건강보험'], '휴무·휴가·행사': ['주5일제', '연차제도', '정기휴가', '경조휴가', '반차제도', '출산휴가', '육아휴직', '남성출산휴가', '노동절 휴무', '워크샵/MT', '야유회'], '보상·수당·지원': ['퇴직금', '경조금', '자기개발 지원', '명절선물/명절상여', '야간교통비 지급', '복지포인트', '장비 지원']}, 'location': {'address': '서울 금천구 벚꽃로 298 (가산동, 대륭포스트타워6차) 408호', 'map_url': 'https://maps.naver.com/?mapMode=0&dlevel=12&pinTitle=%ec%9c%a0%ec%8a%a4%ec%97%a0%e3%88%9c&lat=37.4814059263917&lng=126.883791576848'}}	https://www.jobkorea.co.kr/Recruit/GI_Read_Comt_Ifrm?Gno=49364069	2026.07.12(일)채용 시 마감
㈜오픈에스티	시청-생명보험  React 구축 개발자 구함	['시청-생명보험', '채널/룰', '구축']	"



























시청-생명보험  React 구축 개발자 구함. 


















모집부문 및 자격요건














모집부문고용형태자격요건인원계약직# ㅇㅇ생명 채널/룰 구축 프로젝트 - 프로젝트 기간 : 즉시 ~9월- 위치 : 시청역- 필수 역량1)생명보험사 상품설계/청약 시스템 개발 경험2)자바, 리엑트 3) 필요인원: 1명




투입 정보








투입시기 기간 :  26년 06월~26년 9월




등급기준












접수방법








잡코리아 온라인 입사지원 보유하고 있는 경력중심 이력서 첨부 













 "	['http://img.jobkorea.co.kr/GI_info_imgView.asp?FN=wiseui_com18_botright.jpg', 'http://img.jobkorea.co.kr/GI_info_imgView.asp?FN=wiseui_icon_blue_m27.gif', 'http://img.jobkorea.co.kr/GI_info_imgView.asp?FN=wiseui_icon_blue_s13.png', 'http://i.jobkorea.kr/content/images/yocruit/yctr/gen/jk_logo.gif', 'http://img.jobkorea.co.kr/GI_info_imgView.asp?FN=wiseui_com18_topright.jpg', 'http://img.jobkorea.co.kr/GI_info_imgView.asp?FN=wiseui_com18_topleft.jpg', 'http://img.jobkorea.co.kr/GI_info_imgView.asp?FN=wiseui_com18_botleft.jpg', 'http://img.jobkorea.kr/trans/c/200x80/m/e/JK_Co_megainfo.png']	모집분야   시청-생명보험  채널/룰 구축   모집인원   ○명   고용형태   계약직   (근무기간 3개월)   급여   회사 내규에 따름 (면접 후 결정)   근무시간   근무지주소   서울 금천구 가산동 삼성리더스타워   인근지하철   주5일(월~금)   09:00 ~ 18:00	경력4년↑, 초대졸↑, 서울 금천구, 계약직	{'basic_info': {'산업': '컴퓨터·하드웨어·장비', '사원수': '80명 | ', '기업구분': '중소기업', '설립일': '1998 | (29년차)', '자본금': '1억원 | ', '매출액': '40억 | ', '대표자': '유경혜', '주요사업': '공공프로젝트추진, S/W개발', '4대보험': '국민연금, 건강보험, 고용보험, 산재보험', '홈페이지': 'http://www.openst.co.kr', '주소': '서울 금천구 가산동 삼성리더스타워'}, 'financial': {}, 'history': [], 'employment': {'recruitments': []}, 'benefits': {'연금·보험': ['국민연금', '고용보험', '산재보험', '건강보험', '퇴직연금'], '휴무·휴가·행사': ['주5일제', '경조휴가'], '보상·수당·지원': ['경조금', '야간교통비 지급', '도서 구입비 지원'], '편의·여가·건강': ['건강검진', '저녁 식사 지원']}, 'location': {'address': '서울 금천구 가산동 삼성리더스타워', 'map_url': 'https://maps.naver.com/?mapMode=0&dlevel=12&pinTitle=%e3%88%9c%ec%98%a4%ed%94%88%ec%97%90%ec%8a%a4%ed%8b%b0&lat=37.4801725058176&lng=126.880090104079'}}	https://www.jobkorea.co.kr/Recruit/GI_Read_Comt_Ifrm?Gno=49363912	2026.07.12(일)
㈜글로벌인	[일본취업] 호텔리어 & 일본 IT 개발자 과정 전액국비 연수생 모집	['26년도', '호텔서비스', '매니저', '연수과정', '4기,', '26년도', '호텔서비스', '매니저', '연수과정', '5기,', '26년도', 'IT', '웹개발자', '연수과정', '4기']	"


+https://www.globalin.kr/edu/list.nx?M2_IDX=20694홈페이지 바로가기!일본 취업 연계 전문 교육기관 글로벌인에서 연수생을 모집합니다.[일본 취업 연계] 전액 국비지원 (자비부담금 0원)26년도 3차_일본 IT 자바 웹개발자 연수과정(38회차)26년도 4차_일본 IT 자바 웹개발자 연수과정(39회차)26년도 3차_일본 호텔 서비스 매니저 연수과정(37회차)26년도 4차_일본 호텔 서비스 매니저 연수과정(38회차)연수과정 상세 안내는 홈페이지를 참고해주세요!▼▼▼▼▼▼▼https://www.globalin.kr/edu/list.nx?M2_IDX=20694홈페이지 바로가기 
 "	['//file2.jobkorea.co.kr/Net/Mng/DownImage/CorpEditor?file_No=1754685', '//file2.jobkorea.co.kr/Net/Mng/DownImage/CorpEditor?file_No=1754683']	모집분야   26년도 호텔서비스 매니저 연수과정 4기, 26년도 호텔서비스 매니저 연수과정 5기, 26년도 IT 웹개발자 연수과정 4기   모집인원   ○○명   고용형태   연수생/교육생      급여   회사 내규에 따름   근무시간   근무지주소   서울 영등포구 영중로 56 (영등포동5가, 신한빌딩) 4, 5층   인근지하철   주5일(월~금)   09:30 ~ 18:20	경력무관, 고졸↑, 서울 영등포구 외, 연수생/교육생	{'basic_info': {'산업': '고용 알선업', '사원수': '20명 | ', '기업구분': '중소기업', '설립일': '2018.08.01 | (9년차)', '자본금': '5,000만원 | (2025.12.31)', '매출액': '12억 2천만원 | (2025.12.31)', '대표자': '김성수', '대졸초임': '2,799만원', '주요사업': '국외직업소개,전자상거래,컴퓨터학원,어학학원,유학알선', '4대보험': '국민연금, 건강보험, 고용보험, 산재보험', '홈페이지': 'http://globalin.co.kr', '주소': '서울 영등포구 영중로 56 (영등포동5가, 신한빌딩) 4,5층'}, 'financial': {'매출액': {'current_value': '12억 2천만원'}, '영업이익': {'current_value': '1억 3,892만원'}, '당기순이익': {'current_value': '1억 3,317만원'}, '산업 내 위치': {'current_value': None}, '기업등급': {'current_value': None}, '총자산 증가율': {'current_value': '9억 1,221만원'}, '동종업계 순위': {'current_value': None}}, 'history': [], 'employment': {'recruitments': []}, 'benefits': {'보상·수당·지원': ['임직원 교육비']}, 'location': {'address': '서울 영등포구 영중로 56 (영등포동5가, 신한빌딩) 4,5층', 'map_url': 'https://maps.naver.com/?mapMode=0&dlevel=12&pinTitle=%e3%88%9c%ea%b8%80%eb%a1%9c%eb%b2%8c%ec%9d%b8&lat=37.5211447847103&lng=126.905270784327'}}	https://www.jobkorea.co.kr/Recruit/GI_Read_Comt_Ifrm?Gno=49363315	2026.07.12(일)
(주)마이나비코리아	[일본계 한국법인]글로벌금형업계 EC개발자 K1667	['EC개발자']	"




(주)마이나비코리아


[일본계 한국법인]글로벌금형업계 EC개발자 K1667포지션 및 자격요건







EC마케팅 ( 1명 ) 







담당업무
- 통계학적 지식을 바탕으로 한 데이터 모델링 설계 및 알고리즘 관리- Python, SQL을 활용한 머신러닝 모델 개발 및 구현- 자연어처리(NLP) 이해 기반의 프롬프트 튜닝, 설계/개발- 프롬프트 엔지니어링을 통한 AI 페르소나 이식 및 지속적인 튜닝- 기획자와 협업하여 요구사항을 바탕으로 한 AI 솔루션 구축

자격요건
? 경력 4년 이상? 대학교졸업(4년)이상- 학력: 4년제 대졸자 이상- 경력: 4년 이상- Python 및 SQL을 활용한 소스 코드 작성 및 시스템 구축이 가능한 분- 자연어처리(NLP)의 원리를 이해하고 프롬프트 설계 및 튜닝이 가능한 분- AI API 연동하여 서비스 구현 경험이 있는 분- 통계학적 지식이 있으며, 통계 분석이 가능한 분※일본어와 영어중 하나의 언어는 업무상 사용 가능한 수준

복리후생
ㆍ경조비 지원ㆍ복리후생 포인트 지급ㆍ어학비 지원ㆍ회사계약 리조트 이용 가능ㆍ명절 선물근무지ㆍ서울 강남구



















전형절차
ㆍ서류전형 > 1차면접 > 2차면접 > 최종합격
ㆍ면접일정은 추후 통보됩니다.













유의사항
ㆍ허위사실이 발견될 경우 채용이 취소될 수 있습니다.






ㆍ서류 합격자에 한해 개별 연락 드립니다.


"	[]	모집분야   EC개발자   모집인원   1명   고용형태   정규직   (수습 3개월)   급여   회사 내규에 따름   근무시간   근무지주소   서울 강남구 영동대로 511 (삼성동, 트레이드타워)    인근지하철   주5일(월~금)   09:00 ~ 18:00	경력4년↑, 대졸↑, 서울 강남구, 정규직	{'basic_info': {'산업': '고용 알선업', '사원수': '8명 | (2026.03.16)', '기업구분': '중소기업', '설립일': '2016.03.03 | (11년차)', '자본금': '4억원 | (2025.07.31)', '매출액': '14억 7천만원 | (2025.07.31)', '대표자': '콘도마사히로', '주요사업': '유료직업소개 헤드헌팅,컨설팅,광고,행사,간행물,상품발송 대행,번역,통역', '4대보험': '국민연금, 건강보험, 고용보험, 산재보험', '홈페이지': 'http://mynavikorea.co.kr/', '주소': '서울 강남구 영동대로 511 (삼성동, 트레이드타워) 19층 1901호'}, 'financial': {'매출액': {'current_value': '14억 7천만원'}, '영업이익': {'current_value': '1억 2,475만원'}, '당기순이익': {'current_value': '1억 303만원'}, '산업 내 위치': {'current_value': None}, '동종업계 순위': {'current_value': None}}, 'history': [{'year': '2026', 'month': '02', 'events': ['마이나비 그룹 한국 법인 설립']}, {'year': '2016', 'month': '02', 'events': ['한국무역협회와 MOU 체결', '마이나비 그룹 한국 법인 설립']}], 'employment': {'recruitments': []}, 'benefits': {'연금·보험': ['국민연금', '고용보험', '산재보험', '건강보험'], '휴무·휴가·행사': ['주5일제', '연차제도', '경조휴가', '반차제도', '창립일 휴무', '노동절 휴무', '반반차 제도'], '보상·수당·지원': ['퇴직금', '경조금', '자녀교육비', '임직원 교육비', '야간근로수당', '도서 구입비 지원', '성과급', '교통비'], '사내제도·성장': ['재택근무제', '칼퇴 권장'], '기타': ['교통비 실비 지급', '반반차']}, 'location': {'address': '서울 강남구 영동대로 511 (삼성동, 트레이드타워) 19층 1901호', 'map_url': 'https://maps.naver.com/?mapMode=0&dlevel=12&pinTitle=(%ec%a3%bc)%eb%a7%88%ec%9d%b4%eb%82%98%eb%b9%84%ec%bd%94%eb%a6%ac%ec%95%84&lat=37.510339212955&lng=127.060978791147'}}	https://www.jobkorea.co.kr/Recruit/GI_Read_Comt_Ifrm?Gno=49363091	2026.07.12(일)
㈜솔빛아이텍	정유사 MIS시스템 운영자 모집	['정유사', 'MIS시스템', '운영자', '모집']	"




㈜솔빛아이텍


정유사 MIS시스템 운영자 모집




(주)솔빛아이텍은 국내정보시스템의 선진화와 내, 외부고객의 성공적 가치창출을 목적으로 하는 
e-Biz 전문기업입니다. Solution IT는 중소기업정보시스템 전문업체로 92년 SI사업에 주력해 왔으며,
 특히 SK그룹의 석유화학분야 정보화에 특별한 노하우와 고급인력을 보유하고 있습니다. 
향후 글로벌 경쟁력을 갖추기 위하여 외주 프로그램 개발 방식에서 고부가가치형 패키지기반의 솔루션
 중심의 사업으로 전환을 추진하고 있습니다.








포지션 및 자격요건







 출하 시스템 운영( ○명 ) 







담당업무
ㆍ출하시스템  운영

스킬
ㆍJAVA, Jsp, SpringBoot, (.Net, ASP 경험자 우대)

자격요건
ㆍ학력 : 대졸기준
ㆍ경력 : 경력10년↑출근시기ㆍ7월초 희망(출근일정 조율가능)





















전형절차
ㆍ서류전형 > 1차면접 > 최종합격
ㆍ면접일정은 추후 통보됩니다.













유의사항
ㆍ허위사실이 발견될 경우 채용이 취소될 수 있습니다.









"	[]	모집분야   정유사 MIS시스템 운영자 모집   모집인원   ○명   고용형태   계약직      ,    프리랜서      급여   회사 내규에 따름 (면접 후 결정)   근무시간   근무지주소   서울 종로구 공평동 100-19   인근지하철   주5일(월~금)   09:00 ~ 18:00	경력10년↑, 대졸↑, 서울 종로구, 계약직 외	{'basic_info': {'산업': '응용 소프트웨어 개발 및 공급업', '사원수': '150명 | ', '기업구분': '중소기업', '설립일': '2004.07.01 | (23년차)', '자본금': '2억 5,000만원 | (2025.12.31)', '매출액': '125억 7천만원 | (2025.12.31)', '대표자': '김제박', '주요사업': '소프트웨어개발', '4대보험': '국민연금, 건강보험, 고용보험, 산재보험', '홈페이지': 'http://www.sbitec.com', '주소': '서울 영등포구 영등포동8가 92번지 KnK디지털타워 1206호'}, 'financial': {'매출액': {'current_value': '125억 7천만원'}, '영업이익': {'current_value': '3억 3,986만원'}, '당기순이익': {'current_value': '3억 2,979만원'}, '산업 내 위치': {'current_value': None}, '기업등급': {'current_value': None}, '총자산 증가율': {'current_value': '53억 2백만원'}, '동종업계 순위': {'current_value': None}}, 'history': [{'year': '2005', 'month': '09', 'events': ['SK C&C 주요 BP사 선정']}, {'year': '2005', 'month': '04', 'events': ['기업부설 연구소 설립']}, {'year': '2004', 'month': '12', 'events': ['본점소재지 변경(성북구 동선동 -> 영등포구 여의도동)', '사명변경 : (주)솔빛아이텍']}, {'year': '2004', 'month': '07', 'events': ['(주)크라이언소프트 법인 재설립 - (주)아이넷필 SI사업부문 분사']}, {'year': '2004', 'month': '04', 'events': ['SKC&C 최우수협력업체선정 (최우수 Business Partner)']}, {'year': '2003', 'month': '01', 'events': ['본사 사옥이전 (서울특별시 성북구 동선동)']}, {'year': '2001', 'month': '11', 'events': ['(주)아이넷필 분할 설립 - SI사업부 및 이동통신사업부']}, {'year': '2001', 'month': '07', 'events': ['(주)아이텍스필 SI사어부 신설, (주)크라이언소프트 흡수합병']}, {'year': '2000', 'month': '08', 'events': ['e-Procurement/e-Sign 시스템 구축']}, {'year': '1997', 'month': '07', 'events': ['석유화학분야 ERP 프로젝트 수행']}, {'year': '1997', 'month': '03', 'events': ['섬유제품 MIS 패키지 & 커스트마이징 사업개시']}, {'year': '1992', 'month': '05', 'events': ['크라이언소프트 법인설립, SI사업 개시(아이넷필에서 분사)']}], 'employment': {'recruitments': []}, 'benefits': {'연금·보험': ['국민연금', '고용보험', '산재보험', '건강보험']}, 'location': {'address': '서울 영등포구 영등포동8가 92번지 KnK디지털타워 1206호', 'map_url': 'https://maps.naver.com/?mapMode=0&dlevel=12&pinTitle=%e3%88%9c%ec%86%94%eb%b9%9b%ec%95%84%ec%9d%b4%ed%85%8d&lat=37.5269290988197&lng=126.904258547538'}}	https://www.jobkorea.co.kr/Recruit/GI_Read_Comt_Ifrm?Gno=49363079	2026.07.12(일)
㈜오픈에스티	강서구 제조업체   빌링 업무 경험 개발자 구함	['강서구', '제조업체', '자바', '개발자', '구함']	"



























강서구    제조업체      빌링    업무    경험    개발자     구함


. 


















모집부문 및 자격요건














모집부문고용형태자격요건인원계약직
-기간 : 7/1~27년1월(연장가능성있음)-정산/대사(국내/해외)비즈니스경험 PL역할 가능 인원(분석/설계 가능자)-spring boot 개발 경력 고급이상-빌링 업무 이해도가 있어야 하며, 고객과 의사소통이 수월하신 분-클라우드(AWS)에서 개발/운영 경험 있으신분- 마곡
1명















투입 정보













등급기준













잡코리아 온라인 입사지원 보유하고 있는 경력중심 이력서 첨부 












 "	['http://img.jobkorea.co.kr/GI_info_imgView.asp?FN=wiseui_com18_botright.jpg', 'http://img.jobkorea.co.kr/GI_info_imgView.asp?FN=wiseui_icon_blue_m27.gif', 'http://img.jobkorea.co.kr/GI_info_imgView.asp?FN=wiseui_665line_12_black.jpg', 'http://img.jobkorea.co.kr/GI_info_imgView.asp?FN=wiseui_icon_blue_s13.png', 'http://i.jobkorea.kr/content/images/yocruit/yctr/gen/jk_logo.gif', 'http://img.jobkorea.co.kr/GI_info_imgView.asp?FN=wiseui_com18_topright.jpg', 'http://img.jobkorea.co.kr/GI_info_imgView.asp?FN=wiseui_com18_topleft.jpg', 'http://img.jobkorea.co.kr/GI_info_imgView.asp?FN=wiseui_com18_botleft.jpg', 'http://img.jobkorea.kr/trans/c/200x80/m/e/JK_Co_megainfo.png']	모집분야   강서구 제조업체  자바  개발자 구함   모집인원   ○명   고용형태   계약직   (근무기간 7개월)   급여   회사 내규에 따름 (면접 후 결정)   근무시간   근무지주소   서울 금천구 가산동 삼성리더스타워   인근지하철   주5일(월~금)   09:00 ~ 18:00	경력9년↑, 초대졸↑, 서울 금천구, 계약직	{'basic_info': {'산업': '컴퓨터·하드웨어·장비', '사원수': '80명 | ', '기업구분': '중소기업', '설립일': '1998 | (29년차)', '자본금': '1억원 | ', '매출액': '40억 | ', '대표자': '유경혜', '주요사업': '공공프로젝트추진, S/W개발', '4대보험': '국민연금, 건강보험, 고용보험, 산재보험', '홈페이지': 'http://www.openst.co.kr', '주소': '서울 금천구 가산동 삼성리더스타워'}, 'financial': {}, 'history': [], 'employment': {'recruitments': []}, 'benefits': {'연금·보험': ['국민연금', '고용보험', '산재보험', '건강보험', '퇴직연금'], '휴무·휴가·행사': ['주5일제', '경조휴가'], '보상·수당·지원': ['경조금', '야간교통비 지급', '도서 구입비 지원'], '편의·여가·건강': ['건강검진', '저녁 식사 지원']}, 'location': {'address': '서울 금천구 가산동 삼성리더스타워', 'map_url': 'https://maps.naver.com/?mapMode=0&dlevel=12&pinTitle=%e3%88%9c%ec%98%a4%ed%94%88%ec%97%90%ec%8a%a4%ed%8b%b0&lat=37.4801725058176&lng=126.880090104079'}}	https://www.jobkorea.co.kr/Recruit/GI_Read_Comt_Ifrm?Gno=49362949	2026.07.12(일)
㈜에스알포스트	AI 개발자 채용	['AI', '개발자', '채용']	"





                        ㈜에스알포스트
                    
AI 개발자 채용㈜에스알포스트는 2007년에 설립된 회사로 중소기업청이 선정한 우수 중소기업입니다. 서울 구로구 디지털로 243 (구로동, 지하이시티)에 위치하고 있으며, 응용 S/W 개발 및 유통, 시스템 컨설팅, 웹서비스 사업을 하고 있습니다.※ 최신의 정보로 현행화(업데이트) 되지 않았거나 참고자료를 기반으로 작성된 이력사항, 자기소개서 등은  서류에서 탈락이 됩니다. !!!○ 당사는 기성문화에 길들여지지 않은 20~40대 엔지니어들이 주축이 된 젊은 SW벤처입니다. (창업 18년차, 구로디지털단지 위치) www.srpost.co.kr www.facebook.com/srpostpage www.linkedin.com/company/srpost_official www.blog.naver.com/srpostpublicwww.youtube.com/watch?v=QUstZTvPDHo- 창업 후 약 600여개 프로젝트를 실행해오면서 주로 국내외 공공기관, 금융기관을 중심으로 다양한 백오피스 솔루션을 개발, 공급해 오고 있습니다.- JAVA기반 자체 보유 솔루션을 보유하고 있으며, 대표적으로는 Flamingo VOC (VOC, 민원처리), Flamingo SCC (콜상담원용 어플리케이션), Flamingo SRM (IT 헬프데스크), ezPOST (우편물 관리)등이 있습니다.- 최신의 AI기반 기술을 적용한 Falcon (VOC 분석), MIRVO (AI 음성 agent)등의 솔루션도 보유하고 있습니다.○ 웹프로그램 개발 전문회사 입니다 !!!- 전체 임직원 중 70%이상이 개발인력이며 철저하게 사업수행 조직(사업관리본부, SC사업본부, 전략사업본부, 기술연구소 등)에서 개발자 투입을 신중히 고려하여 사업을 진행합니다 !!!- 당사의 주력 사업분야와 관련이 있는 SI 사업이나 SM사업도 일부 수행을 하고 있습니다.- 야근 또는 휴일근무 시 식대 지급- 국/내외 출장 여비규정에 따른 출장경비 별도 지급- 지방/해외 출장 시 출장에 대한 본인의사 확인  (※ 운영/유지보수 사업팀은 별도 규정에 따름)○ 개발자들이 많이 알고 있는 보편적인 기술이나 방법 등을 채택하여 사용하고 있습니다 !!!- 웹 프로그램 개발에 최적화된 오픈소스 기반의 자사 개발프레임워크를 보유하고 있습니다.  (※ Spring Framework + MyBatis, jQuery 등 오픈소스 활용 / Oracle, MariaDB, MySql 등 DBMS 주로사용)- AI기반 서비스 개발에 필요한 보편적인 기술들을 사용하고 있습니다. (Python...)- 10년, 5년 이상된 또는 최근 개발된 솔루션들과 안정된 기술력을 보유하고 있습니다.  (※ 전자정부표준프레임워크 호환성 인증과 GS(Good Software)인증을 획득한 솔루션 보유)- 개발자가이드 전용 홈페이지를 상세하게 제공하고 있습니다 !!!  (※ 사내계정 인증없이 접근 불가)- 형상관리 도구로는 GIT, SVN을 활용




모집분야 및 자격요건

모집분야 및 자격요건


모집분야 
담당업무 
자격요건 
모집인원 



신입 AI 개발자

- AI 기술 및 모델의 개념 증명(PoC) 및 성능 벤치마크 테스트- LLM을 활용한 서비스 및 제품의 파이프라인 설계 및 구현- RAG 파이프라인 (데이터 수집, 정제, 청킹/임베딩, 벡터DB, 컨텍스트 관리) 설계 및 구축- 파인튜닝 및 프롬프트 최적화, LLMOps 시스템 구축 및 운영- LLM Fine-tuning 및 RAG 관련 기술 자문 및 프리세일즈 지원- FastAPI 기반 백엔드 연계 및 클라우드(AWS, GCP, Azure 등) 환경 배포 및 운영학력: 학력무관
                                                                                            경력: 신입, 경력 성별: 무관[필수자격]- 프로그래밍 언어: Python 기반의 개발 경험 보유- 비전공시 AI/데이터 관련 교육 이수자 지원가능- LLM 기반지식 : LLM 또는 LLMOps에 대한 기반 지식 보유- 컴퓨터 공학지식 : 컴퓨터 공학 기본 지식 보유자- 데이터 처리 및 SQL 기초 이해 또는 학습 경험 보유자[우대조건] - 고용촉진지원금 대상자- 취업보호대상자- 경력: 관련 분야 경력자 (AI 모델링, 데이터 사이언티스트, 자연어 처리)- 경험: LLM을 활용한 제품 개발 또는 운영 경험 및 AI 모델링 경험 보유자- RAG: 임베딩, 벡터DB 운용 등 RAG 기본기 및 구현 경험 보유자- LLMOps: 데이터셋, 프롬프트, 모델 버전 관리, API 라우팅, 서빙 등 LLMOps 경험 보유자- 클라우드: 클라우드(AWS, GCP, Azure 등) 환경에서 서빙 및 모니터링 경험 보유자- 전공: 데이터 사이언스, 자연어 처리 관련 경험 및 전공자[우대 자격증]- 정보처리기사 


00명 





근무조건



근무형태 : 정규직(경력은 2개월, 신입은 3개월 수습 필수), 계약직(근무기간:협의 , 정규직 전환가능)
근무지 : 서울 전지역
근무요일 : 주5일 근무시간 : 09시 00분 ~ 18시 00분 급여 : 회사내규에 따름(면접 후 결정)





전형절차




                                서류전형 > 1차면접 > 2차면접(필요시) > 최종합격

※ 면접일정은 추후 통보됩니다.





접수방법



채용시마감




접수방법 : 잡코리아 접수 
이력서 : 잡코리아 이력서 





제출서류



이력서, 자기소개서, 포트폴리오 등- 본인 사진 스캔하여 첨부, 생년월일 표기, 희망 연봉 반드시 기재, 핸드폰 연락처 및 이메일주소 기재- 채용 서류가 미비 될 시 서류전형에서 탈락※ 당사의 타공고에 중복으로 지원시 탈락!! 최종합격 후 졸업증명서, 최종학교 전 학년 성적 증명서, 공인시험 및 기타 자격증 사본(소지자에 한함)취업보호대상증명서(대상자에 한함) 제출





기타사항



제출된 서류에 기재된 사항이 사실과 다를 경우 채용을 취소할 수 있으며, 접수된 서류는 반환하지 않습니다.






㈜에스알포스트 취업 준비의 시작은 에서!
 "	['http://i.jobkorea.kr/content//images/ver_1/mtc/register/tx_edit_copy.png', 'https://www.srpost.co.kr/resources/images/ab_photo.png']	모집분야   AI 개발자 채용   모집인원   00명   고용형태   정규직   (수습 3개월)   ,    계약직   (정규직 전환 가능)   직급/직책   급여   회사 내규에 따름 (면접 후 결정)   근무시간   근무지주소   서울 구로구 디지털로 243 (구로동, 지하이시티) 508호   인근지하철   주5일(월~금)   09:00 ~ 18:00	신입·경력, 학력무관, 서울 구로구, 정규직 외, 팀원	{'basic_info': {'산업': '솔루션·SI·CRM·ERP', '사원수': '50명 | ', '기업구분': '벤처기업', '설립일': '2007.07.20 | (20년차)', '자본금': '2억원 | ', '매출액': '76억 | ', '대표자': '오창용', '주요사업': '응용 S/W(VOC, 콜상담, SRM 등) 개발 및 납품, 시스템 컨설팅, 웹서비스', '4대보험': '국민연금, 건강보험, 고용보험, 산재보험', '홈페이지': 'http://www.srpost.co.kr', '주소': '서울 구로구 디지털로 243 (구로동, 지하이시티) 508호'}, 'financial': {}, 'history': [], 'employment': {'recruitments': []}, 'benefits': {'연금·보험': ['국민연금', '고용보험', '산재보험', '건강보험', '퇴직연금'], '휴무·휴가·행사': ['주5일제', '연차제도', '경조휴가', '반차제도', '리프레시 휴가', '포상휴가', '노동절 휴무', '워크샵/MT'], '보상·수당·지원': ['장기근속 포상', '우수사원 포상제도', '야간교통비 지급'], '사내시설': ['휴식공간', '카페테리아', '안마실/안마의자', '쾌적한 업무공간', '탕비실'], '편의·여가·건강': ['건강검진', '저녁 식사 지원']}, 'location': {'address': '서울 구로구 디지털로 243 (구로동, 지하이시티) 508호', 'map_url': 'https://maps.naver.com/?mapMode=0&dlevel=12&pinTitle=%e3%88%9c%ec%97%90%ec%8a%a4%ec%95%8c%ed%8f%ac%ec%8a%a4%ed%8a%b8&lat=37.4820001015001&lng=126.892353237994'}}	https://www.jobkorea.co.kr/Recruit/GI_Read_Comt_Ifrm?Gno=49362663	상시채용
리더스아이㈜	민원관리재구축(권한관리/세션)/여의도/자바/7M/고급	['Java', '웹프로그래머']	"




리더스아이㈜


민원관리재구축(권한관리/세션)/여의도/자바/7M/고급




리더스아이㈜는 2004년에 설립된 회사로 자본금 1억원, 매출액 5억 3,227만원, 사원수 30명 규모의 중소기업입니다. 서울 금천구 가산동에 위치하고 있으며, 컨설팅 / 시스템통합 / 아웃소싱  / 솔루션 / 제품판매사업을 하고 있습니다.







포지션 및 자격요건







Java 웹프로그래머 ( ○명 ) 







담당업무
ㆍ민원관리시스템 재구축 : 권한관리, 세션 관련업무
스킬
ㆍNexacro, Oracle, Spring 및 전자정부표준프레임워크 사용 가능한 풀스택 개발자

핵심역량

                                                                ㆍ
                                                                        성실성,
계획성, 성취지향성, 꼼꼼함, 적응성, 협동심
                                                            

자격요건
ㆍ학력 : 초대졸이상
ㆍ경력 : 경력10년↑

우대사항
ㆍ금융경력자 우대



















전형절차
ㆍ서류전형 > 1차면접 > 2차면접 > 임원면접 > 최종합격
ㆍ면접일정은 추후 통보됩니다.













유의사항
ㆍ허위사실이 발견될 경우 채용이 취소될 수 있습니다.









"	[]	모집분야   Java 웹프로그래머   모집인원   ○명   고용형태   프리랜서   (근무기간 7개월)   급여   회사 내규에 따름   근무시간   근무지주소   서울 금천구 가산동 60-44  이앤씨드림타워7차 508호   인근지하철   주5일(월~금)   09:00 ~ 18:00	경력10년↑, 초대졸↑, 서울 금천구, 프리랜서	{'basic_info': {'산업': '솔루션·SI·CRM·ERP', '사원수': '30명 | ', '기업구분': '중소기업', '설립일': '2004.07.01 | (23년차)', '자본금': '1억원 | ', '매출액': '6억 1,443만원 | (2023.12.31)', '대표자': '최석우', '주요사업': '컨설팅 / 시스템통합 / 아웃소싱  / 솔루션 / 제품판매', '4대보험': '국민연금, 건강보험, 고용보험, 산재보험', '홈페이지': 'http://www,Lds-i.com', '주소': '서울 금천구 가산동 60-44  이앤씨드림타워7차 508호'}, 'financial': {'매출액': {'current_value': '6억 1,443만원'}, '영업이익': {'current_value': '4,360만원'}, '당기순이익': {'current_value': '1,124만원'}, '기업등급': {'current_value': None}}, 'history': [], 'employment': {'recruitments': []}, 'benefits': {'휴무·휴가·행사': ['경조휴가'], '보상·수당·지원': ['경조금']}, 'location': {'address': '서울 금천구 가산동 60-44  이앤씨드림타워7차 508호', 'map_url': 'https://maps.naver.com/?mapMode=0&dlevel=12&pinTitle=%eb%a6%ac%eb%8d%94%ec%8a%a4%ec%95%84%ec%9d%b4%e3%88%9c&lat=37.4800225149478&lng=126.887102327007'}}	https://www.jobkorea.co.kr/Recruit/GI_Read_Comt_Ifrm?Gno=49362620	2026.06.18(목)
㈜인사이트온	[종로] 제조 시스템 개발 AA(Application Architect) 모집	['소프트웨어', '개발자']	"





㈜인사이트온


[종로] 제조 시스템 개발 AA(Application Architect) 모집




㈜인사이트온은 2015년에 설립된 회사로 자본금 2억원, 매출액 156억, 사원수 80명 규모의 고용노동부에서 선정한  강소기업입니다.  울산 중구 종가5길 21 (유곡동)에 위치하고 있으며, 제조분야 컨설팅 및 시스템 구축사업을 하고 있습니다.







포지션 및 자격요건







소프트웨어 개발자 ( ○명 ) 







담당업무
ㆍ개발/운영 phase의 차이점을 알고 운영에 배포해본 경험ㆍazure devops 의 repo, pipeline 등에 대한 경험ㆍapi 서비스에 대한 연결 경험ㆍapplication architect 에 대한 수행 경험ㆍ기간 26.6 중 ~ 11월ㆍ프리랜서

자격요건
ㆍ학력 : 학력무관
ㆍ경력 : 경력10년↑

우대사항
ㆍ관련 자격증 보유자
ㆍ유관업무 경력자
ㆍ전공 : 정보통신공학과, 컴퓨터공학과, 응용소프트웨어공학과



















전형절차
ㆍ서류전형 > 1차면접 > 2차면접 > 임원면접 > 최종합격
ㆍ면접일정은 추후 통보됩니다.













유의사항
ㆍ허위사실이 발견될 경우 채용이 취소될 수 있습니다.









"	[]	모집분야   소프트웨어 개발자   모집인원   ○명   고용형태   프리랜서   (근무기간 0개월)   급여   회사 내규에 따름 (면접 후 결정)   근무시간   근무지주소   서울 종로구 서린동 -   인근지하철   주5일(월~금)   09:00 ~ 18:00	경력10년↑, 학력무관, 서울 종로구, 프리랜서	{'basic_info': {'산업': '솔루션·SI·CRM·ERP', '사원수': '80명 | ', '기업구분': '중소기업', '설립일': '2015.06.15 | (12년차)', '자본금': '2억원 | ', '매출액': '156억 | ', '대표자': '박승래', '주요사업': '제조분야 컨설팅 및 시스템 구축', '4대보험': '국민연금, 건강보험, 고용보험, 산재보험', '홈페이지': 'http://www.insighton.co.kr', '주소': '울산 중구 종가5길 21 (유곡동) 팍스빌딩 3층'}, 'financial': {'매출액': {'current_value': '155억 9천만원'}, '영업이익': {'current_value': '-3,330만원'}, '당기순이익': {'current_value': '1억 9,728만원'}, '산업 내 위치': {'current_value': None}, '기업등급': {'current_value': None}, '총자산 증가율': {'current_value': '97억 9천만원'}, '동종업계 순위': {'current_value': None}}, 'history': [], 'employment': {'recruitments': []}, 'benefits': {'연금·보험': ['국민연금', '고용보험', '산재보험', '건강보험', '퇴직연금'], '휴무·휴가·행사': ['주5일제', '연차제도', '경조휴가', '반차제도', '출산휴가', '창립일 휴무', '노동절 휴무', '워크샵/MT', '공휴일 휴무', '주말 휴무'], '보상·수당·지원': ['퇴직금', '인센티브', '장기근속 포상', '자기개발 지원', '회식비 지원'], '사내제도·성장': ['해외연수'], '사내시설': ['기숙사 지원', '사내정원', '주차장', '전용사옥'], '편의·여가·건강': ['사내 동호회', '건강검진', '음료/간식 제공']}, 'location': {'address': '울산 중구 종가5길 21 (유곡동) 팍스빌딩 3층', 'map_url': 'https://maps.naver.com/?mapMode=0&dlevel=12&pinTitle=%e3%88%9c%ec%9d%b8%ec%82%ac%ec%9d%b4%ed%8a%b8%ec%98%a8&lat=35.5613787892794&lng=129.300662274392'}}	https://www.jobkorea.co.kr/Recruit/GI_Read_Comt_Ifrm?Gno=49362240	2026.07.12(일)
㈜게임엔	[산업기능요원 / 보충역] 프론트엔드 개발자 채용 공고	['산업기능요원', '프론트엔드', '개발자', '채용']	"




        ㅡ
































프론트엔드
개발자
산업기능요원
 (보충역)


				
- 블록체인- 암호화페/NFT
			

[산업기능요원 자격요건]- 아래 3가지 항목 중 1가지만 충족되면 지원 가능1. 2년 이상 SW분야의 근무 경력2. 정보처리 분야 관련 학과 2년 이상 수료3. 정보처리 기능사 이상 자격증 보유 시 전공학과 또는 근무경력 1년 이상
[모집 직무]
1. React.js, Next.js 실무 경험자
2. JavaScript(ES6+) 기능 구현
3. HTML5, CSS3, 반응형 웹 개발
4. API 연동 및 비동기 처리
5. 컴포넌트 단위 설계 및 재사용 구조에 대한 이해
[우대 요건]
- 웹/앱 서비스 상용화 출시 및 프로젝트 개발 참여 경험자- Git 등 버전 관리 시스템 및 협업 툴(Jira, Confluence 등) 활용 능숙자- AI 프로그램 및 툴에 익숙한 사용자


				
0명
			



※ 이력서 확인 후 서류전형 통과자에 한하여 연락을 드리고 있습니다. 지원 시 참고 바랍니다. 













 "	['http://image.humanworks.com/www.humanworks.com/humanworks_211108_07.jpg', 'http://image.humanworks.com/www.humanworks.com/humanworks_211108_06.jpg', 'http://image.humanworks.com/www.humanworks.com/humanworks_211108_03_2.jpg', 'http://image.humanworks.com/www.humanworks.com/gamen_2026.jpg', 'http://image.humanworks.com/www.humanworks.com/humanworks_211108_03_1.jpg', 'http://image.humanworks.com/www.humanworks.com/humanworks_211108_03.jpg', 'http://image.humanworks.com/www.humanworks.com/humanworks_211108_03_3.jpg', 'http://image.humanworks.com/www.humanworks.com/humanworks_211108_03_4.jpg', 'http://image.humanworks.com/www.humanworks.com/humanworks_211122_02.jpg', 'http://image.humanworks.com/www.humanworks.com/humanworks_211108_05.jpg']	모집분야   산업기능요원 프론트엔드 개발자 채용   모집인원   ○명   고용형태   정규직   (수습 3개월)   ,    병역특례   (보충역, 산업기능요원, 전직가능)   급여   회사 내규에 따름 (면접 후 결정)   근무시간   근무지주소   서울 강남구 논현로 418 (역삼동, 휴먼빌딩) 3층   인근지하철   주5일(월~금)   09:00 ~ 18:00	신입·경력2년↑, 고졸↑, 서울 강남구, 정규직 외	{'basic_info': {'산업': '게임·애니메이션', '사원수': '20명 | ', '기업구분': '중소기업', '설립일': '2019.06.08 | (8년차)', '자본금': '5,000만원 | ', '매출액': '- | ', '대표자': '박민규', '주요사업': '게임 컨텐츠 개발, 게임 포털.', '4대보험': '국민연금, 건강보험, 고용보험, 산재보험', '홈페이지': 'https://www.gamen.com/', '주소': '서울 강남구 논현로 418 (역삼동, 휴먼빌딩) 3층'}, 'financial': {}, 'history': [], 'employment': {'recruitments': []}, 'benefits': {'연금·보험': ['국민연금', '고용보험', '산재보험', '건강보험'], '휴무·휴가·행사': ['주5일제', '연차제도', '경조휴가', '반차제도', '육아휴직', '남성출산휴가'], '보상·수당·지원': ['퇴직금', '경조금', '자녀교육비', '장기근속 포상', '우수사원 포상제도', '자기개발 지원', '문화생활 지원', '임직원 할인'], '사내시설': ['사내정원']}, 'location': {'address': '서울 강남구 논현로 418 (역삼동, 휴먼빌딩) 3층', 'map_url': 'https://maps.naver.com/?mapMode=0&dlevel=12&pinTitle=%e3%88%9c%ea%b2%8c%ec%9e%84%ec%97%94&lat=37.4976450822234&lng=127.038790712981'}}	https://www.jobkorea.co.kr/Recruit/GI_Read_Comt_Ifrm?Gno=49362226	2026.06.18(목)
㈜게임엔	[산업기능요원 / 보충역] AI플랫폼 개발자 채용 공고	['산업기능요원', 'AI플랫폼', '개발자', '채용']	"





































AI 플랫폼
개발자
산업기능요원
 (보충역)


				
-  AI API를 활용한 서비스 개발
- 사내 업무 자동화 도구 개발
- 데이터 기반 기능 설계 및 프로토타입 개발
			

[산업기능요원 자격요건]- 아래 3가지 항목 중 1가지만 충족되면 지원 가능1. 2년 이상 SW분야의 근무 경력2. 정보처리 분야 관련 학과 2년 이상 수료3. 정보처리 기능사 이상 자격증 보유 시 전공학과 또는 근무경력 1년 이상[모집 직무]- AI 서비스 개발- 백엔드 서비스 개발- Python / JavaScript 기반 개발- REST API 기반 서비스 개발[우대 요건]- 웹 서비스 개발 경험자- AI API(LLM 등) 활용 경험자- AI 프로그램 및 툴에 익숙한 사용자- Git 기반 협업 경험자* 자소서 내 사전면접질문 필수 답변
[사전 면접 질문]
1. 지원 직무 수행에 필요한 역량과 본인의 강점 (500자)
2. 프로젝트 경험 중 실패 경험과 원인, 개선 방향 (500자)
3. 협업 프로젝트에서 본인과 동료의 기여도 및 역할 (500자)
4. 가장 자신있는 프로젝트(Git repo)와 그 이유 (700자)
- 선택문항
1. AI 개발 도구를 활용해 문제를 해결한 경험 (500자)

			

				
0명
			



※ 이력서 확인 후 서류전형 통과자에 한하여 연락을 드리고 있습니다. 지원 시 참고 바랍니다. 













 "	['http://image.humanworks.com/www.humanworks.com/humanworks_211108_07.jpg', 'http://image.humanworks.com/www.humanworks.com/humanworks_211108_06.jpg', 'http://image.humanworks.com/www.humanworks.com/humanworks_211108_03_2.jpg', 'http://image.humanworks.com/www.humanworks.com/gamen_2026.jpg', 'http://image.humanworks.com/www.humanworks.com/humanworks_211108_03_1.jpg', 'http://image.humanworks.com/www.humanworks.com/humanworks_211108_03.jpg', 'http://image.humanworks.com/www.humanworks.com/humanworks_211108_03_3.jpg', 'http://image.humanworks.com/www.humanworks.com/humanworks_211108_03_4.jpg', 'http://image.humanworks.com/www.humanworks.com/humanworks_211122_02.jpg', 'http://image.humanworks.com/www.humanworks.com/humanworks_211108_05.jpg']	모집분야   산업기능요원 AI플랫폼 개발자 채용   모집인원   ○명   고용형태   정규직   (수습 3개월)   ,    병역특례   (보충역, 산업기능요원, 전직가능)   급여   회사 내규에 따름 (면접 후 결정)   근무시간   근무지주소   서울 강남구 논현로 418 (역삼동, 휴먼빌딩) 3층   인근지하철   주5일(월~금)   09:00 ~ 18:00	신입·경력1년↑, 고졸↑, 서울 강남구, 정규직 외	{'basic_info': {'산업': '게임·애니메이션', '사원수': '20명 | ', '기업구분': '중소기업', '설립일': '2019.06.08 | (8년차)', '자본금': '5,000만원 | ', '매출액': '- | ', '대표자': '박민규', '주요사업': '게임 컨텐츠 개발, 게임 포털.', '4대보험': '국민연금, 건강보험, 고용보험, 산재보험', '홈페이지': 'https://www.gamen.com/', '주소': '서울 강남구 논현로 418 (역삼동, 휴먼빌딩) 3층'}, 'financial': {}, 'history': [], 'employment': {'recruitments': []}, 'benefits': {'연금·보험': ['국민연금', '고용보험', '산재보험', '건강보험'], '휴무·휴가·행사': ['주5일제', '연차제도', '경조휴가', '반차제도', '육아휴직', '남성출산휴가'], '보상·수당·지원': ['퇴직금', '경조금', '자녀교육비', '장기근속 포상', '우수사원 포상제도', '자기개발 지원', '문화생활 지원', '임직원 할인'], '사내시설': ['사내정원']}, 'location': {'address': '서울 강남구 논현로 418 (역삼동, 휴먼빌딩) 3층', 'map_url': 'https://maps.naver.com/?mapMode=0&dlevel=12&pinTitle=%e3%88%9c%ea%b2%8c%ec%9e%84%ec%97%94&lat=37.4976450822234&lng=127.038790712981'}}	https://www.jobkorea.co.kr/Recruit/GI_Read_Comt_Ifrm?Gno=49362212	2026.06.18(목)
㈜세토웍스	[신입/경력] AI Growth Builder(바이브 코딩 개발) 채용	['AI', 'Growth', 'Builder']	"




㈜세토웍스


채용제목을 입력해주세요




세토웍스는 2016년 설립된 글로벌 하이브리드 마케팅 전문 기업입니다.미국 Kickstarter, 일본 Makuake, 대만 Zeczec의 국내 유일 공식 글로벌 크라우드펀딩 파트너 대행사로서 누적 1,300건 이상의 프로젝트 경험을 기반으로 글로벌 크라우드펀딩 국내 1위 전문 기업으로 자리매김한 세토웍스는, 글로벌 크라우드펀딩을 단순한 자금 조달 수단이 아닌 GTM 전략의 핵심 진입 채널로 활용해 왔습니다.이를 기반으로 크로스보더 이커머스 구축, 오프라인 팝업스토어 운영, 글로벌 콘텐츠 제작 및 마케팅까지 확장하며 브랜드가 해외 시장에 안착하고 성장할 수 있는 통합 솔루션을 제공합니다. 단순 실행을 넘어 시장 환경과 브랜드의 목적을 입체적으로 분석하고, 전략 설계에 기반한 실행으로 실질적인 성과를 만들어내는 것이 세토웍스의 차별화된 경쟁력입니다.최근에는 일본 최대 경영 컨설팅사인 후나이컨설팅(도쿄 프라임증시 상장기업)과 전략적 파트너십을 체결해 ‘세일즈 재팬’ 서비스를 론칭하며 일본 시장 진출 역량을 한층 강화했으며, 글로벌 B2B 플랫폼 알리바바 닷컴(Alibaba.com)과의 공식 파트너십을 기반으로 6년 연속 수출바우처 수행기관으로 활동하고 있습니다. 또한 2023년에는 산업통상자원부로부터 전문무역상사로 지정되며 공신력까지 확보했습니다.세토웍스는 빠르게 변화하는 글로벌 시장에서 전략과 실행을 연결해 결과를 만들어내는 팀입니다. 글로벌 무대에서 더 큰 성장을 만들어가고 싶은 인재를 기다립니다.







포지션 및 자격요건







AI Growth Builder( 1명 ) 







주요업무
ㆍClaude Code, Cursor, Windsurf 등 AI 코딩 툴을 활용한 내부 업무 자동화 및 서비스 MVP 개발ㆍSEO/콘텐츠/광고를 연결한 Growth 퍼널 설계 및 실행ㆍ글로벌 GTM 전략 실행을 위한 AI 기반 자동화 및 실험 설계ㆍ비즈니스 아이디어를 빠르게 구조화하여 프로토타입 → 테스트 → 개선까지 End-to-End 실행

자격요건
ㆍ학력 : 대졸(4년) 이상ㆍ경력 : 경력 무관 *경력 연차보다 AI 툴 활용 역량과 실행력을 우선 평가하는 포지션입니다.ㆍClaude Code, Cursor, Windsurf, v0 등 AI 코딩 툴 실무 활용 경험이 있는 분ㆍPython 또는 JavaScript/TypeScript 기반 개발 역량을 갖추신 분ㆍFigma, Webflow 등으로 기본적인 UI/UX 설계 및 화면 구현이 가능한 분ㆍREST API 연동 및 외부 서비스 통합 경험이 있는 분ㆍ기본적인 SQL 또는 NoSQL 기반 데이터 설계 및 처리 역량을 갖추신 분ㆍ완성도보다 속도와 실행을 우선하는 Builder 마인드셋을 갖추신 분

우대사항
ㆍBubble, Webflow, Make(Integromat), Airtable 등 No-code/Low-code 툴 활용 경험이 있는 분
ㆍ디자인 툴(Figma 등)을 활용한 UI 설계 및 프로덕트 완성도 개선 경험이 있는 분ㆍ마케팅 자동화, CRM, 광고 데이터 분석 프로젝트 경험이 있는 분ㆍOpenAI, Anthropic 등 AI API 연동 및 LLM 기반 서비스 개발 경험이 있는 분ㆍ스타트업 환경 또는 1인 개발로 실제 서비스 런칭 경험이 있는 분ㆍ새로운 AI/Automation 기술을 빠르게 학습하고 실무에 즉시 적용하는 얼리어답터



















전형절차
ㆍ서류전형 > 1차 면접 > 실무 테스트(과제) > 최종 합격
ㆍ면접 일정은 서류 합격자에 한해 개별 안내드립니다.













유의사항
ㆍ입사지원 서류에 허위 사실이 확인될 경우, 채용 확정 이후라도 합격이 취소될 수 있습니다.









"	['//file2.jobkorea.co.kr/Net/Mng/DownImage/CorpEditor?file_No=1697915']	모집분야   AI Growth Builder   모집인원   1명   고용형태   계약직   (근무기간 6개월, 정규직 전환 가능)   급여   회사 내규에 따름 (면접 후 결정)   근무시간   근무지주소   서울 강남구 삼성로 554 (삼성동, 예성빌딩) 3층    인근지하철   주5일(월~금)   09:00 ~ 18:00	경력1년↑, 대졸↑, 서울 강남구, 계약직	{'basic_info': {'산업': '무역·상사', '사원수': '50명 | ', '기업구분': '중소기업', '설립일': '2012 | (15년차)', '대표자': '조충연', '주요사업': '글로벌 컨설팅, 글로벌 마케팅, 글로벌 이커머스, 글로벌 데이터 제공 사업', '4대보험': '국민연금, 건강보험, 고용보험, 산재보험', '홈페이지': 'http://www.setoworks.com', '주소': '서울 강남구 삼성로 554 (삼성동, 예성빌딩) 3층'}, 'financial': {}, 'history': [], 'employment': {'recruitments': []}, 'benefits': {'연금·보험': ['국민연금', '고용보험', '산재보험', '건강보험', '퇴직연금'], '휴무·휴가·행사': ['주5일제', '연차제도', '월차제도', '워크샵/MT'], '보상·수당·지원': ['퇴직금', '경조금', '인센티브', '우수사원 포상제도', '연월차제도수당', '성과급']}, 'location': {'address': '서울 강남구 삼성로 554 (삼성동, 예성빌딩) 3층', 'map_url': 'https://maps.naver.com/?mapMode=0&dlevel=12&pinTitle=%e3%88%9c%ec%84%b8%ed%86%a0%ec%9b%8d%ec%8a%a4&lat=37.5111364129802&lng=127.054736287967'}}	https://www.jobkorea.co.kr/Recruit/GI_Read_Comt_Ifrm?Gno=49361555	2026.07.11(토) 18시 00분채용 시 마감
㈜오픈시스	전자정부 자바웹프로그램 개발(3년이상 경력) 모십니다.	['전자정부', 'JAVA', '웹프로그래머']	"




(주)오픈시스 2026년 2차자바웹 프로그램 개발자(경력3년이상) 모십니다




㈜오픈시스는 정부 및 공공기관 전문 IT 기업으로 다양한 분야의 정보시스템 사업을 확대하고 있으며, 자본금 1억원, 매출액 30억, 사원수 30여명 규모의 중소기업입니다. 자세한 내용은 홈페이지(www.opensys.kr)를 참조해 주시기 바랍니다.







포지션 및 자격요건







전자정부 Java 풀스택 웹프로그래머 ( O명 ) 







담당업무ㆍ정부 및 공공 기관 웹 시스템 개발자(전자정부프레임워크 기반 웹 프로그램)  1) 공공기관 웹 시스템 ,업무 시스템 구축 및 운영  2) 국립환경과학원, 환경공단, 한국환경산업기술원,한국사회보장정보원,한국사회적기업진흥원,한국보건의료정보원 등 환경/의료/복지 분야  시스템 구축 및 운영스킬 1) 개발 분야 : 웹 프로그램 개발 , 홈페이지 , 업무 시스템 등 2) 소요기술 : Java, JavaScript(Jquery, Vue.js, React 등),jqGrid, Oracle(Tibero,MS-SQL,), MyBatis, maven, wildfly전자정부프레임워크(Spring Framework),  Eclipse,Linux server, windows server,ozReport(ClipReport) 등 3) 직무 기술 : 풀스택(백엔드&프론트엔드),웹 개발, EAI&ESB 연계 개발, DB 프로시저 개발핵심역량ㆍ 자바 웹 프로그램 개발 기본 소양 보유(전자정부프레임워크 및 최신 웹 개발 프레임워크)자격요건ㆍ(경력)  JAVA(전자정부프레임워크) 웹 개발 3년이상 10년 이내근무장소ㆍ본사(답십리 7번 출구), 은평구(불광역2번 출구), 성남시 수정구, 인천 서구 등 ㆍ네이버 지도:https://naver.me/xKtz6fNO우대사항ㆍ컴퓨터 관련 학과 전공자(학점 우수자)ㆍ정보처리관련  자격증 보유자ㆍ인근거주자 (인천, 서울)ㆍ웹프로그램 관련 교육 이수자(전문기관)ㆍ공공기관 웹개발 경험자ㆍ풀스택 개발 가능자,  ESB 활용한 연계 개발, 그리드 사용 개발, 리포팅 솔루션 활용 개발 등연봉수준 및 복리후생  1) 연봉 :      4년제 학사 기준 신입 : 3200 만원      경력 최종 면접시 협의    2)  복리후생제도    -  홈페이지 (www.opensys.kr) 내 OURSTORY 참조






전형절차
ㆍ서류전형 > 1차 기술면접(Zoom가능) > 2차 인/적성 면접(대면) >  최종합격ㆍ면접일정은 추후 통보됩니다.













유의사항
 수습기간 3개월(단,정규 급여 동일) ,  이력서 제출시 학점 기재ㆍ 허위사실이 발견될 경우 채용이 취소될 수 있습니다.









"	[]	모집분야   전자정부 JAVA 웹프로그래머   모집인원   ○명   고용형태   정규직   (수습 3개월)   직급/직책      급여   연봉 4,000만원 이상 (면접 후 결정)   근무시간   근무지주소   서울 성동구 천호대로 280 (용답동, (주)한성에프아이올포유빌딩) 5층 (주)오픈시스   인근지하철   주5일(월~금)   09:00 ~ 18:00	경력3년↑, 초대졸↑, 서울 성동구, 정규직, 4,000만원 이상, 주임~대리급	{'basic_info': {'산업': '응용 소프트웨어 개발 및 공급업', '사원수': '40명 | ', '기업구분': '중소기업', '설립일': '2023.03.13 | (4년차)', '자본금': '2억원 | (2025.12.31)', '매출액': '27억 9백만원 | (2025.12.31)', '대표자': '조용진', '주요사업': '소프트웨어 개발 및 공급,소프트웨어 및 하드웨어 도소매업,하드웨어, 네트워크 설비 구축 및 운영업,프로그램 개발 컨설팅업,기타 인문 및 사회과학 연구개발업', '4대보험': '국민연금, 건강보험, 고용보험, 산재보험', '홈페이지': 'http://www.opensys.kr', '주소': '서울 성동구 천호대로 280 (용답동, (주)한성에프아이올포유빌딩) 5층'}, 'financial': {'매출액': {'current_value': '27억 9백만원'}, '영업이익': {'current_value': '3억 6,916만원'}, '당기순이익': {'current_value': '4억 858만원'}, '산업 내 위치': {'current_value': None}, '기업등급': {'current_value': None}, '총자산 증가율': {'current_value': '18억 4천만원'}}, 'history': [], 'employment': {'recruitments': []}, 'benefits': {'연금·보험': ['국민연금', '고용보험', '산재보험', '건강보험', '퇴직연금'], '휴무·휴가·행사': ['경조휴가', '반차제도', '자유로운 휴가문화'], '보상·수당·지원': ['퇴직금', '경조금', '장기근속 포상', '명절선물/명절상여', '도서 구입비 지원', '성과급', '상여금', '회식비 지원'], '사내제도·성장': ['자격증취득지원', '교육/세미나/스터디', '자율복장'], '편의·여가·건강': ['사내 동호회', '건강검진', '해외여행 지원', '음료/간식 제공']}, 'location': {'address': '서울 성동구 천호대로 280 (용답동, (주)한성에프아이올포유빌딩) 5층', 'map_url': 'https://maps.naver.com/?mapMode=0&dlevel=12&pinTitle=%e3%88%9c%ec%98%a4%ed%94%88%ec%8b%9c%ec%8a%a4&lat=37.5669521843117&lng=127.051948575883'}}	https://www.jobkorea.co.kr/Recruit/GI_Read_Comt_Ifrm?Gno=49362127	2026.07.12(일)
㈜디투이노베이션	국방 웹 개발자 (Java, JavaScript)	['국방', '웹', '개발자', 'Java,', 'Java']	"




㈜디투이노베이션


국방 웹 개발자 (Java, JavaScript)




㈜디투이노베이션은 2007년에 설립된 회사로 자본금 3억원, 매출액 120억, 사원수 35명 규모의 중소기업입니다. 경기 성남시 수정구 창업로 43 (시흥동)에 위치하고 있으며, 소프트웨어 개발 및 판매, 공공 및 국방 SI 프로젝트 수행사업을 하고 있습니다.







포지션 및 자격요건







국방 웹 개발자 Java ( 1명 ) 







담당업무
ㆍJavaScript 개발
ㆍ크로스 브라우저 호환성 확보`ㆍ HTML5 표준 개발ㆍ 용산 부대 내 근무

스킬
ㆍJAVA, JSP, SVN

자격요건
ㆍ학력 : 대졸이상
ㆍ경력 : 경력1년↑

우대사항
ㆍ국방사업 경험자 우대










Java ( 1명 ) 







담당업무
ㆍ상세내용을 입력하세요
ㆍ상세내용을 입력하세요

스킬
ㆍJAVA, JSP, SVN

자격요건
ㆍ학력 : 대졸이상
ㆍ경력 : 경력1년↑

우대사항
ㆍ상세내용을 입력하세요
ㆍ상세내용을 입력하세요



















전형절차
ㆍ서류전형 > 1차면접 > 2차면접 > 임원면접 > 최종합격
ㆍ면접일정은 추후 통보됩니다.













유의사항
ㆍ허위사실이 발견될 경우 채용이 취소될 수 있습니다.









"	[]	모집분야   국방 웹 개발자 Java, Java   모집인원   1명   고용형태   정규직      급여   회사 내규에 따름   근무시간   근무지주소   서울 용산구 한강대로62나길 2  (한강로1가)    인근지하철   주5일(월~금)   09:00 ~ 18:00	경력1년↑, 대졸↑, 서울 용산구, 정규직	{'basic_info': {'산업': '솔루션·SI·CRM·ERP', '사원수': '35명 | ', '기업구분': '중소기업', '설립일': '2007.09.07 | (20년차)', '자본금': '3억원 | ', '매출액': '120억 | ', '대표자': '안지환', '주요사업': '소프트웨어 개발 및 판매, 공공 및 국방 SI 프로젝트 수행', '4대보험': '국민연금, 건강보험, 고용보험, 산재보험', '홈페이지': 'http://www.d2innovation.co.kr', '주소': '경기 성남시 수정구 창업로 43 (시흥동) A-811호, A-812호, A-813호(판교글로벌비즈센터)'}, 'financial': {}, 'history': [], 'employment': {'recruitments': []}, 'benefits': {'연금·보험': ['국민연금', '고용보험', '산재보험', '건강보험', '퇴직연금'], '휴무·휴가·행사': ['주5일제', '연차제도', '월차제도', '정기휴가', '경조휴가', '반차제도', '출산휴가', '육아휴직', '창립일 휴무', '노동절 휴무', '워크샵/MT', '공휴일 휴무', '반반차 제도', '생일 이벤트', '자유로운 휴가문화', '주말 휴무', '패밀리데이'], '보상·수당·지원': ['퇴직금', '경조금', '인센티브', '사내대출', '장기근속 포상', '우수사원 포상제도', '임직원 교육비', '자기개발 지원', '명절선물/명절상여', '주차 지원', '야간교통비 지급', '도서 구입비 지원', '헬스비', '복리후생 지원', '교통비', '상여금', '연차수당', '업무활동비 지원'], '사내제도·성장': ['자율복장', '주40시간'], '사내시설': ['기숙사 지원', '숙소 지원', '휴식공간', '흡연공간', '쾌적한 업무공간', '탕비실'], '편의·여가·건강': ['출퇴근 셔틀버스', '휴양시설', '음료/간식 제공']}, 'location': {'address': '경기 성남시 수정구 창업로 43 (시흥동) A-811호, A-812호, A-813호(판교글로벌비즈센터)', 'map_url': 'https://maps.naver.com/?mapMode=0&dlevel=12&pinTitle=%e3%88%9c%eb%94%94%ed%88%ac%ec%9d%b4%eb%85%b8%eb%b2%a0%ec%9d%b4%ec%85%98&lat=37.4117300323466&lng=127.096066219478'}}	https://www.jobkorea.co.kr/Recruit/GI_Read_Comt_Ifrm?Gno=49362040	2026.07.12(일)
마루정보	[공공 광진구]사회서비스 분야 개별시스템 통합(사회보장정보원)	['사회서비스', '분야', '개별시스템', '통합']	"




마루정보


[공공]사회서비스 분야 개별시스템 통합




마루정보는 상호존경과 신뢰를 바탕으로 한 눈높이 서비스를 추구합니다. 고객의 발전이 회사의 발전이라는 
생각으로 고객에게 인정받는 기업이 되기 위해 부단히 노력하고 있습니다.

마루정보만이 가진 Know-how와 차별적인 서비스로  고객의 가치가 창출되고 성공적인 비즈니스 파트너쉽을 
구축하는 것입니다.

마루정보가 추진 중인 국가 프로젝트가 성공적으로 완료되어 전 국민들에게 즐거움을 줄 수 있기를 바랍니다.

우리의 가족과 고객들에게 진정으로 사랑 받는 회사가 되고 싶습니다.  

당사는 프로그램 개발 SI / Web개발 업체로서 프로젝트에 참여하실분을 모집 합니다.







포지션 및 자격요건







사회서비스 분야 개별시스템 통합( ○○명 ) 







담당업무
ㆍ사회서비스 분야 개별시스템 통합
ㆍ분석 / 설계 개발

스킬
ㆍJAVA, React, Vue.js,  eGovFrame, SpringBoot

기간ㆍ2026.06 ~ 1년 6개월자격요건
ㆍ학력 : 초대졸이상
ㆍ경력 : 경력

우대사항
ㆍ복지부 경험자 우대
ㆍ상세내용을 입력하세요



















전형절차
ㆍ서류전형 > 1차면접 > 2차면접 > 임원면접 > 최종합격
ㆍ면접일정은 추후 통보됩니다.













유의사항
ㆍ허위사실이 발견될 경우 채용이 취소될 수 있습니다.









"	[]	모집분야   사회서비스 분야 개별시스템 통합   모집인원   ○○명   고용형태   계약직   (근무기간 18개월)   ,    프리랜서   (근무기간 18개월)   직급/직책   급여   회사 내규에 따름 (면접 후 결정)   근무시간   근무지주소   서울 광진구 능동로 400  (중곡동) ..   인근지하철   주5일(월~금)   09:00 ~ 18:00   탄력근무제	경력, 초대졸↑, 서울 광진구, 계약직 외, 과장~차장급 외	{'basic_info': {'산업': '응용 소프트웨어 개발 및 공급업', '사원수': '50명 | ', '기업구분': '중소기업', '설립일': '2003.08.01 | (24년차)', '자본금': '1억원 | ', '매출액': '20억 | ', '대표자': '신유식', '주요사업': '소프트웨어 개발,용역', '4대보험': '국민연금, 건강보험, 고용보험, 산재보험', '홈페이지': '-', '주소': '서울 구로구 디지털로27가길 17 (구로동, 오닉스지식산업센터) (구로동 오닉스지식산업센터 505호)'}, 'financial': {'기업등급': {'current_value': None}}, 'history': [], 'employment': {'recruitments': []}, 'benefits': {}, 'location': {'address': '서울 구로구 디지털로27가길 17 (구로동, 오닉스지식산업센터) (구로동 오닉스지식산업센터 505호)', 'map_url': 'https://maps.naver.com/?mapMode=0&dlevel=12&pinTitle=%eb%a7%88%eb%a3%a8%ec%a0%95%eb%b3%b4&lat=37.4843967675384&lng=126.89234046895'}}	https://www.jobkorea.co.kr/Recruit/GI_Read_Comt_Ifrm?Gno=49362021	2026.07.12(일)
㈜한맥소프트웨어	Java개발 Front End(React 필수)	['JAVA', '개발자', '모십니다.']	"




㈜한맥소프트웨어


Java개발 Front End(React 필수)




㈜한맥소프트웨어는 기술전문회사로 태어나 우리가 가진 기술을 바른 마음으로 한데 모아 작은 프로그램
 하나라도 정성을 다해 만들어 가고 있습니다. 우리의 작은 결실 하나 하나가 정보화 시대의 초석이 되고
 우리의 삶을 윤택하게 하는 씨앗이라는 일념으로 눈앞의 이익에 급급하지 않고 눈에 보이지 않는 뿌리부터
 충분히 거름을 주고 스스로 만족할 만한 상태가 되었을 때야 비로소 싹을 틔우는 건전한 경영을 지향하고 
있습니다.








포지션 및 자격요건







JAVA 개발자 모십니다. ( 2명 ) 







담당업무
ㆍ상세내용을 입력하세요
ㆍ상세내용을 입력하세요

스킬
ㆍBootstrap, CSS, HTML, Javascript, React, Spring Boot, Thymeleaf

핵심역량

                                                                ㆍ
                                                                        성실성,
 꼼꼼함,
 창의성,
 협동심,
성취지향성, 윤리의식, 자존감, 메타인지, 성장지향성
                                                            

자격요건
ㆍ학력 : 학력무관
ㆍ경력 : 신입·경력3년↑

우대사항
ㆍ유관업무 경력자 (5년)



















전형절차
ㆍ서류전형 > 1차면접 > 2차면접 > 임원면접 > 최종합격
ㆍ면접일정은 추후 통보됩니다.













유의사항
ㆍ허위사실이 발견될 경우 채용이 취소될 수 있습니다.









"	[]	모집분야   JAVA 개발자 모십니다.   모집인원   1명   고용형태   정규직      직급/직책   급여   회사 내규에 따름 (면접 후 결정)   근무시간   근무지주소   서울 강남구 대치동 942-18 세풍빌딩 4층   인근지하철   주5일(월~금)   09:00 ~ 18:00	경력3년↑, 학력무관, 서울 강남구, 정규직, 주임~대리급 외	{'basic_info': {'산업': '솔루션·SI·CRM·ERP', '기업구분': '벤처기업', '설립일': '1993.04.21 | (34년차)', '자본금': '5억원 | ', '대표자': '권순모', '주요사업': 'CTI, IVR, 콜센터, 아웃바운드 솔루션, FAX, SI', '4대보험': '국민연금, 건강보험, 고용보험, 산재보험', '홈페이지': 'http://www.hanmac.com', '주소': '서울 강남구 대치동 942-18 세풍빌딩 4층'}, 'financial': {}, 'history': [], 'employment': {'recruitments': []}, 'benefits': {'연금·보험': ['국민연금', '고용보험', '산재보험', '건강보험'], '휴무·휴가·행사': ['주5일제', '연차제도', '경조휴가', '포상휴가', '출산휴가', '노동절 휴무', '워크샵/MT', '야유회'], '보상·수당·지원': ['퇴직금', '경조금', '야간교통비 지급', '도서 구입비 지원', '성과급', '우리사주제도'], '사내제도·성장': ['신입 사원 교육', '직무능력향상교육'], '편의·여가·건강': ['건강검진', '저녁 식사 지원', '휴양시설']}, 'location': {'address': '서울 강남구 대치동 942-18 세풍빌딩 4층', 'map_url': 'https://maps.naver.com/?mapMode=0&dlevel=12&pinTitle=%e3%88%9c%ed%95%9c%eb%a7%a5%ec%86%8c%ed%94%84%ed%8a%b8%ec%9b%a8%ec%96%b4&lat=37.5061658644355&lng=127.058531440222'}}	https://www.jobkorea.co.kr/Recruit/GI_Read_Comt_Ifrm?Gno=49361939	2026.07.12(일)
㈜케이앤에스코퍼레이션	물류지원팀 JAVA 정규직 채용	['물류지원팀', 'JAVA', '정규직', '채용']	"




㈜케이앤에스코퍼레이션


물류지원팀 JAVA 정규직 채용




㈜케이앤에스코퍼레이션은 2018년에 설립된 회사로 자본금 4,000만원, 매출액 95억 4,381만원, 사원수 25명 규모의 중소기업입니다. 서울 강서구 마곡중앙로 59-21 (마곡동, 에이스타워Ⅱ)에 위치하고 있으며, IT전문기업으로 Web환경에서 수행되는 시스템을 구축해온 유통/물류/쇼핑몰 전문업체사업을 하고 있습니다.







포지션 및 자격요건







      물류지원팀 JAVA 정규직 채용( 6명 ) 







담당업무
ㆍWMS/PDA/OMS 모듈 
ㆍ분석/설계/개발

스킬
ㆍJAVA JSP VUE.JS

자격요건
ㆍ학력 : 초대졸이상
ㆍ경력 : 경력

우대 및 필수사항
ㆍ물류업무 경험자ㆍ물류솔루션 업무 경험자ㆍ지방 출장 가능자



















전형절차
ㆍ서류전형 > 1차면접 >  최종합격
ㆍ면접일정은 추후 통보됩니다.













유의사항
ㆍ허위사실이 발견될 경우 채용이 취소될 수 있습니다.









"	[]	모집분야   물류지원팀 JAVA 정규직 채용   모집인원   6명   고용형태   정규직      직급/직책   급여   회사 내규에 따름 (면접 후 결정)   근무시간   근무지주소   서울 강서구 마곡중앙로 59-21 (마곡동, 에이스타워Ⅱ) 717, 718호   인근지하철   주5일(월~금)   09:00 ~ 18:00	경력6년↑, 초대졸↑, 서울 강서구, 정규직, 과장~차장급 외	{'basic_info': {'산업': '솔루션·SI·CRM·ERP', '사원수': '31명 | ', '기업구분': '중소기업', '설립일': '2018.09.03 | (9년차)', '자본금': '4,000만원 | ', '매출액': '63억 7천만원 | (2025.12.31)', '대표자': '김규석', '주요사업': 'IT전문기업으로 Web환경에서 수행되는 시스템을 구축해온 유통/물류/쇼핑몰 전문업체', '4대보험': '국민연금, 건강보험, 고용보험, 산재보험', '홈페이지': 'http://knscorporation.co.kr/', '주소': '서울 강서구 마곡중앙로 59-21 (마곡동, 에이스타워Ⅱ) 717, 718호'}, 'financial': {}, 'history': [], 'employment': {'recruitments': []}, 'benefits': {'휴무·휴가·행사': ['리프레시 휴가'], '보상·수당·지원': ['퇴직금', '경조금', '인센티브', '장기근속 포상', '우수사원 포상제도', '자기개발 지원', '도서 구입비 지원', '성과급'], '사내제도·성장': ['자격증취득지원']}, 'location': {'address': '서울 강서구 마곡중앙로 59-21 (마곡동, 에이스타워Ⅱ) 717, 718호', 'map_url': 'https://maps.naver.com/?mapMode=0&dlevel=12&pinTitle=%e3%88%9c%ec%bc%80%ec%9d%b4%ec%95%a4%ec%97%90%ec%8a%a4%ec%bd%94%ed%8d%bc%eb%a0%88%ec%9d%b4%ec%85%98&lat=37.5588130457741&lng=126.824246733937'}}	https://www.jobkorea.co.kr/Recruit/GI_Read_Comt_Ifrm?Gno=49361465	상시채용
㈜커머스온	글로벌 물류 시스템을 선도할 백엔드 Java 개발자 모십니다.	['JAVA', '프로그래머']	 	['//file2.jobkorea.co.kr/Net/Mng/DownImage/CorpEditor?file_No=1150800']	모집분야   JAVA 프로그래머   모집인원   1명   고용형태   정규직      직급/직책      급여   연봉 4,000~5,000만원   근무시간   근무지주소   서울 마포구 양화로 186 (동교동, LCTOWER) 451,452호   인근지하철   주5일(월~금)   09:00 ~ 18:00   탄력근무제	경력3년↑, 대졸↑, 서울 마포구, 정규직, 4,000~5,000만원, 팀원	{'basic_info': {'산업': '응용 소프트웨어 개발 및 공급업', '사원수': '34명 | ', '기업구분': '중소기업', '설립일': '2020.08.07 | (7년차)', '자본금': '1억 4,000만원 | (2025.12.31)', '매출액': '35억 5천만원 | (2025.12.31)', '대표자': '주복낙', '주요사업': '소프트웨어 개발 및 공급업,전자상거래 소매업', '4대보험': '국민연금, 건강보험, 고용보험, 산재보험', '홈페이지': 'http://commerceon.co.kr', '주소': '서울 마포구 양화로 186 (동교동, LCTOWER) 451,452호'}, 'financial': {'매출액': {'current_value': '35억 5천만원'}, '영업이익': {'current_value': '4억 9,595만원'}, '당기순이익': {'current_value': '4억 7,260만원'}, '총자산 증가율': {'current_value': '10억 9천만원'}}, 'history': [], 'employment': {'recruitments': []}, 'benefits': {'연금·보험': ['국민연금', '고용보험', '산재보험', '건강보험'], '휴무·휴가·행사': ['주5일제', '연차제도', '정기휴가', '경조휴가', '반차제도', '노동절 휴무'], '보상·수당·지원': ['퇴직금', '경조금', '인센티브', '성과급', '임직원 할인'], '사내제도·성장': ['직무능력향상교육'], '사내시설': ['카페테리아'], '편의·여가·건강': ['건강검진', '점심 식사 지원']}, 'location': {'address': '서울 마포구 양화로 186 (동교동, LCTOWER) 451,452호', 'map_url': 'https://maps.naver.com/?mapMode=0&dlevel=12&pinTitle=%e3%88%9c%ec%bb%a4%eb%a8%b8%ec%8a%a4%ec%98%a8&lat=37.557673221352&lng=126.925901583084'}}	https://www.jobkorea.co.kr/Recruit/GI_Read_Comt_Ifrm?Gno=49361374	2026.07.11(토)
엔코씨앤에스	재무회계 시스템 고도화 개발자 모집 공고	['재무회계', '시스템', '고도화', '개발자', '모집', '공고']	"




엔코씨앤에스

재무회계 시스템 고도화 개발자 모집 공고




엔코씨앤에스는 2011년에 설립된 회사로 서울특별시 성동구 성수동에 위치하고 있으며,금융 및 공공 사업 소프트웨어와 솔루션 개발, 유지보수를 하고 있습니다.금융권 SI 전문회사로 직원 개개인의 장점을 발휘할 수 있도록 인재 양성에 힘쓰고 발전적인 근무 환경이 될 수 있도록 노력하고 있습니다.  평생의 동반자로 그에 맞는 대우와 복지를 약속 드리며 회사를 이끌어 나갈 수 있는 인재를 기다리겠습니다.







모집분야 및 자격요건







재무회계업무 고도화  ( O명 )







담당업무ㆍ예산 Java -> ProC컨버젼 개발자      - 중급1명 (2027.07.01 ~ 2026.12.31 6.0MM) : ProFrame C 버젼 개발 가능 필수      사이트정보ㆍ고객사 : 신한투자증권ㆍ장소 : 여의도역 유화증권빌딩ㆍ근무시간 : 08:30 ~ 17:30ㆍ기술 : ProFrame5.0, WebSquare, Oracle
자격요건
ㆍ학력 : 초대졸이상
ㆍ경력 : 개발 경력4년↑  

우대사항
ㆍ관련 학과 전공자
ㆍ관련 자격증 보유자ㆍ재무회계업무 유경험자



















전형절차
ㆍ서류전형 > 임원면접 > 최종합격
ㆍ면접일정은 추후 통보됩니다.근무조건ㆍ근무형태 : 정규직, 프리랜서ㆍ근무지 : 여의도역 유화증권빌딩ㆍ근무요일 : 주5일ㆍ근무시간 : 08시30분 ~ 17시30분ㆍ급여 : 회사내규에 따름 (면접 후 결정)













유의사항
ㆍ허위사실이 발견될 경우 채용이 취소될 수 있습니다.









"	[]	모집분야   재무회계 시스템 고도화 개발자 모집 공고   모집인원   ○명   고용형태   정규직      ,    계약직      ,    프리랜서      직급/직책   급여   회사 내규에 따름 (면접 후 결정)   근무시간   근무지주소   서울 영등포구 국제금융로2길 36 (여의도동, 유화증권빌딩)    인근지하철   주5일(월~금)   08:30 ~ 17:30	경력4년↑, 초대졸↑, 서울 영등포구, 정규직 외, 과장~차장급 외	{'basic_info': {'산업': '솔루션·SI·CRM·ERP', '사원수': '17명 | ', '기업구분': '중소기업', '설립일': '2011.09.22 | (16년차)', '자본금': '1억원 | ', '매출액': '40억 | ', '대표자': '최형석', '주요사업': '금융 및 공공 사업 소프트웨어와 솔루션 개발, 유지보수', '4대보험': '국민연금, 건강보험, 고용보험, 산재보험', '홈페이지': 'http://www.encocns.com', '주소': '서울 성동구 성수일로8길 5 (성수동2가, 서울숲SKV1TOWER) 407호'}, 'financial': {}, 'history': [], 'employment': {'recruitments': []}, 'benefits': {'연금·보험': ['국민연금', '고용보험', '산재보험', '건강보험', '퇴직연금'], '휴무·휴가·행사': ['주5일제'], '보상·수당·지원': ['경조금', '인센티브', '연월차제도수당', '명절선물/명절상여', '각종 기념일 선물', '도서 구입비 지원', '휴가비'], '사내제도·성장': ['자격증취득지원'], '편의·여가·건강': ['저녁 식사 지원']}, 'location': {'address': '서울 성동구 성수일로8길 5 (성수동2가, 서울숲SKV1TOWER) 407호', 'map_url': 'https://maps.naver.com/?mapMode=0&dlevel=12&pinTitle=%ec%97%94%ec%bd%94%ec%94%a8%ec%95%a4%ec%97%90%ec%8a%a4&lat=37.5470812799624&lng=127.051600512415'}}	https://www.jobkorea.co.kr/Recruit/GI_Read_Comt_Ifrm?Gno=49361156	2026.07.11(토)
㈜레드소프트	(주)레드소프트 JAVA  솔루션/웹개발 유지보수 경력사원 모집	['JAVA', '운영SM', '경력사원', '모집']		['//file2.jobkorea.co.kr/Net/Mng/DownImage/CorpEditor?file_No=1754340']	모집분야   JAVA 운영SM 경력사원 모집   모집인원   ○명   고용형태   정규직   (수습 3개월)   직급/직책   급여   회사 내규에 따름 (면접 후 결정)   근무시간   근무지주소   서울 구로구 디지털로26길 43 (구로동) 대륭포스트타워8차 L동 1410~1411호   인근지하철   주5일(월~금)   09:00 ~ 18:00   일 8시간 유연근무(오전 8시00분~오후 7시00분)	경력4년↑, 초대졸↑, 서울 구로구, 정규직, 팀원	{'basic_info': {'산업': '솔루션·SI·CRM·ERP', '사원수': '38명 | ', '기업구분': '중소기업', '설립일': '2009.12.02 | (18년차)', '자본금': '5,000만원 | ', '매출액': '30억 1천만원 | ', '대표자': '조용현', '주요사업': 'CRM 및 VOC 전문기업, CRM, VOC, CS 시스템 컨설팅, 구축, 운영, 교육 등', '4대보험': '국민연금, 건강보험, 고용보험, 산재보험', '홈페이지': 'http://www.redsoft.co.kr', '주소': '서울 구로구 디지털로26길 43 (구로동) L동 1410-1411호'}, 'financial': {}, 'history': [], 'employment': {'recruitments': []}, 'benefits': {'연금·보험': ['국민연금', '고용보험', '산재보험', '건강보험', '퇴직연금'], '휴무·휴가·행사': ['주5일제', '연차제도', '월차제도', '경조휴가', '반차제도', '출산휴가', '육아휴직', '남성출산휴가', '노동절 휴무', '워크샵/MT'], '보상·수당·지원': ['퇴직금', '경조금', '인센티브', '사내대출', '장기근속 포상', '우수사원 포상제도', '임직원 교육비', '연월차제도수당', '야간교통비 지급', '도서 구입비 지원', '성과급', '보육수당', '복리후생 지원'], '사내제도·성장': ['신입 사원 교육', '직무능력향상교육'], '사내시설': ['휴식공간', '사내도서관'], '편의·여가·건강': ['건강검진', '저녁 식사 지원']}, 'location': {'address': '서울 구로구 디지털로26길 43 (구로동) L동 1410-1411호', 'map_url': 'https://maps.naver.com/?mapMode=0&dlevel=12&pinTitle=%e3%88%9c%eb%a0%88%eb%93%9c%ec%86%8c%ed%94%84%ed%8a%b8&lat=37.4810639716205&lng=126.894379630997'}}	https://www.jobkorea.co.kr/Recruit/GI_Read_Comt_Ifrm?Gno=49360353	2026.07.02(목)
㈜씨엔씨네트웍스	[정규직] 2026년 정규직 채용 공고 (React/대리급 이상)	['프론트', '백앤드', '개발']	"





㈜씨엔씨네트웍스


[정규직]2026년 정규직 채용 공고 (React/대리급 이상)




㈜씨엔씨네트웍스는 2015년에 설립된 회사로 자본금 1억원, 매출액 40억, 사원수 30명 규모의 중소기업입니다. 서울 금천구 디지털로 178 (가산동)에 위치하고 있으며, 소프트웨어 개발 및 공급 / 데이터 기발 분석 및 컨설팅 / BI, CRM 솔루션 개발사업을 하고 있습니다.







포지션 및 자격요건







프론트  백앤드 개발 ( ○○명 ) 







담당업무
ㆍ개발 및 운영

스킬
ㆍJAVA, Javascript, React, Spring, Vue.js, Nexacro

자격요건
ㆍ학력 : 대졸이상
ㆍ경력 : 경력3년↑

우대사항
ㆍ자격증 : 정보처리기사, 정보처리산업기사



















전형절차
ㆍ서류전형 > 1차면접 > 2차면접 > 임원면접 > 최종합격
ㆍ면접일정은 추후 통보됩니다.













유의사항
ㆍ허위사실이 발견될 경우 채용이 취소될 수 있습니다.









"	[]	모집분야   프론트  백앤드 개발   모집인원   ○○명   고용형태   정규직      직급/직책   급여   회사 내규에 따름 (면접 후 결정)   근무시간   근무지주소   서울 금천구 디지털로 178 (가산동) 가산퍼블릭 17층 1719호   인근지하철   주5일(월~금)   09:00 ~ 18:00	경력3년↑, 대졸↑, 서울 금천구, 정규직, 주임~대리급 외	{'basic_info': {'산업': '솔루션·SI·CRM·ERP', '사원수': '30명 | ', '기업구분': '중소기업', '설립일': '2015.11.11 | (12년차)', '자본금': '1억원 | ', '매출액': '40억 | ', '대표자': '김도영', '주요사업': '소프트웨어 개발 및 공급 / 데이터 기발 분석 및 컨설팅 / BI, CRM 솔루션 개발', '4대보험': '국민연금, 건강보험, 고용보험, 산재보험', '홈페이지': 'http://www.cncnetworks.co.kr/', '주소': '서울 금천구 디지털로 178 (가산동) A동 1719호(퍼블릭가산)'}, 'financial': {'매출액': {'current_value': '50억 5백만원'}, '영업이익': {'current_value': '4,799만원'}, '당기순이익': {'current_value': '1,407만원'}, '산업 내 위치': {'current_value': None}, '기업등급': {'current_value': None}, '총자산 증가율': {'current_value': '21억 2천만원'}}, 'history': [], 'employment': {'recruitments': []}, 'benefits': {'연금·보험': ['국민연금', '고용보험', '산재보험', '퇴직연금'], '휴무·휴가·행사': ['주5일제', '연차제도', '월차제도', '경조휴가', '반차제도', '리프레시 휴가', '출산휴가', '육아휴직', '노동절 휴무', '창립일 행사', '워크샵/MT', '공휴일 휴무', '사내 이벤트', '자유로운 휴가문화'], '보상·수당·지원': ['경조금', '장기근속 포상', '자기개발 지원', '명절선물/명절상여', '야간교통비 지급', '도서 구입비 지원', '회식비 지원', '웰컴키트'], '사내제도·성장': ['수평적 문화', '자율복장'], '사내시설': ['쾌적한 업무공간', '탕비실'], '편의·여가·건강': ['저녁 식사 지원', '음료/간식 제공']}, 'location': {'address': '서울 금천구 디지털로 178 (가산동) A동 1719호(퍼블릭가산)', 'map_url': 'https://maps.naver.com/?mapMode=0&dlevel=12&pinTitle=%e3%88%9c%ec%94%a8%ec%97%94%ec%94%a8%eb%84%a4%ed%8a%b8%ec%9b%8d%ec%8a%a4&lat=37.4766348362951&lng=126.887129955585'}}	https://www.jobkorea.co.kr/Recruit/GI_Read_Comt_Ifrm?Gno=49359865	2026.07.11(토)
㈜디지털대성	(주)디지털대성 이러닝개발실(AI개발자) 신입/경력 채용	['AI', '개발자']	"




㈜디지털대성


(주)디지털대성 이러닝개발실(AI개발자) 신입/경력 채용




㈜디지털대성은 2000년에 설립된 회사로 자본금 149억 1,124만원, 매출액 1,924억 7,966만원, 사원수 463명 규모의 중견기업입니다. 서울 서초구 방배로 181 (방배동, 단우빌딩)에 위치하고 있으며, 이러닝(대성마이맥), 학원프랜차이즈(대성N스쿨, 다수인), 입시정보사업을 하고 있습니다.







포지션 및 자격요건







AI 개발자 ( ○명 ) 







담당업무
ㆍAI 기술을 활용한 교육 서비스 개발
ㆍ정형·비정형 데이터 분석 및 활용ㆍ머신러닝/딥러닝 기반 AI 모델 개발ㆍAI 모델 성능 평가 및 개선ㆍAI 서비스 운영 및 품질 관리
경험[필수]ㆍPython 기반 데이터 분석 및 머신러닝/딥러닝 모델 개발 경험[우대]ㆍ생성형 AI(LLM) 활용 프로젝트 수행 경험ㆍPrompt Engineering 및 RAG 구축 경험ㆍLLM 기반 챗봇, 검색, 요약 서비스 개발 경험ㆍLLM 모델 서빙(vLLM, TGI 등) 구축 및 운영 경험ㆍ벡터DB(Milvus, FAISS 등) 활용 경험ㆍLoRA, QLoRA 등 LLM 파인튜닝(Fine-tuning) 경험ㆍGPU 환경 기반 AI 모델 개발 및 운영 경험ㆍAWS 등 클라우드 환경에서 AI 서비스 구축 경험
스킬
[필수]ㆍPython
[우대]ㆍLinux, FastAPI, AWS, Docker
자격요건
ㆍ학력 : 학력무관
ㆍ경력 : 신입·경력 1년-5년

우대사항
ㆍ전공 : 컴퓨터공학부, 통계학과, 인공지능공학과



















전형절차
ㆍ서류전형 > 1차면접 > 2차면접 > 임원면접 > 최종합격
ㆍ면접일정은 추후 통보됩니다.













유의사항
ㆍ허위사실이 발견될 경우 채용이 취소될 수 있습니다.









"	[]	모집분야   AI 개발자   모집인원   ○명   고용형태   정규직   (수습 3개월)   직급/직책   급여   회사 내규에 따름   근무시간   근무지주소   서울 서초구 방배로 181 (방배동, 단우빌딩) 3~8층   인근지하철   주5일(월~금)   09:00 ~ 18:00   시차출퇴근제 (8~10시 / 30분 단위)	신입·경력1년↑, 학력무관, 서울 서초구, 정규직, 사원급 외	"{'basic_info': {'산업': '온라인 교육 학원', '사원수': '463명 | (2025.12.31)', '기업구분': '중견기업', '설립일': '2000.03.10 | (27년차)', '자본금': '149억 1천만원 | (2025.12.31)', '매출액': '1,924억 7천만원 | (2025.12.31)', '대표자': '김희선', '대졸초임': '3,200만원', '주요사업': '온라인 강의,오프라인 학원,교재', '4대보험': '국민연금, 건강보험, 고용보험, 산재보험', '홈페이지': 'http://www.digitaldaesung.co.kr', '주소': '서울 서초구 방배로 181 (방배동, 단우빌딩) 3~8층', '계열사': '대성출판그룹 대성출판(주) 호법강남대성기숙학원(주)'}, 'financial': {'사업분석': {'current_value': None}, '매출액': {'current_value': '1,924억 7천만원'}, '영업이익': {'current_value': '170억 1천만원'}, '당기순이익': {'current_value': '124억 2천만원'}, '산업 내 위치': {'current_value': None}, '기업등급': {'current_value': None}, '동종업계 순위': {'current_value': None}}, 'history': [{'year': '2024', 'month': '08', 'events': ['호법강남대성기숙학원㈜ 인수']}, {'year': '2024', 'month': '03', 'events': ['㈜이감 주식 추가 양수']}, {'year': '2023', 'month': '12', 'events': ['㈜젤리페이지 흡수 합병']}, {'year': '2021', 'month': '12', 'events': ['㈜젤리페이지 설립']}, {'year': '2021', 'month': '02', 'events': ['㈜한우리열린교육 및 ㈜강남대성기숙학원을 흡수 합병']}, {'year': '2018', 'month': '05', 'events': ['베트남 현지 법인 설립']}, {'year': '2017', 'month': '12', 'events': ['㈜이감 인수']}, {'year': '2015', 'month': '10', 'events': ['㈜한우리열린교육 인수']}, {'year': '2012', 'month': '11', 'events': ['비상에듀사이트 자산 인수']}, {'year': '2012', 'month': '04', 'events': ['초등제넥스 및 하우투잉글리시 영업 양도']}, {'year': '2011', 'month': '11', 'events': ['티치미 인수']}, {'year': '2010', 'month': '12', 'events': ['㈜대성마이맥과 흡수 합병']}, {'year': '2009', 'month': '07', 'events': ['삼성유니스쿨 인수']}, {'year': '2007', 'month': '11', 'events': ['‘다수인’ 런칭']}, {'year': '2006', 'month': '04', 'events': [""'대성마이맥’ 설립""]}, {'year': '2003', 'month': '10', 'events': ['KOSDAQ 상장']}, {'year': '2003', 'month': '02', 'events': ['동영상강의 런칭']}, {'year': '2000', 'month': '08', 'events': ['대성N스쿨(학원 프랜차이징) 런칭']}, {'year': '2000', 'month': '04', 'events': ['㈜디지털대성으로 상호 변경']}, {'year': '2000', 'month': '03', 'events': ['㈜대성인터넷 설립']}], 'employment': {'recruitments': []}, 'benefits': {'연금·보험': ['국민연금', '고용보험', '산재보험', '건강보험'], '휴무·휴가·행사': ['주5일제', '연차제도', '경조휴가', '반차제도', '리프레시 휴가', '출산휴가', '육아휴직', '남성출산휴가', '워크샵/MT'], '보상·수당·지원': ['퇴직금', '경조금', '인센티브', '장기근속 포상', '임직원 교육비', '야간근로수당', '휴일근로수당'], '사내제도·성장': ['신입 사원 교육', '직무능력향상교육'], '사내시설': ['구내식당', '카페테리아'], '편의·여가·건강': ['사내 동호회', '건강검진', '점심 식사 지원', '아침 식사 지원']}, 'location': {'address': '서울 서초구 방배로 181 (방배동, 단우빌딩) 3~8층', 'map_url': 'https://maps.naver.com/?mapMode=0&dlevel=12&pinTitle=%e3%88%9c%eb%94%94%ec%a7%80%ed%84%b8%eb%8c%80%ec%84%b1&lat=37.4895776316921&lng=126.991943317632'}}"	https://www.jobkorea.co.kr/Recruit/GI_Read_Comt_Ifrm?Gno=49359859	2026.07.11(토)
㈜씨엔씨네트웍스	[정규직/계약직] SK하이닉스 그룹 공통 시스템 운영 (정자역) React/중급	['공통시스템', '운영']	"




㈜씨엔씨네트웍스


[정규직]SK하이닉스그룹 공통시스템 운영(정자역)




㈜씨엔씨네트웍스는 2015년에 설립된 회사로 자본금 1억원, 매출액 40억, 사원수 30명 규모의 중소기업입니다. 서울 금천구 디지털로 178 (가산동)에 위치하고 있으며, 소프트웨어 개발 및 공급 / 데이터 기발 분석 및 컨설팅 / BI, CRM 솔루션 개발사업을 하고 있습니다.







포지션 및 자격요건







공통시스템 운영 ( 1명 ) 







담당업무
ㆍ공통 개발
ㆍ공통시스템 운영

스킬
ㆍReact 프로젝트 경험 유 

자격요건
ㆍ학력 : 학사이상/전문학사
ㆍ경력 : 경력6년↑/경력9년↑

우대사항
ㆍ자격증 : 정보처리기사, 정보처리산업기사



















전형절차
ㆍ서류전형 > 1차면접 > 2차면접 > 임원면접 > 최종합격
ㆍ면접일정은 추후 통보됩니다.













유의사항
ㆍ허위사실이 발견될 경우 채용이 취소될 수 있습니다.









"	[]	모집분야   공통시스템 운영   모집인원   1명   고용형태   정규직      ,    계약직      직급/직책   급여   회사 내규에 따름 (면접 후 결정)   근무시간   근무지주소   서울 금천구 디지털로 178 (가산동) 가산퍼블릭 17층 1719호   인근지하철   주5일(월~금)   09:00 ~ 18:00	경력6년↑, 대졸↑, 서울 금천구, 정규직 외, 주임~대리급 외	{'basic_info': {'산업': '솔루션·SI·CRM·ERP', '사원수': '30명 | ', '기업구분': '중소기업', '설립일': '2015.11.11 | (12년차)', '자본금': '1억원 | ', '매출액': '40억 | ', '대표자': '김도영', '주요사업': '소프트웨어 개발 및 공급 / 데이터 기발 분석 및 컨설팅 / BI, CRM 솔루션 개발', '4대보험': '국민연금, 건강보험, 고용보험, 산재보험', '홈페이지': 'http://www.cncnetworks.co.kr/', '주소': '서울 금천구 디지털로 178 (가산동) A동 1719호(퍼블릭가산)'}, 'financial': {'매출액': {'current_value': '50억 5백만원'}, '영업이익': {'current_value': '4,799만원'}, '당기순이익': {'current_value': '1,407만원'}, '산업 내 위치': {'current_value': None}, '기업등급': {'current_value': None}, '총자산 증가율': {'current_value': '21억 2천만원'}}, 'history': [], 'employment': {'recruitments': []}, 'benefits': {'연금·보험': ['국민연금', '고용보험', '산재보험', '퇴직연금'], '휴무·휴가·행사': ['주5일제', '연차제도', '월차제도', '경조휴가', '반차제도', '리프레시 휴가', '출산휴가', '육아휴직', '노동절 휴무', '창립일 행사', '워크샵/MT', '공휴일 휴무', '사내 이벤트', '자유로운 휴가문화'], '보상·수당·지원': ['경조금', '장기근속 포상', '자기개발 지원', '명절선물/명절상여', '야간교통비 지급', '도서 구입비 지원', '회식비 지원', '웰컴키트'], '사내제도·성장': ['수평적 문화', '자율복장'], '사내시설': ['쾌적한 업무공간', '탕비실'], '편의·여가·건강': ['저녁 식사 지원', '음료/간식 제공']}, 'location': {'address': '서울 금천구 디지털로 178 (가산동) A동 1719호(퍼블릭가산)', 'map_url': 'https://maps.naver.com/?mapMode=0&dlevel=12&pinTitle=%e3%88%9c%ec%94%a8%ec%97%94%ec%94%a8%eb%84%a4%ed%8a%b8%ec%9b%8d%ec%8a%a4&lat=37.4766348362951&lng=126.887129955585'}}	https://www.jobkorea.co.kr/Recruit/GI_Read_Comt_Ifrm?Gno=49359822	2026.07.11(토)
엔에이치엔케이씨피㈜ 	[NHN KCP] 결제 서비스 운영(기술지원,QA) 담당	['기술지원']	"         [NHN KCP] 결제 서비스 운영(기술지원,QA) 담당         NHN KCP를 소개합니다.   NHN KCP는 결제 산업의 핵심 영역에서 다양한 이해 관계자와 함께 성장해 온 결제 전문 기업입니다.전자결제와 온·오프라인 결제 환경 전반을 아우르며 산업의 흐름을 이해하고, 변화에 유연하게 대응해왔습니다.하나의 서비스에 국한되지 않고 여러 결제 환경을 안정적으로 연결하는 구조를 구축해 온 것이 NHN KCP의 경쟁력이며, 이런 기반은 변화가 빠른 시장에서도 일관된 기준과 방향성을 유지할 수 있는 힘이 되어왔습니다.현재는 기존의 결제 영역에 머무르지 않고, 온·오프라인을 잇는 새로운 결제 구조와 글로벌 시장으로의 확장을 함께 고민하고 있습니다.결제 산업의 다음 변화의 과정에 함께할 동료를 기다립니다.     
  우리 팀을 소개합니다.    오프라인 결제 서비스가 안정적으로 운영되도록 다양한 결제 장비와 시스템을 관리합니다.POS, 키오스크, 리더기 등 다양한 결제 환경을 경험하며 운영 역량을 키울 수 있습니다.기술지원과 QA를 함께 수행하며 결제 서비스 전반을 이해할 수 있습니다.여러 부서와 대외 협업을 통해 더 나은 결제 서비스를 만들어갑니다.
우리 팀은 이렇게 일해요.
운영 과정에서 발생하는 다양한 이슈를 빠르게 분석하고 해결합니다.대리점, 가맹점, 유관 부서와 적극적으로 소통하며 서비스를 개선합니다.체계적인 QA 프로세스를 기반으로 안정적인 결제 환경을 만들어갑니다.새로운 결제 기술과 장비를 지속적으로 학습하고 업무에 적용합니다.
함께 하면 이런 점이 좋아요.
다양한 결제 장비와 서비스를 직접 경험하며 운영 역량을 넓힐 수 있습니다.기술지원과 함께 QA를 경험하며 폭넓은 실무 역량을 쌓을 수 있습니다.다양한 조직과 파트너사 협업을 통해 문제 해결 경험을 쌓을 수 있습니다.오프라인 결제 인프라에 대한 전문성을 자연스럽게 키울 수 있습니다.모집 직무   결제 서비스 운영(기술 지원,QA) 담당         주요 업무   결제 프로그램 및 H/W·S/W 기술 지원대리점, 가맹점 및 파트너사 기술 협업 지원유관 부서와 협업하여 장애 원인 분석 및 이슈 해결단말기 펌웨어 및 결제 소프트웨어 운영 관리안정적인 오프라인 결제 서비스 운영 지원오프라인 결제 단말기 품질 검증 및 QA 수행자격 요건   새로운 기술을 배우고 성장하는 것을 즐기시는 분IT 기기 및 결제 서비스에 관심이 있으신 분문제를 논리적으로 분석하고 해결하려는 역량을 갖추신 분다양한 이해 관계자와 원활하게 협업할 수 있으신 분         우대 사항   VAN, PG, POS 등 결제 산업 분야에서 유관 경험이 있으신 분하드웨어 QA, 규격서 분석, 로그 분석 등 기술 기반 업무 경험이 있으신 분새로운 기술과 장비를 주도적으로 학습하며 문제를 해결해 나가시는 분         주요 복리후생   NHN KCP는 구성원들이 최고의 퍼포먼스를 낼 수 있도록 자유로운 업무 문화와 업계 상위수준의 복지 및 근무환경을 제공하고 있습니다.  퍼플타임 근무제도 운영 (시차 출퇴근제) 1시간 단위 연차 제도 복지 포인트 지급 점심 식대 지원 경조사, 학자금, 종합건강검진(년 1회) 지원 법인 휴양시설 및 캠핑장 지원 명절 상품권 지급 등          고용형태   정규직     
   영입 절차   서류 → 실무진 면접 → 임원 면접 → 처우 협의 및 최종 합격본 공고는 수시 채용으로 채용 완료 시 조기 마감될 수 있습니다. 실무진 면접 진행자에 한해 역량 검사가 진행될 예정입니다.     
   유의사항   당사는 입사 후 3개월의 수습기간을 거치게 됩니다.  서류전형 통과자에 한해 이후 전형에 대해 개별 안내 드리고 있습니다.  지원 서류에 허위사실 발견 시, 채용 확정 후라도 채용이 취소될 수 있습니다. 당사는 전자금융업 의무사항으로 자금세탁방지법(AML) 법령에 준수하여 당사 내규에 따라 채용금지자에 해당하는 분은 채용확정 이후라도 채용이 취소될 수 있습니다.  직원 채용 시 개인 신용정보 확인을 통해 최종 입사를 확정합니다. 2차 면접 합격자에 한 해 동의서 작성 후, 개인 정보조회 예정. 신용점수에 영향 없음         "	['https://file1.jobkorea.co.kr/Mng/2026/3/kcp03_0306_0_1.jpg']	모집분야   기술지원   모집인원   1명   고용형태   정규직   (수습 3개월)   직급/직책      급여   회사 내규에 따름 (면접 후 결정)   근무시간   근무지주소   서울 구로구 디지털로26길 72  (구로동) NHN KCP   인근지하철   주5일(월~금)   09:00 ~ 18:00   탄력근무제	경력무관, 학력무관, 서울 구로구, 정규직, 주임~대리급	{'basic_info': {'산업': '솔루션·SI·CRM·ERP', '사원수': '450명 | ', '기업구분': '중견기업', '설립일': '1994.12.28 | (33년차)', '자본금': '- | ', '매출액': '1조1053억원 | ', '대표자': '박준석', '주요사업': '전자결제서비스(PG, VAN), PAYCO결제, O2O 결제 시스템, 글로벌전자상거래', '4대보험': '국민연금, 건강보험, 고용보험, 산재보험', '홈페이지': 'http://www.kcp.co.kr', '주소': '서울 구로구 디지털로26길 72 (구로동, NHNKCP) .'}, 'financial': {}, 'history': [], 'employment': {'recruitments': []}, 'benefits': {'연금·보험': ['국민연금', '고용보험', '산재보험', '건강보험', '퇴직연금'], '휴무·휴가·행사': ['연차제도', '월차제도', '경조휴가', '반차제도', '리프레시 휴가', '출산휴가', '노동절 휴무', '워크샵/MT', '반반차 제도', '자유로운 휴가문화', '주말 휴무'], '보상·수당·지원': ['경조금', '인센티브', '자녀교육비', '사내대출', '임직원 교육비', '자기개발 지원', '명절선물/명절상여', '복리후생 지원', '임직원 할인', '복지포인트', '장비 지원', '추천비 지원'], '사내제도·성장': ['리더쉽강화교육', '교육/세미나/스터디', '유연근무제', '자율복장', '칼퇴 권장'], '사내시설': ['휴식공간', '카페테리아', '사내정원', '주차장', '수면실', '여성전용휴게실', '수유실', '샤워실', '흡연공간', '장애인용 화장실', '건물내 경사로', '비상경보장치', '안마실/안마의자', '전용사옥', '탕비실', '사내카페'], '편의·여가·건강': ['사내 동호회', '건강검진', '점심 식사 지원', '휴양시설', '음료/간식 제공']}, 'location': {'address': '서울 구로구 디지털로26길 72 (구로동, NHNKCP) .', 'map_url': 'https://maps.naver.com/?mapMode=0&dlevel=12&pinTitle=%ec%97%94%ec%97%90%ec%9d%b4%ec%b9%98%ec%97%94%ec%bc%80%ec%9d%b4%ec%94%a8%ed%94%bc%e3%88%9c+&lat=37.4810030752292&lng=126.896540086237'}}	https://www.jobkorea.co.kr/Recruit/GI_Read_Comt_Ifrm?Gno=49359676	2026.07.31(금)채용 시 마감
베스트소프트	분당-sk 하이닉스 차세대 ERP /java,React/중고급 / 7월 또는 8월-2년	['개발']	"




베스트소프트


분당-sk 하이닉스 차세대 ERP /java,React/중고급 / 7월 또는 8월-2년




베스트소프트는 2022년에 설립된 회사로 자본금 1억원 사원수 10명 규모의 중소기업입니다. 서울 구로구 디지털로27길 36 (구로동, 이스페이스)에 위치하고 있으며, SI 및 SM 사업,웹관련 개발을 하고 있습니다.



모집분야
및 자격요건
모집분야 및 자격요건모집분야 담당업무 자격요건 모집인원  sk 하이닉스 차세대 ERP  구축(java,React)개발과제명 : SK하이닉스 차세대 ERP 구축기간 : 2026.07.01 / 2026.08.01 ~ 약 2년기술 : JAVA(풀스텍),REACT(3년 이상 경험자)장소 : 분당(정자)인원 : 00명등급 : 7년차이상딘가 : 중하 600  중상 640  고급 700 비고 : SK하이닉스 경험자 필oo명
ㆍ서류전형 > 1차면접 > 2차면접 > 임원면접 > 최종합격
ㆍ면접일정은 추후 통보됩니다.













유의사항
ㆍ허위사실이 발견될 경우 채용이 취소될 수 있습니다.









"	[]	모집분야   개발   모집인원   ○○명   고용형태   계약직   (근무기간 24개월)   ,    프리랜서   (근무기간 24개월)   급여   연봉 5,000~8,000만원 (면접 후 결정)   근무시간   근무지주소   서울 구로구 디지털로27길 36 (구로동, 이스페이스) 803호   인근지하철   주5일(월~금)   09:00 ~ 18:00	경력6년↑, 학력무관, 서울 구로구 외, 계약직 외, 5,000~8,000만원	{'basic_info': {'산업': '솔루션·SI·CRM·ERP', '사원수': '10명 | ', '기업구분': '중소기업', '설립일': '2022.08.01 | (5년차)', '자본금': '1억원 | ', '매출액': '- | ', '대표자': '최경옥', '주요사업': 'SI 및 SM 사업,웹관련 개발', '4대보험': '고용보험, 산재보험', '홈페이지': 'http://www.bestsoft.kr', '주소': '서울 구로구 디지털로27길 36 (구로동, 이스페이스) 803호'}, 'financial': {'기업등급': {'current_value': None}}, 'history': [], 'employment': {'recruitments': []}, 'benefits': {'휴무·휴가·행사': ['주5일제', '경조휴가']}, 'location': {'address': '서울 구로구 디지털로27길 36 (구로동, 이스페이스) 803호', 'map_url': 'https://maps.naver.com/?mapMode=0&dlevel=12&pinTitle=%eb%b2%a0%ec%8a%a4%ed%8a%b8%ec%86%8c%ed%94%84%ed%8a%b8&lat=37.4837502230414&lng=126.892576154387'}}	https://www.jobkorea.co.kr/Recruit/GI_Read_Comt_Ifrm?Gno=49348615	2026.07.10(금)
㈜렉스몬드	(주)렉스몬드 PHP 웹개발자 경력직 수시채용	['PHP', '웹개발자']	"






        (주)렉스몬드 PHP 웹개발자 경력직 수시채용
      
■ 시스템개발팀 웹개발자

        ‘프리미엄 커머스의 새로운 기준’, 렉스몬드(REXMONDE)의 시스템개발팀은 렉스몬드의 성장의 축이었고, 내일의 발전을 위한 기본 틀을 구축하는 시스템 개발 업무를 총괄하는 부서입니다. 이미 업계 최고 수준의 관리 시스템을 구축하고 있지만, 당사에서는 설립 이래 쌓아온 노하우를 바탕으로 물류센터를 통합하여 누구나 쉽게 접근해 일할 수 있는 더 효율적인 시스템 구축을 위해 전사적인 노력을 기울이고 있습니다. 렉스몬드는 변화를 두려워하지 않고, 끊임없는 자기 혁신을 통해 성장하는 회사입니다. 본인의 의욕과 능력만 있으면 그에 맞는 충분한 대우를 약속드립니다. 자신의 능력을 마음껏 펼칠 수 있는 시스템개발팀에서 회사와 함께 성장하고 싶은 인재는 언제든지 지원해주시기 바랍니다.

근무조건
- 연봉: 면접 후 결정
- 근무지역: ㈜렉스몬드 서울 본사 사무실 (서울시 중구 퇴계로 307 광희빌딩 15층)
- 근무시간: 08:30 ~ 17:30 (주 5일 근무)
- 수습 3개월(급여 100% 지급) 후 정직원 전환 여부 결정

업무내용
- 렉스몬드 쇼핑몰 사이트 및 관리자 시스템 개발/유지보수
- Front-End 또는 Back-End 프로그램 개발
- 업무 시스템 프로세스 개선
- 레거시 코드 리팩토링



자격요건 및 필요역량
■ 기본 자격
- 학력무관
- PHP 경력 2년이상
- 해외여행에 결격사유가 없는 분
■ 직무 역량
- LAMP 기반의 개발 경험
- javascript / jQuery 개발 경험
- Laravel Framework 기반의 웹어플리케이션 개발 이해
- 검색엔진 ElasticSearch 활용 능력
- Git / GitLab 경험
■ 우대사항
- 대규모 서비스를 위한 서버 및 서비스 운영 경험이 있으신 분
- 대용량 데이터베이스 튜닝 경험이 있으신 분
- RDBMS 테이블 설계 및 MySQL에 대한 실무 경험이 있으신 분 (쿼리 작성 및 배치 작업)
- 쇼핑몰 서비스에 대한 빠른 습득과 이해도가 좋으신 분
- 오류에 경각심을 가지고 이슈 및 장애 발생 시 유연하게 해결할 수 있는 분
- 커뮤니케이션 능력 및 원만한 대인관계 형성 능력이 있으신 분
■ 기타사항
- 서류 합격자는 수시로 면접을 진행합니다.
- 수습 기간은 3개월(급여 100%지급)이고 수습 기간 종료 시 근무에 대한 평가가 이루어지며, 그 결과에 따라 정직원 채용이 결정됩니다.
- 근무 기간 중 특별한 결격 사유나 업무 관련 문제가 발생하지 않고, 평가에서 좋은 점수를 받는다면 정직원으로 전환이 될 수 있습니다.
- 입사지원서는 반드시 본인이 직접 작성해야 하며, 허위 기재 시 합격이 취소될 수 있습니다.
- 합격 여부는 입사지원서에 등록된 휴대폰 문자 또는 E-mail로 안내드립니다.
- 채용 관련 문의는 홈페이지 하단 ‘인재채용’ 페이지 내 채용문의 게시판을 통해 접수해 주시기 바랍니다.
- 면접 참석 관련 증빙서류가 필요한 경우 사전에 요청해 주시기 바랍니다.


입사절차


채용일정
26년 6월 11일(목)부터 6월 22일(월) 24시까지

제출서류
- 이력서 및 자기소개서 (온라인 지원)
- 기타 증빙서류는 최종 합격 후 제출

각종 복지 제도
각종 복지 제도 바로가기


회사소개
[프리미엄 커머스의 새로운 기준, 렉스몬드]
- 렉스몬드(REXMONDE)는 해외 명품 패션 및 스포츠, 아웃도어 상품을 판매하는 온라인 커머스 기업입니다.
- 100% 직매입 기반으로 모든 상품을 직접 관리하며, 전문 MD의 검수를 통해 100% 정품만을 판매하고 있습니다.
- 상품의 보관, 검수, 배송, A/S까지 전 과정을 내부에서 책임지고 운영하여 높은 신뢰도를 확보하고 있습니다.
- 업무의 시스템화를 통해 효율적인 운영 구조를 구축하고 있으며,   이를 바탕으로 가격 경쟁력과 안정적인 수익 구조를 동시에 실현하고 있습니다.
- 정직한 경영을 기반으로 꾸준한 성장을 이어가며, 변화에 빠르게 대응하는 실행력 있는 조직으로 지속적으로 발전하고 있습니다.
연혁

          렉스몬드(REXMONDE)는 2000년 설립된 ‘오케이아웃도어닷컴’을 시작으로, 상품의 가격 거품을 줄인 합리적인 판매와 신뢰 기반의 고객 서비스를 통해 업계 1위로 성장해온 기업입니다. 이후 2014년 ‘오케이몰(okmall)’로 사명을 변경하며 명품 패션, 아웃도어, 라이프스타일 상품을 아우르는 온라인 종합 쇼핑몰로 확장하였으며, 2026년 렉스몬드(REXMONDE)로 사명을 변경하여 프리미엄 커머스의 새로운 기준을 만들어가고 있습니다.
        
- 2026.03 렉스몬드(REXMONDE) 사명 변경
- 2022.12 매출 3,000억 돌파
- 2022.10 알리바바 티몰 글로벌과 파트너십 체결
- 2020.12 매출 2,000억 돌파
- 2019.01 중견기업 전환
- 2016.12 매출 1,000억 달성
- 2014.08 오케이몰 사명 및 도메인 변경
- 2010.03 장성덕 대표 저서 ‘오케이아웃도어닷컴에 OK는 없다’ 출간
- 2000.08 오케이아웃도어닷컴 설립

언론보도 및 수상내역
언론보도 및 수상내역을 통해 렉스몬드에 대한 더 많은 정보를 확인하실 수 있습니다.

언론보도 및 수상내역 바로가기


채용서류 반환에 관한 고지
- 이 고지는 「채용절차의 공정화에 관한 법률」 제11조 제5항에 따른 것으로, 최종합격자를 제외한 구직자를 대상으로 기제출한 채용서류를 반환받을 수 있습니다.
- 당사 채용에 응시한 구직자 중 최종합격이 되지 못한 구직자는 불합격 통지를 받은 날로부터 180일 내에 제출한 채용서류의 반환을 청구할 수 있음을 알려드립니다. 다만, 홈페이지 또는 전자우편으로 제출된 경우나 구직자가 당사의 요구 없이 자발적으로 제출한 경우에는 그러하지 아니하며, 천재지변이나 그 밖에 당사에게 책임 없는 사유로 채용서류가 멸실된 경우에는 반환한 것으로 봅니다.
- 채용서류 반환 청구를 하려는 구직자는 채용서류 반환청구서[채용절차의 공정화에 관한 법률 시행규칙 별지 제3호 서식]를 작성하여 이메일 recruit@rexmonde.com로 제출하면, 제출이 확인된 날로부터 14일 이내에 지정한 주소지로 등기우편을 통하여 발송해 드립니다. 이 경우 등기우편요금은 수신자 부담으로 하게 되오니 유념하시기 바랍니다.
- 당사는 구직자의 반환 청구에 대비하여 불합격 통지를 한 날로부터 180일 간 채용서류를 보관하게 되며, 그때까지 채용서류의 반환을 청구하지 아니할 경우에는 「개인정보 보호법」에 따라 지체 없이 채용서류 일체를 파기할 예정입니다.

접수방법
잡코리아 지원, 렉스몬드 홈페이지 지원 가능

홈페이지 입사 지원하기
 "	['//file2.jobkorea.co.kr/Net/Mng/DownImage/CorpEditor?file_No=1754071', '//file2.jobkorea.co.kr/Net/Mng/DownImage/CorpEditor?file_No=1754069', '//file2.jobkorea.co.kr/Net/Mng/DownImage/CorpEditor?file_No=1754070']	모집분야   PHP 웹개발자   모집인원   ○명   고용형태   정규직   (수습 3개월)   급여   회사 내규에 따름 (면접 후 결정)   근무시간   근무지주소   서울 중구 퇴계로 307 (광희동1가, 광희빌딩) 15층 렉스몬드   인근지하철   주5일(월~금)   08:30 ~ 17:30	경력2년↑, 학력무관, 서울 중구, 정규직	{'basic_info': {'산업': '쇼핑몰·오픈마켓·소셜커머스', '사원수': '140명 | ', '기업구분': '중견기업', '설립일': '2000.08.01 | (27년차)', '매출액': '2,205억 | ', '대표자': '장성덕', '주요사업': '온라인 쇼핑몰', '4대보험': '국민연금, 건강보험, 고용보험, 산재보험', '홈페이지': 'https://www.rexmonde.com', '주소': '서울 중구 퇴계로 307 (광희동1가, 광희빌딩) 15층'}, 'financial': {}, 'history': [], 'employment': {'recruitments': []}, 'benefits': {'연금·보험': ['국민연금', '고용보험', '산재보험', '건강보험', '퇴직연금'], '휴무·휴가·행사': ['주5일제', '연차제도', '경조휴가', '반차제도', '리프레시 휴가', '육아휴직', '남성출산휴가', '보건휴가', '반반차 제도'], '보상·수당·지원': ['경조금', '자녀교육비', '장기근속 포상', '야간근로수당', '휴일근로수당', '주차 지원', '성과급', '우리사주제도', '문화생활 지원', '임직원 할인', '복지포인트'], '사내시설': ['휴식공간', '카페테리아', '안마실/안마의자', '쾌적한 업무공간'], '편의·여가·건강': ['건강검진', '저녁 식사 지원', '아침 식사 지원', '휴양시설', '음료/간식 제공']}, 'location': {'address': '서울 중구 퇴계로 307 (광희동1가, 광희빌딩) 15층', 'map_url': 'https://maps.naver.com/?mapMode=0&dlevel=12&pinTitle=%e3%88%9c%eb%a0%89%ec%8a%a4%eb%aa%ac%eb%93%9c&lat=37.564346313982&lng=127.005719626356'}}	https://www.jobkorea.co.kr/Recruit/GI_Read_Comt_Ifrm?Gno=49359286	2026.06.22(월) 23시 50분
㈜디투이노베이션	JAVA/JSP 웹개발자 모집(경찰청 상주)	['JAVA/JSP', '웹프로그래밍']	"




㈜디투이노베이션


JAVA/JSP SI 웹개발자 모집(경찰청 상주)




㈜디투이노베이션은 2007년에 설립된 회사로 자본금 3억원, 매출액 120억, 사원수 35명 규모의 고용노동부에서 선정한  강소기업입니다.  경기 성남시 수정구 창업로 43 (시흥동)에 위치하고 있으며, 소프트웨어 개발 및 판매, 공공 및 국방 SI 프로젝트 수행사업을 하고 있습니다.







포지션 및 자격요건







JAVA/JSP 웹프로그래밍 ( ○명 ) 







담당업무
ㆍ경찰청 신규 사업 개발 및 유지보수
ㆍ자바, 리눅스, 전자정보프레임웍, 모바일 등 가능한 기술 표현 요망

스킬
ㆍJAVA, JPA, JSP, AI툴, 리눅스 등

핵심역량

                                                                ㆍ
                                                                        성실성,
 꼼꼼함,
 윤리의식,
계획성, 성취지향성
                                                            

자격요건
ㆍ학력 : 학력무관ㆍ고용 : 정규직
ㆍ경력 : 경력2년↑ SI 경험자

우대사항
ㆍ관련 자격증 보유자
ㆍ장기근무 가능자
ㆍ인공지능 업무 스킬ㆍGIS 관련 경험자ㆍ풀스택ㆍ자격증 : 정보처리기사※ 반드시 희망연봉을 기재 부탁드립니다.



















전형절차
ㆍ서류전형 > 1차면접 > 2차면접 > 임원면접 > 최종합격
ㆍ면접일정은 추후 통보됩니다.













유의사항
ㆍ허위사실이 발견될 경우 채용이 취소될 수 있습니다.









"	[]	모집분야   JAVA/JSP 웹프로그래밍   모집인원   ○명   고용형태   정규직      직급/직책      급여   회사 내규에 따름 (면접 후 결정)   근무시간   근무지주소   서울 서대문구 통일로 97 (미근동, 경찰청)    인근지하철   주5일(월~금)   09:00 ~ 18:00   탄력근무제	경력2년↑, 학력무관, 서울 서대문구, 정규직	{'basic_info': {'산업': '솔루션·SI·CRM·ERP', '사원수': '35명 | ', '기업구분': '중소기업', '설립일': '2007.09.07 | (20년차)', '자본금': '3억원 | ', '매출액': '120억 | ', '대표자': '안지환', '주요사업': '소프트웨어 개발 및 판매, 공공 및 국방 SI 프로젝트 수행', '4대보험': '국민연금, 건강보험, 고용보험, 산재보험', '홈페이지': 'http://www.d2innovation.co.kr', '주소': '경기 성남시 수정구 창업로 43 (시흥동) A-811호, A-812호, A-813호(판교글로벌비즈센터)'}, 'financial': {}, 'history': [], 'employment': {'recruitments': []}, 'benefits': {'연금·보험': ['국민연금', '고용보험', '산재보험', '건강보험', '퇴직연금'], '휴무·휴가·행사': ['주5일제', '연차제도', '월차제도', '정기휴가', '경조휴가', '반차제도', '출산휴가', '육아휴직', '창립일 휴무', '노동절 휴무', '워크샵/MT', '공휴일 휴무', '반반차 제도', '생일 이벤트', '자유로운 휴가문화', '주말 휴무', '패밀리데이'], '보상·수당·지원': ['퇴직금', '경조금', '인센티브', '사내대출', '장기근속 포상', '우수사원 포상제도', '임직원 교육비', '자기개발 지원', '명절선물/명절상여', '주차 지원', '야간교통비 지급', '도서 구입비 지원', '헬스비', '복리후생 지원', '교통비', '상여금', '연차수당', '업무활동비 지원'], '사내제도·성장': ['자율복장', '주40시간'], '사내시설': ['기숙사 지원', '숙소 지원', '휴식공간', '흡연공간', '쾌적한 업무공간', '탕비실'], '편의·여가·건강': ['출퇴근 셔틀버스', '휴양시설', '음료/간식 제공']}, 'location': {'address': '경기 성남시 수정구 창업로 43 (시흥동) A-811호, A-812호, A-813호(판교글로벌비즈센터)', 'map_url': 'https://maps.naver.com/?mapMode=0&dlevel=12&pinTitle=%e3%88%9c%eb%94%94%ed%88%ac%ec%9d%b4%eb%85%b8%eb%b2%a0%ec%9d%b4%ec%85%98&lat=37.4117300323466&lng=127.096066219478'}}	https://www.jobkorea.co.kr/Recruit/GI_Read_Comt_Ifrm?Gno=49359250	2026.07.11(토)채용 시 마감
㈜디피플래닝	디피플래닝 AI 서비스 개발자 (팀장급) 모집	['AI', '서비스', '개발자']		['//file2.jobkorea.co.kr/Net/Mng/DownImage/CorpEditor?file_No=1754053']	모집분야   AI 서비스 개발자   모집인원   ○명   고용형태   정규직   (수습 6개월)   ,    계약직   (근무기간 1년, 정규직 전환 가능)   직급/직책   급여   회사 내규에 따름 (면접 후 결정)   근무시간   근무지주소   서울 구로구 디지털로 272 (구로동, 한신아이티타워) 1007호   인근지하철   주5일(월~금)   09:30 ~ 18:30   화요일 19시, 금요일 18시 퇴근	경력3년↑, 학력무관, 서울 구로구, 정규직 외, 과장~차장급	{'basic_info': {'산업': '광고·홍보·전시', '사원수': '10명 | ', '기업구분': '중소기업', '설립일': '2020.07.09 | (7년차)', '대표자': '이지원', '주요사업': '광고 대행', '4대보험': '국민연금, 건강보험, 고용보험, 산재보험', '홈페이지': '-', '주소': '서울 구로구 디지털로 272 (구로동, 한신아이티타워) 1007호'}, 'financial': {}, 'history': [], 'employment': {'recruitments': []}, 'benefits': {'연금·보험': ['국민연금', '고용보험', '산재보험', '건강보험'], '휴무·휴가·행사': ['주5일제', '연차제도'], '보상·수당·지원': ['퇴직금', '인센티브'], '사내제도·성장': ['신입 사원 교육'], '사내시설': ['카페테리아']}, 'location': {'address': '서울 구로구 디지털로 272 (구로동, 한신아이티타워) 1007호', 'map_url': 'https://maps.naver.com/?mapMode=0&dlevel=12&pinTitle=%e3%88%9c%eb%94%94%ed%94%bc%ed%94%8c%eb%9e%98%eb%8b%9d&lat=37.4824969688222&lng=126.894415048896'}}	https://www.jobkorea.co.kr/Recruit/GI_Read_Comt_Ifrm?Gno=49359205	상시채용
㈜핸드위치(HANDWICH)	Java 기업 WebCMS 개발 프리랜서 채용	['기업', 'WebCMS', '개발', '프리랜서']	"




㈜핸드위치(HANDWICH)


기업 WebCMS  개발 프리랜서 채용


포지션 ( 0명 ) 







담당업무
ㆍ기업 WebCMS 개발 프로젝트ㆍJava, Jsp 개발 (이니텍 IB25)스킬  ㆍ필수 : Java, WebCMS or 스크래핑 솔루션 경험
자격요건
ㆍ학력 : 학력무관ㆍ인원 : 고급 : PL 1명              고급, 중급 : 분석,설계,개발 4명             기간ㆍ26년 8월 ~ 27년 3월말근무지ㆍ잠실



















전형절차
ㆍ서류전형 > 1차면접 > 최종합격
ㆍ면접일정은 추후 통보됩니다.













유의사항
ㆍ허위사실이 발견될 경우 채용이 취소될 수 있습니다.









"	[]	모집분야   기업 WebCMS 개발 프리랜서   모집인원   ○명   고용형태   프리랜서   (근무기간 8개월)   직급/직책   급여   월급 600~770만원 (면접 후 결정)   근무시간   근무지주소   서울 송파구 올림픽로35길 112 (신천동, 장미아파트비상가)    인근지하철   주5일(월~금)   09:00 ~ 18:00	경력7년↑, 학력무관, 서울 송파구, 프리랜서, 600~770만원(월), 과장~차장급 외	{'basic_info': {'산업': '솔루션·SI·CRM·ERP', '사원수': '20명 | ', '기업구분': '중소기업', '설립일': '2020.03.30 | (7년차)', '자본금': '- | ', '매출액': '- | ', '대표자': '한동욱', '주요사업': '마이데이터 구축 사업, 대기업 및 공공기관, 금융권 채널 등 SI, SM', '4대보험': '국민연금, 건강보험, 고용보험, 산재보험', '홈페이지': 'https://www.handwich.co.kr', '주소': '서울 마포구 토정로 254 (용강동) 2층'}, 'financial': {}, 'history': [], 'employment': {'recruitments': []}, 'benefits': {}, 'location': {'address': '서울 마포구 토정로 254 (용강동) 2층', 'map_url': 'https://maps.naver.com/?mapMode=0&dlevel=12&pinTitle=%e3%88%9c%ed%95%b8%eb%93%9c%ec%9c%84%ec%b9%98(HANDWICH)&lat=37.5432084265209&lng=126.938511497288'}}	https://www.jobkorea.co.kr/Recruit/GI_Read_Comt_Ifrm?Gno=49358941	2026.07.11(토)
이니넥스트㈜	여의도 금융권 IT 운영업무 (모바일사업부분) 프리랜서 구인	['JAVA개발']	"




이니넥스트㈜


금융권 IT운영업무 모바일사업부분(프리랜서 채용)




이니넥스트㈜는 2025년에 설립된 회사로 자본금 200억원, 매출액 24억23백만, 사원수 33명 규모의 중소기업입니다. 서울 구로구 디지털로26길 61 (구로동, 에이스하이엔드타워2차)에 위치하고 있으며, 소프트웨어개발, 정보처리및 제공기술사업을 하고 있습니다.







포지션 및 자격요건







JAVA 초급 1명 ( 1명 ) 







근무장소여의도 기간7월초 투입 예정  (투입후 연단위 계약 연장 예정 )담당업무리브모바일 사업부 운영업무

자격요건통신사 개발 업무 경험자 금융권 업무 경험자 3년 이상 개발업무 경험자 - 스킬 언어: JAVA , Mysql ,JAVAScript화면 : jsp툴 : intellij  , Eclipse , sqllog , spring **지원시 프로필 같이 첨부 부탁드립니다. 



















전형절차
ㆍ서류전형 > 1차면접 >  최종합격
ㆍ면접일정은 추후 통보됩니다.













유의사항
ㆍ허위사실이 발견될 경우 채용이 취소될 수 있습니다.









"	[]	모집분야   JAVA개발   모집인원   1명   고용형태   프리랜서      급여   회사 내규에 따름 (면접 후 결정)   근무시간   근무지주소   서울 구로구 디지털로26길 61 (구로동, 에이스하이엔드타워2차) 11층 1104호   인근지하철   주5일(월~금)   09:00 ~ 18:00	경력무관, 학력무관, 서울 구로구, 프리랜서	{'basic_info': {'산업': '시스템 소프트웨어 개발 및 공급업', '사원수': '33명 | ', '기업구분': '중소기업', '설립일': '2025.09.17 | (2년차)', '자본금': '200억원 | ', '매출액': '24억23백만 | ', '대표자': '김철균', '주요사업': '소프트웨어 개발,정보 처리,제공기술', '4대보험': '국민연금, 건강보험, 고용보험, 산재보험', '홈페이지': 'https://www.ininext.com/html/index.html', '주소': '서울 구로구 디지털로26길 61 (구로동, 에이스하이엔드타워2차) 11층 1104호', '계열사': '이니텍그룹 이니텍(주) (주)케이클원 (주)쉴드시스템 (주)제노바'}, 'financial': {'기업등급': {'current_value': None}}, 'history': [], 'employment': {'recruitments': []}, 'benefits': {'연금·보험': ['국민연금', '고용보험', '산재보험', '건강보험', '퇴직연금'], '휴무·휴가·행사': ['주5일제', '연차제도', '월차제도', '경조휴가', '반차제도', '리프레시 휴가', '출산휴가', '남성출산휴가', '노동절 휴무', '공휴일 휴무', '다양한 휴가제도', '주말 휴무'], '보상·수당·지원': ['경조금', '장기근속 포상', '우수사원 포상제도', '자기개발 지원', '야간근로수당', '휴일근로수당', '직책수당', '명절선물/명절상여', '야간교통비 지급', '도서 구입비 지원', '보육수당', '복리후생 지원', '통신비', '연장근로수당', '우수사원 보상제도', '육아수당'], '사내제도·성장': ['유연근무제', '자율복장', '주52시간'], '사내시설': ['안마실/안마의자'], '편의·여가·건강': ['점심 식사 지원', '식사 지원', '음료/간식 제공']}, 'location': {'address': '서울 구로구 디지털로26길 61 (구로동, 에이스하이엔드타워2차) 11층 1104호', 'map_url': 'https://maps.naver.com/?mapMode=0&dlevel=12&pinTitle=%ec%9d%b4%eb%8b%88%eb%84%a5%ec%8a%a4%ed%8a%b8%e3%88%9c&lat=37.481135707697&lng=126.895305715595'}}	https://www.jobkorea.co.kr/Recruit/GI_Read_Comt_Ifrm?Gno=49358698	2026.07.11(토)
㈜아이티에스피	함께할 백엔드 개발자를 찾습니다.	['백엔드', '개발자']	"











저희 아이티에스피회사는 아래와 같은 분을 찾고 있어요. 










01. 담당업무
                                                    React와 Spring으로 구성되어있는 전반적인 시스템에서 추가 개발을 진행해요.





02. 스킬




필수TypeScript, React, Vite, Java, Spring Boot, MySQL, Redis업무에 필수적으로 사용되는 스킬은 위와 같아요.우대 : Android 웹앱 연결 경험해당 프로젝트가 안드로이드와 연결하는 부분이 있어서안드로이드 웹앱 경험이 있으신 분이면 더 좋아요.



03. 자격요건




학력 : 학력무관



경력 : 경력1년 이상













전형절차는 다음과 같아요.







 






















서류전형 > 1차면접 > 최종합격



면접일정은 지원하시면 전화 혹은 문자드릴게요.













                                                                                                
㈜아이티에스피 (ITSP)   2005년에 설립된 IT 전문기업으로, 현재 20명의 멋진 동료들과 함께 성장하고 있어요.  자본금 5,000만원, 연 매출 10억 원 규모의 안정적인 중소기업이예요.  저희는 다양한 SI(시스템 통합) 사업을 중심으로 혁신적인 IT 솔루션을 제공하고 있어요.  든든한 팀워크와 함께, 더 나은 가치를 만들어가고 싶은 분들을 기다리고 있어요.






유의사항



허위사실이 발견될 경우 채용이 취소될 수 있습니다.
















 "	['//file2.jobkorea.co.kr/Net/Mng/DownImage/CorpEditor?file_No=1596976']	모집분야   백엔드 개발자   모집인원   ○명   고용형태   정규직      ,    프리랜서   (정규직 전환 가능)   급여   연봉 3,500~5,000만원   근무시간   근무지주소   서울 강서구 마곡중앙10로 10  (마곡동)    인근지하철   주5일(월~금)   09:00 ~ 18:00	경력1년↑, 대졸↑, 서울 강서구, 정규직 외, 3,500~5,000만원	{'basic_info': {'산업': '솔루션·SI·CRM·ERP', '사원수': '20명 | ', '기업구분': '중소기업', '설립일': '2005.12.27 | (22년차)', '자본금': '5,000만원 | ', '매출액': '10억 | ', '대표자': '유우현', '주요사업': 'SI', '4대보험': '국민연금, 건강보험, 고용보험, 산재보험', '홈페이지': 'http://www.itsp.co.kr', '주소': '서울 영등포구 문래동6가 24-1 에이스하이테크시티2차 811호'}, 'financial': {'매출액': {'current_value': '17억 3백만원'}, '영업이익': {'current_value': '1억 1,499만원'}, '당기순이익': {'current_value': '8,630만원'}, '산업 내 위치': {'current_value': None}, '기업등급': {'current_value': None}, '총자산 증가율': {'current_value': '12억 6천만원'}}, 'history': [], 'employment': {'recruitments': []}, 'benefits': {'연금·보험': ['국민연금', '고용보험', '산재보험', '건강보험'], '휴무·휴가·행사': ['연차제도', '월차제도', '정기휴가'], '보상·수당·지원': ['경조금', '임직원 교육비', '야간교통비 지급'], '편의·여가·건강': ['저녁 식사 지원']}, 'location': {'address': '서울 영등포구 문래동6가 24-1 에이스하이테크시티2차 811호', 'map_url': 'https://maps.naver.com/?mapMode=0&dlevel=12&pinTitle=%e3%88%9c%ec%95%84%ec%9d%b4%ed%8b%b0%ec%97%90%ec%8a%a4%ed%94%bc&lat=37.5190722066069&lng=126.885979605682'}}	https://www.jobkorea.co.kr/Recruit/GI_Read_Comt_Ifrm?Gno=49358627	2026.07.11(토)
엠아이큐브솔루션㈜	[엠아이큐브솔루션] 웹 개발자 채용 (MES)	['웹개발자']	  	['//file2.jobkorea.co.kr/Net/Mng/DownImage/CorpEditor?file_No=1753895']	모집분야   웹개발자   모집인원   ○명   고용형태   정규직   (수습 3개월)   급여   회사 내규에 따름 (면접 후 결정)   근무시간   근무지주소   서울 서초구 효령로55길 23 (서초동, 동산빌딩) 2~6층   인근지하철   주5일(월~금)   09:00 ~ 18:00	경력4년↑, 학력무관, 서울 서초구, 정규직	{'basic_info': {'산업': '솔루션·SI·CRM·ERP', '사원수': '279명 | ', '기업구분': '중소기업', '설립일': '2005.08.22 | (22년차)', '자본금': '5억원 | ', '매출액': '296억 | ', '대표자': '박문원, 조영택', '주요사업': '소프트웨어개발 및 자문', '4대보험': '국민연금, 건강보험, 고용보험, 산재보험', '홈페이지': 'http://micube.co.kr', '주소': '서울 서초구 효령로55길 23 (서초동, 동산빌딩) 2~6층', '계열사': '에스피시스템스그룹 (주)에스피시스템스 (주)에스피디앤알'}, 'financial': {'사업분석': {'current_value': None}, '매출액': {'current_value': '256억 2천만원'}, '영업이익': {'current_value': '8억 8,592만원'}, '당기순이익': {'current_value': '16억 3천만원'}, '산업 내 위치': {'current_value': None}, '기업등급': {'current_value': None}, '동종업계 순위': {'current_value': None}}, 'history': [], 'employment': {'recruitments': []}, 'benefits': {'연금·보험': ['퇴직연금', '상해보험'], '휴무·휴가·행사': ['주5일제', '연차제도', '경조휴가', '반차제도', '포상휴가', '출산휴가', '육아휴직', '보건휴가', '노동절 휴무', '창립일 행사', '워크샵/MT'], '보상·수당·지원': ['경조금', '인센티브', '자녀교육비', '장기근속 포상', '우수사원 포상제도', '임직원 교육비', '명절선물/명절상여', '야간교통비 지급', '복리후생 지원'], '사내제도·성장': ['자격증취득지원', '유연근무제'], '사내시설': ['휴식공간'], '편의·여가·건강': ['사내 동호회']}, 'location': {'address': '서울 서초구 효령로55길 23 (서초동, 동산빌딩) 2~6층', 'map_url': 'https://maps.naver.com/?mapMode=0&dlevel=12&pinTitle=%ec%97%a0%ec%95%84%ec%9d%b4%ed%81%90%eb%b8%8c%ec%86%94%eb%a3%a8%ec%85%98%e3%88%9c&lat=37.4858365711888&lng=127.01416743218'}}	https://www.jobkorea.co.kr/Recruit/GI_Read_Comt_Ifrm?Gno=49358586	2026.07.11(토)
㈜트인시스템즈	[모집] JAVA 내부 SI 개발/운영-(풀스택-Vue.js&Spring Boot)- 마곡나루역	['JAVA', 'SI', '개발/운영-', '풀스택', '-', '중고급']	        ㈜트인시스템즈 [ 2024년 5월 ~ 7월 직원 모집 ] 웹/모바일 퍼블리셔 [을지로입구역] JAVA SM 운영자 [마곡나루역]      ㈜트인시스템즈는 1993년에 설립된 회사로 자본금 1억원, 매출액 50억, 사원수 50명 규모의 고용노동부에서선정한 강소기업입니다. 서울 강남구 테헤란로28길11 (역삼동)에 위치하고 있으며, 컴퓨터 및 장비 판매/유지보수사업을하고 있습니다.     모집분야 및 자격요건   모집분야 및 자격요건 정보   모집분야 담당업무 자격요건 모집인원     JAVA 내부 SI 개발/운영- 중고급  -(마곡나루역 인근)JAVA 내부 SI 개발/운영- 고객사 내부 업무 시스템 개발/운영  (Full Stack 개발/운영)   Springboot , Vue.js  (26/7월  ~  약5개월) * 투입 일시 조정 가능 [자격요건]학력 : 학력무관경력 : 6년 이상~          대리 ~ 과장급 (중고급)필수 : 풀스택  (Spring Boot, Vue.js)DB 이해 및 SQL 구사능력(Maria DB, MySql) [필수 및 우대사항]개발 마지막 Pitch를 올리고 있어서,  실력 있고, 소통 원할하고, 열심히 하실 분만 지원하시면 좋겠습니다. * 추후 재계약 또는 운영업무 이동희망자 우대3 명(채용중)              근무조건   [JAVA 내부 SI 개발/운영 - 중고급 마곡나루역 ]( 고객사 내부 업무 시스템 개발/운영 ) 근무지 : 서울 마포 강서구 마곡동 762 [9호선 마곡나루역, 공항철도 마곡나루역에서 10분내 거리] 근무요일 : 주5일휴일 : 1개월 만근 시, 익월에 1일 휴가 근무시간 : 09:00~18:00식사 : 본인 부담 기자재 : 본인 지참근무형태 : 프리랜서 (26/7월 ~  5개월)  * 투입일시 조정 가능* 이후 6개월단위 재계약* 추후 재계약 및 계속 근무 가능한 분만 지원하세요.             전형절차          서류전형    1차 면접(다대다 면접)  2차 최종 인터뷰    * 면접일정은 추후 통보됩니다.     유의사항   허위사실이 발견될 경우 채용이 취소될 수 있습니다. 채용 확정 전, 이력서에 기재된 관련 경력 자료 및 학력/자격증 관련 자료를 제출하여야 합니다.  채용되는 정규직은 채용 확정시 신원보증보험 가입 필수입니다.            	[]	모집분야   JAVA SI  개발/운영- 풀스택 - 중고급   모집인원   4명   고용형태   프리랜서   (근무기간 5개월)   급여   회사 내규에 따름 (면접 후 결정)   근무시간   근무지주소   서울 강서구 마곡동 762   인근지하철   주5일(월~금)   09:00 ~ 18:00	경력6년↑, 학력무관, 서울 강서구, 프리랜서	{'basic_info': {'산업': '응용 소프트웨어 개발 및 공급업', '사원수': '18명 | (2026.04.09)', '기업구분': '중소기업', '설립일': '1993.10.15 | (34년차)', '자본금': '1억원 | (2025.12.31)', '매출액': '41억 7백만원 | (2025.12.31)', '대표자': '오성국', '주요사업': '소프트웨어 개발,자문/컴퓨터시스템통합 자문,구축/의료기기 도소매,무역,통신판매/컴퓨터,컴퓨터주변기기 제조,도소매', '4대보험': '국민연금, 건강보험, 고용보험, 산재보험', '홈페이지': 'http://www.opensys.co.kr', '주소': '서울 강남구 테헤란로28길 11 (역삼동) 성보빌딩 7층'}, 'financial': {'매출액': {'current_value': '41억 7백만원'}, '영업이익': {'current_value': '-4,225만원'}, '당기순이익': {'current_value': '7,812만원'}, '산업 내 위치': {'current_value': None}, '기업등급': {'current_value': None}, '총자산 증가율': {'current_value': '41억 6천만원'}}, 'history': [{'year': '2013', 'month': '08', 'events': ['사업목적에 의료기기판매업 추가']}, {'year': '2011', 'month': '08', 'events': ['기업부설연구소 인정']}, {'year': '2007', 'month': '02', 'events': ['사업목적에 통신판매업 추가']}, {'year': '2005', 'month': '12', 'events': ['서울시 강남구 역삼동 770-1 챨스770빌딩 3층으로 사업장 이전']}, {'year': '2004', 'month': '02', 'events': ['서울시 강남구 역삼동 733-6 레베누보빌딩 5층으로 사업장 이전']}, {'year': '2003', 'month': '09', 'events': ['동아오츠카(주) 협력업체 등록']}, {'year': '2003', 'month': '04', 'events': ['델컴퓨터(주) 협력업체, 대림아이앤에스(주) 협력업체 등록']}, {'year': '2003', 'month': '03', 'events': ['대표이사 오성철 사임 및 대표이사 오성국 취임']}, {'year': '1998', 'month': '05', 'events': ['벤처기업 지정']}, {'year': '1997', 'month': '03', 'events': ['사업목적에 정보통신시스템에 관련된 하드웨어 개발 추가']}, {'year': '1994', 'month': '12', 'events': ['병역특례기관지정']}, {'year': '1994', 'month': '07', 'events': ['(주)트인시스템즈 부설연구소 설립']}, {'year': '1993', 'month': '10', 'events': ['(주)트인시스템즈로 설립']}, {'year': '1989', 'month': '02', 'events': ['엠아이코리아 창업']}], 'employment': {'recruitments': []}, 'benefits': {'휴무·휴가·행사': ['월차제도']}, 'location': {'address': '서울 강남구 테헤란로28길 11 (역삼동) 성보빌딩 7층', 'map_url': 'https://maps.naver.com/?mapMode=0&dlevel=12&pinTitle=%e3%88%9c%ed%8a%b8%ec%9d%b8%ec%8b%9c%ec%8a%a4%ed%85%9c%ec%a6%88&lat=37.5004675768928&lng=127.039059892938'}}	https://www.jobkorea.co.kr/Recruit/GI_Read_Comt_Ifrm?Gno=49358580	2026.06.22(월)
㈜굿씽크	[[[분당/7월부터/React와 하이닉스경험자/ 고급10분/1년]]]	['자바', 'react', 'vue', '리엑트']	"




㈜굿씽크

[[[분당/7월부터/React와 하이닉스경험자/ 고급10분/1년]]]












포지션 및 자격요건







포지션 ( 고급10명 ) 


<ooooo React 개발 프로젝트>기간 : 7월1일부터 ~ 27년 7월31까지장소 : 분당기술 : React 코딩만 + 하이닉스 경험 필수 HCP경험필수. 플스텍경험 필수,              조건 맞는분만 지원받음,등급 : 고급10명-단가 : 3.3% 계약직 고급(670만원)   아래 이메일로 경력서 주시면 신속히 처리 됩니다.  jon@dareun.co.kr자격요건
ㆍ학력 : 전문대 2년 이상.

우대사항
ㆍ상세내용을 입력하세요
ㆍ상세내용을 입력하세요



















전형절차
ㆍ서류전형 > 1차면접  > 최종합격
ㆍ면접일정은 추후 통보됩니다.













유의사항
ㆍ허위사실이 발견될 경우 채용이 취소될 수 있습니다.









"	[]	모집분야   자바 react vue 리엑트   모집인원   10명   고용형태   계약직   (근무기간 12개월)   급여   월급 670~670만원   근무시간   근무지주소   서울 강서구 양천로 551-17 (가양동, 한화비즈메트로1차) A동 203호 한화비즈메트로1차   인근지하철   주5일(월~금)   09:00 ~ 18:00	경력9년↑, 초대졸↑, 서울 강서구, 계약직, 670만원 이상(월)	{'basic_info': {'산업': '시스템 소프트웨어 개발 및 공급업', '사원수': '16명 | (2022.06.28)', '기업구분': '중소기업', '설립일': '2014.08.13 | (13년차)', '자본금': '2억원 | (2025.12.31)', '매출액': '35억 4천만원 | (2025.12.31)', '대표자': '김은상', '주요사업': '시스템\u3000소프트웨어\u3000개발\u3000및\u3000공급업', '4대보험': '국민연금, 건강보험, 고용보험, 산재보험', '홈페이지': 'http://www.gdthink.co.kr', '주소': '서울 강서구 양천로 551-17 (가양동, 한화비즈메트로1차) A동 203호 한화비즈메트로1차'}, 'financial': {'매출액': {'current_value': '35억 4천만원'}, '영업이익': {'current_value': '8,418만원'}, '당기순이익': {'current_value': '1,087만원'}, '산업 내 위치': {'current_value': None}, '기업등급': {'current_value': None}, '동종업계 순위': {'current_value': None}}, 'history': [{'year': '2020', 'month': '01', 'events': ['경영혁신형 중소기업(Main-Biz) 등록']}, {'year': '2019', 'month': '01', 'events': ['본사사옥매입이전(가양동)']}, {'year': '2018', 'month': '01', 'events': ['자본금 증자(2억)']}, {'year': '2017', 'month': '01', 'events': ['사무실 확장 이전(가산동 KCC웰츠밸리)']}, {'year': '2016', 'month': '01', 'events': ['자본금 증자(5천만원)']}, {'year': '2015', 'month': '01', 'events': ['Think-HR v1.0 솔루션 출시(인사관리솔루션)']}, {'year': '2014', 'month': '01', 'events': ['소프트포유 HR 및 SI사업부 인수', '굿씽크 법인 설립(마포구 상수동)']}], 'employment': {'recruitments': []}, 'benefits': {}, 'location': {'address': '서울 강서구 양천로 551-17 (가양동, 한화비즈메트로1차) A동 203호 한화비즈메트로1차', 'map_url': 'https://maps.naver.com/?mapMode=0&dlevel=12&pinTitle=%e3%88%9c%ea%b5%bf%ec%94%bd%ed%81%ac&lat=37.5591552508388&lng=126.860991993399'}}	https://www.jobkorea.co.kr/Recruit/GI_Read_Comt_Ifrm?Gno=49358286	2026.07.11(토)
환인제약	상시 인재pool 등록(PMS)	['.']	"




환인제약


상시 인재pool 등록(PMS)












포지션 및 자격요건







PMS 







경력구분ㆍ신입/경력담당업무ㆍCRO managementㆍ의료기관 등록 및 관리ㆍPMS 계획서/보고서 작성(CRO와 협업)ㆍPMS 연구비 관리자격요건ㆍ4년제 대학(이상) 졸업자, 약학, 간호학, 화학, 생물학 관련 전공ㆍ제약사 PMS 업무 1년 이상 경험자우대사항ㆍ시판 후 조사 업무 경력(Project management) 우대ㆍ생동시험 수행 경험자ㆍ원활한 의사소통능력 및 적극적인 태도 보유자 근무지ㆍ본사(서울)



















접수기간 및 방법
ㆍ접수기간 : 상시채용
ㆍ접수방법 : 당사 채용 홈페이지 온라인 입사지원













기타사항
ㆍ부문 미선택 지원을 하신 경우 지원 내용과 적합한 부문에 결원 발생 시 인사담당자가 추천 안내를 드립니다.






 ㆍ자세한 상세요강은 반드시 채용 홈페이지에서 직접 확인해 주시기 바랍니다.


"	[]	모집분야   .   모집인원   ○명   급여   회사 내규에 따름   근무지주소   서울 송파구 법원로6길 11 (문정동, 환인빌딩)    인근지하철	신입·경력, 대졸↑, 서울 송파구	"{'basic_info': {'산업': '완제 의약품 제조업', '사원수': '664명 | (2026.03.31)', '기업구분': '중견기업', '설립일': '1982.12.16 | (45년차)', '자본금': '97억원3만원 | (2025.12.31)', '매출액': '2,547억 1천만원 | (2025.12.31)', '대표자': '이광식/이원범', '대졸초임': '4,240만원', '주요사업': '의약품(신경정신질환치료제,소화기관용약제,연고) 제조,도매', '4대보험': '건강보험, 고용보험, 산재보험', '홈페이지': 'http://www.whanin.com', '주소': '서울 송파구 새말로 117 (문정동, 환인제약) 117', '계열사': '환인제약그룹 (주)비피도 앰브로비앤피(주) 애즈유(주)'}, 'financial': {'사업분석': {'current_value': None}, '매출액': {'current_value': '2,547억 1천만원'}, '영업이익': {'current_value': '147억 3백만원'}, '당기순이익': {'current_value': '138억 2천만원'}, '산업 내 위치': {'current_value': None}, '기업등급': {'current_value': None}, '동종업계 순위': {'current_value': None}}, 'history': [{'year': '2024', 'month': '09', 'events': ['(주)비피도 30% 지분취득']}, {'year': '2022', 'month': '04', 'events': ['(주)마니커 건물 및 토지 양수도 취득 완료']}, {'year': '2022', 'month': '03', 'events': ['한국얀센공장 양수도 취득 완료']}, {'year': '2022', 'month': '02', 'events': ['(주)마니커 건물 및 토지 양수도 계약 체결']}, {'year': '2020', 'month': '11', 'events': ['한국얀센공장 양수도 계약 체결']}, {'year': '2020', 'month': '03', 'events': ['애즈유(주) 설립  및 종속회사 편입', ""헝가리 Gedeon Richter사 조현병치료제 '카리프라진' 국내 도입독점계약 체결""]}, {'year': '2019', 'month': '08', 'events': ['GSK 한국법인과 신경과 의약품 4개(리큅외) 브랜드 전략적 제휴 체결']}, {'year': '2019', 'month': '01', 'events': ['앰브로비앤피(주) 자회사편입']}, {'year': '2018', 'month': '02', 'events': [""뇌전증 신약 '제비닉스' 국내 독점 라이선스 계약 체결""]}, {'year': '2017', 'month': '11', 'events': ['본점소재지 변동: 서울특별시 송파구 법원로 6길 11 (문정동, 환인빌딩)']}, {'year': '2017', 'month': '05', 'events': [""특허권 취득- '유당 불내성 환자에게 투여가 가능하며, 복용편의성이 향상된 게피티니브를 함유하는 약제학적 조성물'""]}, {'year': '2015', 'month': '12', 'events': ['본사 사옥 신축에 따른 신규 시설투자 결정']}, {'year': '2013', 'month': '07', 'events': [""'천궁 및 종대황의 혼합 생약 추출물을 함유하는 호흡기질환의 예방 또는 치료용 조성물' 특허권 취득""]}, {'year': '2012', 'month': '12', 'events': ['타법인 주식 및 출자증권 처분결정']}, {'year': '2012', 'month': '03', 'events': ['대표이사 변경: 이광식 -> 이광식, 이원범(각자대표)']}, {'year': '2008', 'month': '01', 'events': ['중앙연구소 이전 (안성 -> 수원 영통구)']}, {'year': '2007', 'month': '10', 'events': ['리페리돈 3mg 신제품 출시']}, {'year': '2007', 'month': '01', 'events': ['뉴렙톨정 800mg 신제품 출시']}, {'year': '2006', 'month': '10', 'events': ['토피라트 25mg 신제품 출시']}, {'year': '2006', 'month': '07', 'events': ['안성공장 Renovation 완료']}, {'year': '2006', 'month': '04', 'events': ['졸피람정 10mg 신제품 출시']}, {'year': '2006', 'month': '03', 'events': ['니펠에스알정 30mg, 카디아핀정 10mg 신제품 출시']}, {'year': '2006', 'month': '01', 'events': ['메타데이트 CD 10mg/30mg, 토피라트정 100mg 신제품 출시']}, {'year': '2005', 'month': '04', 'events': ['상황버섯 균사체 배양 시설 준공']}, {'year': '2003', 'month': '11', 'events': ['채무부 존재 확인 소송제기']}, {'year': '2003', 'month': '07', 'events': ['스페인Grupo Vita사의 리스페리돈을 독점적원료공급계약 품목허가및출시']}, {'year': '2002', 'month': '04', 'events': ['국내 최초 액상 파모스틴 주사액 발매']}, {'year': '2002', 'month': '03', 'events': ['KGMP 우수업소 선정(경인지방식약청)']}, {'year': '2001', 'month': '08', 'events': ['무차입경영기업 진입']}, {'year': '2000', 'month': '11', 'events': ['신노사문화 우수기업 선정(노동부)']}, {'year': '1997', 'month': '06', 'events': ['환인제약 중앙연구소 준공']}, {'year': '1996', 'month': '07', 'events': ['기업공개 및 상장(1주당 13,500원)']}, {'year': '1994', 'month': '10', 'events': ['환인제약 중앙연구소 설립(과학기술처)']}, {'year': '1994', 'month': '09', 'events': ['장외시장등록(증권업 협회)']}, {'year': '1991', 'month': '10', 'events': ['무역업 신고(의약품 수출입 허가)']}, {'year': '1991', 'month': '07', 'events': ['연구개발전담부서인 제제 연구실 설치']}, {'year': '1990', 'month': '05', 'events': ['유가증권 발행인 등록']}, {'year': '1989', 'month': '10', 'events': ['K.G.M.P 적격판정획득']}, {'year': '1988', 'month': '01', 'events': ['경기 안성군 K.G.M.P 공장 완공']}, {'year': '1987', 'month': '12', 'events': ['경기 안성군 K.G.M.P 공장 신축 준공']}, {'year': '1982', 'month': '12', 'events': ['법인 전환 및 상호 변경 : 환인제약(주)']}, {'year': '1978', 'month': '11', 'events': ['대표자 변경 : 이광식']}, {'year': '1957', 'month': '07', 'events': ['환인제약소 창업(제약허가취득)']}], 'employment': {'recruitments': []}, 'benefits': {}, 'location': {'address': '서울 송파구 새말로 117 (문정동, 환인제약) 117', 'map_url': 'https://maps.naver.com/?mapMode=0&dlevel=12&pinTitle=%ed%99%98%ec%9d%b8%ec%a0%9c%ec%95%bd&lat=37.4830852569732&lng=127.127183729704'}}"	https://www.jobkorea.co.kr/Recruit/GI_Read_Comt_Ifrm?Gno=49358111	상시채용
환인제약	상시 인재pool 등록(PV/Medical)	['.']	"




환인제약


상시 인재pool 등록(PV/Medical)












포지션 및 자격요건







PV/Medical 







경력구분ㆍ신입/경력담당업무ㆍ학술  - 영업사원 교육  - Marketing material review  - Medical Information 제공(의료전문가, 소비자, 사내 등)ㆍ약물감시  - 이상사례 검토 보고  - RMP 계획서/보고서 작성  - 해외 제휴선과 SDEA 체결/관리  - PV 사내 교육  - SOP 제개정 및 관리자격요건ㆍ4년제 대학(이상) 졸업자, 약학, 간호학, 화학, 생물학 관련 전공우대사항ㆍ약사면허 우대  근무지ㆍ본사(서울)



















접수기간 및 방법
ㆍ접수기간 : 상시채용
ㆍ접수방법 : 당사 채용 홈페이지 온라인 입사지원













기타사항
ㆍ부문 미선택 지원을 하신 경우 지원 내용과 적합한 부문에 결원 발생 시 인사담당자가 추천 안내를 드립니다.






 ㆍ자세한 상세요강은 반드시 채용 홈페이지에서 직접 확인해 주시기 바랍니다.


"	[]	모집분야   .   모집인원   ○명   급여   회사 내규에 따름   근무지주소   서울 송파구 법원로6길 11 (문정동, 환인빌딩)    인근지하철	신입·경력, 대졸↑, 서울 송파구	"{'basic_info': {'산업': '완제 의약품 제조업', '사원수': '664명 | (2026.03.31)', '기업구분': '중견기업', '설립일': '1982.12.16 | (45년차)', '자본금': '97억원3만원 | (2025.12.31)', '매출액': '2,547억 1천만원 | (2025.12.31)', '대표자': '이광식/이원범', '대졸초임': '4,240만원', '주요사업': '의약품(신경정신질환치료제,소화기관용약제,연고) 제조,도매', '4대보험': '건강보험, 고용보험, 산재보험', '홈페이지': 'http://www.whanin.com', '주소': '서울 송파구 새말로 117 (문정동, 환인제약) 117', '계열사': '환인제약그룹 (주)비피도 앰브로비앤피(주) 애즈유(주)'}, 'financial': {'사업분석': {'current_value': None}, '매출액': {'current_value': '2,547억 1천만원'}, '영업이익': {'current_value': '147억 3백만원'}, '당기순이익': {'current_value': '138억 2천만원'}, '산업 내 위치': {'current_value': None}, '기업등급': {'current_value': None}, '동종업계 순위': {'current_value': None}}, 'history': [{'year': '2024', 'month': '09', 'events': ['(주)비피도 30% 지분취득']}, {'year': '2022', 'month': '04', 'events': ['(주)마니커 건물 및 토지 양수도 취득 완료']}, {'year': '2022', 'month': '03', 'events': ['한국얀센공장 양수도 취득 완료']}, {'year': '2022', 'month': '02', 'events': ['(주)마니커 건물 및 토지 양수도 계약 체결']}, {'year': '2020', 'month': '11', 'events': ['한국얀센공장 양수도 계약 체결']}, {'year': '2020', 'month': '03', 'events': ['애즈유(주) 설립  및 종속회사 편입', ""헝가리 Gedeon Richter사 조현병치료제 '카리프라진' 국내 도입독점계약 체결""]}, {'year': '2019', 'month': '08', 'events': ['GSK 한국법인과 신경과 의약품 4개(리큅외) 브랜드 전략적 제휴 체결']}, {'year': '2019', 'month': '01', 'events': ['앰브로비앤피(주) 자회사편입']}, {'year': '2018', 'month': '02', 'events': [""뇌전증 신약 '제비닉스' 국내 독점 라이선스 계약 체결""]}, {'year': '2017', 'month': '11', 'events': ['본점소재지 변동: 서울특별시 송파구 법원로 6길 11 (문정동, 환인빌딩)']}, {'year': '2017', 'month': '05', 'events': [""특허권 취득- '유당 불내성 환자에게 투여가 가능하며, 복용편의성이 향상된 게피티니브를 함유하는 약제학적 조성물'""]}, {'year': '2015', 'month': '12', 'events': ['본사 사옥 신축에 따른 신규 시설투자 결정']}, {'year': '2013', 'month': '07', 'events': [""'천궁 및 종대황의 혼합 생약 추출물을 함유하는 호흡기질환의 예방 또는 치료용 조성물' 특허권 취득""]}, {'year': '2012', 'month': '12', 'events': ['타법인 주식 및 출자증권 처분결정']}, {'year': '2012', 'month': '03', 'events': ['대표이사 변경: 이광식 -> 이광식, 이원범(각자대표)']}, {'year': '2008', 'month': '01', 'events': ['중앙연구소 이전 (안성 -> 수원 영통구)']}, {'year': '2007', 'month': '10', 'events': ['리페리돈 3mg 신제품 출시']}, {'year': '2007', 'month': '01', 'events': ['뉴렙톨정 800mg 신제품 출시']}, {'year': '2006', 'month': '10', 'events': ['토피라트 25mg 신제품 출시']}, {'year': '2006', 'month': '07', 'events': ['안성공장 Renovation 완료']}, {'year': '2006', 'month': '04', 'events': ['졸피람정 10mg 신제품 출시']}, {'year': '2006', 'month': '03', 'events': ['니펠에스알정 30mg, 카디아핀정 10mg 신제품 출시']}, {'year': '2006', 'month': '01', 'events': ['메타데이트 CD 10mg/30mg, 토피라트정 100mg 신제품 출시']}, {'year': '2005', 'month': '04', 'events': ['상황버섯 균사체 배양 시설 준공']}, {'year': '2003', 'month': '11', 'events': ['채무부 존재 확인 소송제기']}, {'year': '2003', 'month': '07', 'events': ['스페인Grupo Vita사의 리스페리돈을 독점적원료공급계약 품목허가및출시']}, {'year': '2002', 'month': '04', 'events': ['국내 최초 액상 파모스틴 주사액 발매']}, {'year': '2002', 'month': '03', 'events': ['KGMP 우수업소 선정(경인지방식약청)']}, {'year': '2001', 'month': '08', 'events': ['무차입경영기업 진입']}, {'year': '2000', 'month': '11', 'events': ['신노사문화 우수기업 선정(노동부)']}, {'year': '1997', 'month': '06', 'events': ['환인제약 중앙연구소 준공']}, {'year': '1996', 'month': '07', 'events': ['기업공개 및 상장(1주당 13,500원)']}, {'year': '1994', 'month': '10', 'events': ['환인제약 중앙연구소 설립(과학기술처)']}, {'year': '1994', 'month': '09', 'events': ['장외시장등록(증권업 협회)']}, {'year': '1991', 'month': '10', 'events': ['무역업 신고(의약품 수출입 허가)']}, {'year': '1991', 'month': '07', 'events': ['연구개발전담부서인 제제 연구실 설치']}, {'year': '1990', 'month': '05', 'events': ['유가증권 발행인 등록']}, {'year': '1989', 'month': '10', 'events': ['K.G.M.P 적격판정획득']}, {'year': '1988', 'month': '01', 'events': ['경기 안성군 K.G.M.P 공장 완공']}, {'year': '1987', 'month': '12', 'events': ['경기 안성군 K.G.M.P 공장 신축 준공']}, {'year': '1982', 'month': '12', 'events': ['법인 전환 및 상호 변경 : 환인제약(주)']}, {'year': '1978', 'month': '11', 'events': ['대표자 변경 : 이광식']}, {'year': '1957', 'month': '07', 'events': ['환인제약소 창업(제약허가취득)']}], 'employment': {'recruitments': []}, 'benefits': {}, 'location': {'address': '서울 송파구 새말로 117 (문정동, 환인제약) 117', 'map_url': 'https://maps.naver.com/?mapMode=0&dlevel=12&pinTitle=%ed%99%98%ec%9d%b8%ec%a0%9c%ec%95%bd&lat=37.4830852569732&lng=127.127183729704'}}"	https://www.jobkorea.co.kr/Recruit/GI_Read_Comt_Ifrm?Gno=49358098	상시채용
